additive_id,product_id,additive_code,additive_name,risk_level,additive_safety_score
1,IN_8901719134845,E330,Citric Acid,Low,100
2,IN_8901719134845,E472,E472,Low / Unclassified,100
3,IN_8901719134845,E500,E500,Low / Unclassified,100
4,IN_8901719134845,E500,E500,Low / Unclassified,100
5,IN_8901719134845,E503,E503,Low / Unclassified,100
6,IN_8901063139329,E110,Sunset Yellow,High,25
7,IN_8901063139329,E122,Azorubine,High,25
8,IN_8901063139329,E322,Lecithin,Low,100
9,IN_8901063139329,E503,E503,Low / Unclassified,100
10,IN_8906010500764,E160,E160,Low / Unclassified,100
11,IN_8906010500764,E330,Citric Acid,Low,100
12,IN_8906010500764,E551,E551,Low / Unclassified,100
13,IN_8906010500764,E627,E627,Low / Unclassified,100
14,IN_8906010500764,E631,E631,Low / Unclassified,100
15,IN_8901063093522,E322,Lecithin,Low,100
16,IN_8901063093522,E471,E471,Low / Unclassified,100
17,IN_8901063162914,E150,E150,Low / Unclassified,100
18,IN_8901063162914,E472,E472,Low / Unclassified,100
19,IN_8901063162914,E500,E500,Low / Unclassified,100
20,IN_8901063162914,E503,E503,Low / Unclassified,100
21,IN_8901063092853,E322,Lecithin,Low,100
22,IN_8901063092853,E471,E471,Low / Unclassified,100
23,IN_8901063092853,E472,E472,Low / Unclassified,100
24,IN_8901063092853,E500,E500,Low / Unclassified,100
25,IN_8901063092853,E503,E503,Low / Unclassified,100
26,IN_8901719129988,E150,E150,Low / Unclassified,100
27,IN_8901719129988,E150,E150,Low / Unclassified,100
28,IN_8901719129988,E322,Lecithin,Low,100
29,IN_8901719129988,E322,Lecithin,Low,100
30,IN_8901719129988,E500,E500,Low / Unclassified,100
31,IN_8901719129988,E503,E503,Low / Unclassified,100
32,IN_8901063029255,E122,Azorubine,High,25
33,IN_8901063029255,E322,Lecithin,Low,100
34,IN_8901063029255,E331,E331,Low / Unclassified,100
35,IN_8901063029255,E440,E440,Low / Unclassified,100
36,IN_8901063029255,E471,E471,Low / Unclassified,100
37,IN_8901063029255,E500,E500,Low / Unclassified,100
38,IN_8901063029255,E503,E503,Low / Unclassified,100
39,IN_8901719135248,E1100,E1100,Low / Unclassified,100
40,IN_8901719135248,E1101,E1101,Low / Unclassified,100
41,IN_8901719135248,E223,E223,Low / Unclassified,100
42,IN_8901719135248,E270,E270,Low / Unclassified,100
43,IN_8901719135248,E296,E296,Low / Unclassified,100
44,IN_8901719135248,E341,E341,Low / Unclassified,100
45,IN_8901719135248,E503,E503,Low / Unclassified,100
46,IN_8996001312506,E102,Tartrazine,High,25
47,IN_8996001312506,E110,Sunset Yellow,High,25
48,IN_8996001312506,E322,Lecithin,Low,100
49,IN_8996001312506,E322,Lecithin,Low,100
50,IN_8996001312506,E500,E500,Low / Unclassified,100
51,IN_8996001312506,E500,E500,Low / Unclassified,100
52,IN_8996001312506,E503,E503,Low / Unclassified,100
53,IN_8996001312506,E503,E503,Low / Unclassified,100
54,IN_8901058005233,E322,Lecithin,Low,100
55,IN_8901058005233,E322,Lecithin,Low,100
56,IN_8901058005233,E516,E516,Low / Unclassified,100
57,IN_8901063023901,E150,E150,Low / Unclassified,100
58,IN_8901063023901,E223,E223,Low / Unclassified,100
59,IN_8901063023901,E472,E472,Low / Unclassified,100
60,IN_8901063023901,E500,E500,Low / Unclassified,100
61,IN_8901063023901,E503,E503,Low / Unclassified,100
62,IN_8906032018513,E223,E223,Low / Unclassified,100
63,IN_8906032018513,E319,E319,Low / Unclassified,100
64,IN_8906032018513,E322,Lecithin,Low,100
65,IN_8906032018513,E341,E341,Low / Unclassified,100
66,IN_8906032018513,E500,E500,Low / Unclassified,100
67,IN_8906032018513,E500,E500,Low / Unclassified,100
68,IN_8906032018513,E503,E503,Low / Unclassified,100
69,IN_8906032018513,E503,E503,Low / Unclassified,100
70,IN_8901719135217,E1100,E1100,Low / Unclassified,100
71,IN_8901719135217,E1101,E1101,Low / Unclassified,100
72,IN_8901719135217,E223,E223,Low / Unclassified,100
73,IN_8901719135217,E270,E270,Low / Unclassified,100
74,IN_8901719135217,E296,E296,Low / Unclassified,100
75,IN_8901719135217,E341,E341,Low / Unclassified,100
76,IN_8901719135217,E500,E500,Low / Unclassified,100
77,IN_8901719135217,E503,E503,Low / Unclassified,100
78,IN_8901063093287,E322,Lecithin,Low,100
79,IN_8901063093287,E471,E471,Low / Unclassified,100
80,IN_8901063093287,E472,E472,Low / Unclassified,100
81,IN_8901063093287,E500,E500,Low / Unclassified,100
82,IN_8901063093287,E503,E503,Low / Unclassified,100
83,IN_8901063014411,E223,E223,Low / Unclassified,100
84,IN_8901063014411,E322,Lecithin,Low,100
85,IN_8901063014411,E500,E500,Low / Unclassified,100
86,IN_8901063014411,E503,E503,Low / Unclassified,100
87,IN_8901725015275,E150,E150,Low / Unclassified,100
88,IN_8901725015275,E150,E150,Low / Unclassified,100
89,IN_8901725015275,E322,Lecithin,Low,100
90,IN_8901725015275,E322,Lecithin,Low,100
91,IN_8901725015275,E450,E450,Low / Unclassified,100
92,IN_8901725015275,E450,E450,Low / Unclassified,100
93,IN_8901725015275,E471,E471,Low / Unclassified,100
94,IN_8901725015275,E500,E500,Low / Unclassified,100
95,IN_8901725015275,E500,E500,Low / Unclassified,100
96,IN_8901725015275,E503,E503,Low / Unclassified,100
97,IN_8901725015275,E503,E503,Low / Unclassified,100
98,IN_8901123001214,E202,E202,Low / Unclassified,100
99,IN_8901123001214,E281,E281,Low / Unclassified,100
100,IN_8901123001214,E341,E341,Low / Unclassified,100
101,IN_8901123001214,E401,E401,Low / Unclassified,100
102,IN_8901123001214,E406,E406,Low / Unclassified,100
103,IN_8901123001214,E407,E407,Low / Unclassified,100
104,IN_8901123001214,E415,Xanthan Gum,Low,100
105,IN_8901123001214,E420,E420,Low / Unclassified,100
106,IN_8901123001214,E422,E422,Low / Unclassified,100
107,IN_8901123001214,E440,E440,Low / Unclassified,100
108,IN_8901123001214,E461,E461,Low / Unclassified,100
109,IN_8901123001214,E500,E500,Low / Unclassified,100
110,IN_8901123001214,E503,E503,Low / Unclassified,100
111,IN_8901063139213,E110,Sunset Yellow,High,25
112,IN_8901063139213,E122,Azorubine,High,25
113,IN_8901063139213,E150,E150,Low / Unclassified,100
114,IN_8901063139213,E150,E150,Low / Unclassified,100
115,IN_8901063014299,E223,E223,Low / Unclassified,100
116,IN_8901063014299,E322,Lecithin,Low,100
117,IN_8901063014299,E500,E500,Low / Unclassified,100
118,IN_8901063014299,E503,E503,Low / Unclassified,100
119,IN_8901063016873,E223,E223,Low / Unclassified,100
120,IN_8901063016873,E330,Citric Acid,Low,100
121,IN_8901063016873,E341,E341,Low / Unclassified,100
122,IN_8901063016873,E472,E472,Low / Unclassified,100
123,IN_8901063016873,E500,E500,Low / Unclassified,100
124,IN_8901063016873,E503,E503,Low / Unclassified,100
125,IN_8901063142664,E223,E223,Low / Unclassified,100
126,IN_8901063142664,E322,Lecithin,Low,100
127,IN_8901063142664,E471,E471,Low / Unclassified,100
128,IN_8901063142664,E500,E500,Low / Unclassified,100
129,IN_8901063142664,E503,E503,Low / Unclassified,100
130,IN_8901491100533,E330,Citric Acid,Low,100
131,IN_8901725016296,E129,Allura Red AC,High,25
132,IN_8901725016296,E150,E150,Low / Unclassified,100
133,IN_8901725016296,E150,E150,Low / Unclassified,100
134,IN_8901725016296,E150,E150,Low / Unclassified,100
135,IN_8901725016296,E322,Lecithin,Low,100
136,IN_8901725016296,E322,Lecithin,Low,100
137,IN_8901725016296,E435,E435,Low / Unclassified,100
138,IN_8901725016296,E450,E450,Low / Unclassified,100
139,IN_8901725016296,E471,E471,Low / Unclassified,100
140,IN_8901725016296,E500,E500,Low / Unclassified,100
141,IN_8901725016296,E503,E503,Low / Unclassified,100
142,IN_8901719130144,E322,Lecithin,Low,100
143,IN_8901719130144,E322,Lecithin,Low,100
144,IN_8901719130144,E472,E472,Low / Unclassified,100
145,IN_8901719130144,E500,E500,Low / Unclassified,100
146,IN_8901719130144,E508,E508,Low / Unclassified,100
147,IN_8901719100369,E322,Lecithin,Low,100
148,IN_8901719100369,E322,Lecithin,Low,100
149,IN_8901719100369,E472,E472,Low / Unclassified,100
150,IN_8901719100369,E500,E500,Low / Unclassified,100
151,IN_8901719100369,E503,E503,Low / Unclassified,100
152,IN_8906010503550,E330,Citric Acid,Low,100
153,IN_8906010503550,E551,E551,Low / Unclassified,100
154,IN_8906010503550,E627,E627,Low / Unclassified,100
155,IN_8906010503550,E631,E631,Low / Unclassified,100
156,IN_8901058005080,E322,Lecithin,Low,100
157,IN_8901058005080,E322,Lecithin,Low,100
158,IN_8901058005080,E500,E500,Low / Unclassified,100
159,IN_8901058005080,E516,E516,Low / Unclassified,100
160,IN_19017198,E223,E223,Low / Unclassified,100
161,IN_8901063092822,E322,Lecithin,Low,100
162,IN_8901063092822,E500,E500,Low / Unclassified,100
163,IN_8901063092822,E503,E503,Low / Unclassified,100
164,IN_8901058022179,E476,E476,Low / Unclassified,100
165,IN_8901058022179,E500,E500,Low / Unclassified,100
166,IN_8901058022179,E516,E516,Low / Unclassified,100
167,IN_8901063142015,E223,E223,Low / Unclassified,100
168,IN_8901063142015,E322,Lecithin,Low,100
169,IN_8901063142015,E471,E471,Low / Unclassified,100
170,IN_8901063142015,E472,E472,Low / Unclassified,100
171,IN_8901063142015,E500,E500,Low / Unclassified,100
172,IN_8901063142015,E503,E503,Low / Unclassified,100
173,IN_8901725012953,E570,E570,Low / Unclassified,100
174,IN_8901063017627,E1101,E1101,Low / Unclassified,100
175,IN_8901063017627,E223,E223,Low / Unclassified,100
176,IN_8901063017627,E341,E341,Low / Unclassified,100
177,IN_8901063017627,E450,E450,Low / Unclassified,100
178,IN_8901063017627,E500,E500,Low / Unclassified,100
179,IN_8901063017627,E503,E503,Low / Unclassified,100
180,IN_8906009803777,E150,E150,Low / Unclassified,100
181,IN_8906009803777,E322,Lecithin,Low,100
182,IN_8906010500269,E160,E160,Low / Unclassified,100
183,IN_8906010500269,E170,E170,Low / Unclassified,100
184,IN_8906010500269,E330,Citric Acid,Low,100
185,IN_8906010500269,E340,E340,Low / Unclassified,100
186,IN_8906010500269,E414,E414,Low / Unclassified,100
187,IN_8906010500269,E471,E471,Low / Unclassified,100
188,IN_8906010500269,E551,E551,Low / Unclassified,100
189,IN_8906010500269,E627,E627,Low / Unclassified,100
190,IN_8906010500269,E631,E631,Low / Unclassified,100
191,IN_8906009070834,E322,Lecithin,Low,100
192,IN_8906009070834,E435,E435,Low / Unclassified,100
193,IN_8906009070834,E471,E471,Low / Unclassified,100
194,IN_8906009070834,E472,E472,Low / Unclassified,100
195,IN_8906009070834,E500,E500,Low / Unclassified,100
196,IN_8906009070834,E500,E500,Low / Unclassified,100
197,IN_8906009070834,E503,E503,Low / Unclassified,100
198,IN_8906009070834,E503,E503,Low / Unclassified,100
199,IN_8909081001123,E100,E100,Low / Unclassified,100
200,IN_8909081001123,E122,Azorubine,High,25
201,IN_8909081001123,E150,E150,Low / Unclassified,100
202,IN_8909081001123,E150,E150,Low / Unclassified,100
203,IN_8909081001123,E223,E223,Low / Unclassified,100
204,IN_8909081001123,E322,Lecithin,Low,100
205,IN_8909081001123,E322,Lecithin,Low,100
206,IN_8909081001123,E450,E450,Low / Unclassified,100
207,IN_8909081001123,E450,E450,Low / Unclassified,100
208,IN_8909081001123,E491,E491,Low / Unclassified,100
209,IN_8909081001123,E500,E500,Low / Unclassified,100
210,IN_8909081001123,E500,E500,Low / Unclassified,100
211,IN_8906032018810,E223,E223,Low / Unclassified,100
212,IN_8906032018810,E319,E319,Low / Unclassified,100
213,IN_8906032018810,E322,Lecithin,Low,100
214,IN_8906032018810,E322,Lecithin,Low,100
215,IN_8906032018810,E341,E341,Low / Unclassified,100
216,IN_8906032018810,E500,E500,Low / Unclassified,100
217,IN_8906032018810,E503,E503,Low / Unclassified,100
218,IN_8906032018810,E503,E503,Low / Unclassified,100
219,IN_8901725015886,E150,E150,Low / Unclassified,100
220,IN_8901725015886,E150,E150,Low / Unclassified,100
221,IN_8901725015886,E322,Lecithin,Low,100
222,IN_8901725015886,E322,Lecithin,Low,100
223,IN_8901725015886,E450,E450,Low / Unclassified,100
224,IN_8901725015886,E471,E471,Low / Unclassified,100
225,IN_8901725015886,E500,E500,Low / Unclassified,100
226,IN_8901725015886,E503,E503,Low / Unclassified,100
227,IN_8901719135156,E1100,E1100,Low / Unclassified,100
228,IN_8901719135156,E1101,E1101,Low / Unclassified,100
229,IN_8901719135156,E223,E223,Low / Unclassified,100
230,IN_8901719135156,E270,E270,Low / Unclassified,100
231,IN_8901719135156,E296,E296,Low / Unclassified,100
232,IN_8901063162648,E1101,E1101,Low / Unclassified,100
233,IN_8901063162648,E150,E150,Low / Unclassified,100
234,IN_8901063162648,E223,E223,Low / Unclassified,100
235,IN_8901063162648,E472,E472,Low / Unclassified,100
236,IN_8901063162648,E500,E500,Low / Unclassified,100
237,IN_8906009079165,E322,Lecithin,Low,100
238,IN_8906009079165,E476,E476,Low / Unclassified,100
239,IN_8906009079165,E500,E500,Low / Unclassified,100
240,IN_8906009079165,E500,E500,Low / Unclassified,100
241,IN_8906009079165,E503,E503,Low / Unclassified,100
242,IN_8906009079165,E503,E503,Low / Unclassified,100
243,IN_8901725015015,E102,Tartrazine,High,25
244,IN_8901725015015,E202,E202,Low / Unclassified,100
245,IN_8901725015015,E223,E223,Low / Unclassified,100
246,IN_8901725015015,E322,Lecithin,Low,100
247,IN_8901725015015,E322,Lecithin,Low,100
248,IN_8901725015015,E330,Citric Acid,Low,100
249,IN_8901725015015,E407,E407,Low / Unclassified,100
250,IN_8901725015015,E415,Xanthan Gum,Low,100
251,IN_8901725015015,E422,E422,Low / Unclassified,100
252,IN_8901725015015,E450,E450,Low / Unclassified,100
253,IN_8901725015015,E450,E450,Low / Unclassified,100
254,IN_8901725015015,E471,E471,Low / Unclassified,100
255,IN_8901725015015,E475,E475,Low / Unclassified,100
256,IN_8901725015015,E477,E477,Low / Unclassified,100
257,IN_8901725015015,E500,E500,Low / Unclassified,100
258,IN_8901725015015,E500,E500,Low / Unclassified,100
259,IN_8901725015015,E503,E503,Low / Unclassified,100
260,IN_8901719135767,E1101,E1101,Low / Unclassified,100
261,IN_8901719135767,E330,Citric Acid,Low,100
262,IN_8901719135767,E472,E472,Low / Unclassified,100
263,IN_8901719135767,E500,E500,Low / Unclassified,100
264,IN_8901719135767,E503,E503,Low / Unclassified,100
265,IN_8909081005053,E150,E150,Low / Unclassified,100
266,IN_8909081005053,E150,E150,Low / Unclassified,100
267,IN_8909081005053,E322,Lecithin,Low,100
268,IN_8909081005053,E322,Lecithin,Low,100
269,IN_8909081005053,E450,E450,Low / Unclassified,100
270,IN_8909081005053,E471,E471,Low / Unclassified,100
271,IN_8909081005053,E500,E500,Low / Unclassified,100
272,IN_8909081005053,E503,E503,Low / Unclassified,100
273,IN_8901063139336,E102,Tartrazine,High,25
274,IN_8901063139336,E110,Sunset Yellow,High,25
275,IN_8901063139336,E122,Azorubine,High,25
276,IN_8901063139336,E150,E150,Low / Unclassified,100
277,IN_8901063139336,E150,E150,Low / Unclassified,100
278,IN_8901063139336,E322,Lecithin,Low,100
279,IN_8901063139336,E500,E500,Low / Unclassified,100
280,IN_8901063139336,E503,E503,Low / Unclassified,100
281,IN_8901063142466,E472,E472,Low / Unclassified,100
282,IN_8901063142466,E500,E500,Low / Unclassified,100
283,IN_8901063142466,E503,E503,Low / Unclassified,100
284,IN_8908008674808,E322,Lecithin,Low,100
285,IN_8908008674808,E330,Citric Acid,Low,100
286,IN_8908008674808,E500,E500,Low / Unclassified,100
287,IN_8908008674808,E500,E500,Low / Unclassified,100
288,IN_8901063004139,E150,E150,Low / Unclassified,100
289,IN_8901063004139,E322,Lecithin,Low,100
290,IN_8901063004139,E500,E500,Low / Unclassified,100
291,IN_8901063004139,E503,E503,Low / Unclassified,100
292,IN_8901719134937,E500,E500,Low / Unclassified,100
293,IN_8901719134937,E503,E503,Low / Unclassified,100
294,IN_8901725016234,E322,Lecithin,Low,100
295,IN_8901725016234,E322,Lecithin,Low,100
296,IN_8901725016234,E471,E471,Low / Unclassified,100
297,IN_8901725016234,E503,E503,Low / Unclassified,100
298,IN_8906010500214,E414,E414,Low / Unclassified,100
299,IN_8901499008169,E150,E150,Low / Unclassified,100
300,IN_8901499008169,E150,E150,Low / Unclassified,100
301,IN_8901499008169,E307,E307,Low / Unclassified,100
302,IN_8901499010513,E307,E307,Low / Unclassified,100
303,IN_8901499010513,E320,BHA,High,25
304,IN_8904335604150,E322,Lecithin,Low,100
305,IN_8904335604150,E322,Lecithin,Low,100
306,IN_8904335604150,E392,E392,Low / Unclassified,100
307,IN_8901499023339,E140,E140,Low / Unclassified,100
308,IN_8901499023339,E150,E150,Low / Unclassified,100
309,IN_8901499023339,E307,E307,Low / Unclassified,100
310,IN_8906113490887,E162,E162,Low / Unclassified,100
311,IN_8906113490887,E170,E170,Low / Unclassified,100
312,IN_8906113490887,E170,E170,Low / Unclassified,100
313,IN_8906113490887,E320,BHA,High,25
314,IN_8906113490887,E322,Lecithin,Low,100
315,IN_8906113490887,E330,Citric Acid,Low,100
316,IN_8908005144618,E392,E392,Low / Unclassified,100
317,IN_8901499010483,E307,E307,Low / Unclassified,100
318,IN_8901499010483,E320,BHA,High,25
319,IN_8904335601869,E322,Lecithin,Low,100
320,IN_8904335601869,E322,Lecithin,Low,100
321,IN_8901499010742,E150,E150,Low / Unclassified,100
322,IN_8901499010742,E320,BHA,High,25
323,IN_8901499010742,E476,E476,Low / Unclassified,100
324,IN_8901499008244,E150,E150,Low / Unclassified,100
325,IN_8901499008244,E320,BHA,High,25
326,IN_8901491363020,E150,E150,Low / Unclassified,100
327,IN_8901491363020,E330,Citric Acid,Low,100
328,IN_8901491363020,E627,E627,Low / Unclassified,100
329,IN_8901491363020,E631,E631,Low / Unclassified,100
330,IN_8901499008183,E320,BHA,High,25
331,IN_8901499009623,E322,Lecithin,Low,100
332,IN_8901499009623,E322,Lecithin,Low,100
333,IN_8908002984958,E162,E162,Low / Unclassified,100
334,IN_8908002984958,E170,E170,Low / Unclassified,100
335,IN_8908002984958,E170,E170,Low / Unclassified,100
336,IN_8908002984958,E307,E307,Low / Unclassified,100
337,IN_8908002984958,E322,Lecithin,Low,100
338,IN_8903363007643,E150,E150,Low / Unclassified,100
339,IN_8903363007643,E306,E306,Low / Unclassified,100
340,IN_8903363007643,E322,Lecithin,Low,100
341,IN_8903363007643,E322,Lecithin,Low,100
342,IN_8901499011398,E150,E150,Low / Unclassified,100
343,IN_8901499011398,E307,E307,Low / Unclassified,100
344,IN_8906112662803,E392,E392,Low / Unclassified,100
345,IN_8904335600343,E322,Lecithin,Low,100
346,IN_8904335600343,E322,Lecithin,Low,100
347,IN_8904335600343,E392,E392,Low / Unclassified,100
348,IN_8901499008190,E320,BHA,High,25
349,IN_8901499010476,E307,E307,Low / Unclassified,100
350,IN_8901088772433,E296,E296,Low / Unclassified,100
351,IN_8901088772433,E627,E627,Low / Unclassified,100
352,IN_8901088772433,E631,E631,Low / Unclassified,100
353,IN_8901499010216,E307,E307,Low / Unclassified,100
354,IN_8904335600756,E392,E392,Low / Unclassified,100
355,IN_8901499010773,E150,E150,Low / Unclassified,100
356,IN_8901499010773,E320,BHA,High,25
357,IN_8903363007636,E150,E150,Low / Unclassified,100
358,IN_8903363007636,E306,E306,Low / Unclassified,100
359,IN_8903363007636,E307,E307,Low / Unclassified,100
360,IN_8903363007636,E322,Lecithin,Low,100
361,IN_8903363007636,E322,Lecithin,Low,100
362,IN_8901499008893,E307,E307,Low / Unclassified,100
363,IN_8906127551086,E392,E392,Low / Unclassified,100
364,IN_8906113490894,E170,E170,Low / Unclassified,100
365,IN_8906113490894,E170,E170,Low / Unclassified,100
366,IN_8906113490894,E320,BHA,High,25
367,IN_8906113490894,E322,Lecithin,Low,100
368,IN_8906113490894,E322,Lecithin,Low,100
369,IN_8908002984965,E170,E170,Low / Unclassified,100
370,IN_8908002984965,E170,E170,Low / Unclassified,100
371,IN_8908002984965,E307,E307,Low / Unclassified,100
372,IN_8908002984965,E320,BHA,High,25
373,IN_8908002984965,E330,Citric Acid,Low,100
374,IN_8906113490801,E320,BHA,High,25
375,IN_8906113490801,E414,E414,Low / Unclassified,100
376,IN_8906113490801,E551,E551,Low / Unclassified,100
377,IN_8906113490801,E627,E627,Low / Unclassified,100
378,IN_8906113490801,E631,E631,Low / Unclassified,100
379,IN_8906127551437,E392,E392,Low / Unclassified,100
380,IN_8901499008176,E320,BHA,High,25
381,IN_8901499009289,E150,E150,Low / Unclassified,100
382,IN_8901499009289,E320,BHA,High,25
383,IN_8901499009715,E320,BHA,High,25
384,IN_8901499009715,E500,E500,Low / Unclassified,100
385,IN_8901499009715,E500,E500,Low / Unclassified,100
386,IN_8906014903592,E307,E307,Low / Unclassified,100
387,IN_8906014903592,E322,Lecithin,Low,100
388,IN_8906014903592,E330,Citric Acid,Low,100
389,IN_8901499010506,E307,E307,Low / Unclassified,100
390,IN_8901499010506,E320,BHA,High,25
391,IN_8901262070546,E322,Lecithin,Low,100
392,IN_8901262070546,E492,E492,Low / Unclassified,100
393,IN_7622202325960,E442,E442,Low / Unclassified,100
394,IN_7622202325960,E476,E476,Low / Unclassified,100
395,IN_7622202318078,E442,E442,Low / Unclassified,100
396,IN_7622202318078,E471,E471,Low / Unclassified,100
397,IN_7622202318078,E476,E476,Low / Unclassified,100
398,IN_8901262070676,E322,Lecithin,Low,100
399,IN_8901262070676,E476,E476,Low / Unclassified,100
400,IN_7622202324260,E442,E442,Low / Unclassified,100
401,IN_7622202324260,E476,E476,Low / Unclassified,100
402,IN_8901058861921,E322,Lecithin,Low,100
403,IN_8901058861921,E322,Lecithin,Low,100
404,IN_8901123005403,E202,E202,Low / Unclassified,100
405,IN_8901123005403,E281,E281,Low / Unclassified,100
406,IN_8901123005403,E322,Lecithin,Low,100
407,IN_8901123005403,E401,E401,Low / Unclassified,100
408,IN_8901123005403,E406,E406,Low / Unclassified,100
409,IN_8901123005403,E407,E407,Low / Unclassified,100
410,IN_8901123005403,E415,Xanthan Gum,Low,100
411,IN_8901123005403,E420,E420,Low / Unclassified,100
412,IN_8901123005403,E422,E422,Low / Unclassified,100
413,IN_8901123005403,E440,E440,Low / Unclassified,100
414,IN_8901123005403,E461,E461,Low / Unclassified,100
415,IN_8901123005403,E476,E476,Low / Unclassified,100
416,IN_8901123005403,E503,E503,Low / Unclassified,100
417,IN_8901058903966,E322,Lecithin,Low,100
418,IN_8901058903966,E322,Lecithin,Low,100
419,IN_8901058903966,E330,Citric Acid,Low,100
420,IN_8901058903966,E501,E501,Low / Unclassified,100
421,IN_8901262070454,E322,Lecithin,Low,100
422,IN_8901262070454,E476,E476,Low / Unclassified,100
423,IN_8901262071048,E322,Lecithin,Low,100
424,IN_8901262071048,E476,E476,Low / Unclassified,100
425,IN_8901262071048,E965,E965,Low / Unclassified,100
426,IN_89008492,E162,E162,Low / Unclassified,100
427,IN_89008492,E322,Lecithin,Low,100
428,IN_89008492,E322,Lecithin,Low,100
429,IN_89008492,E330,Citric Acid,Low,100
430,IN_89008492,E501,E501,Low / Unclassified,100
431,IN_7622202346385,E442,E442,Low / Unclassified,100
432,IN_7622202346385,E476,E476,Low / Unclassified,100
433,IN_8901262070539,E322,Lecithin,Low,100
434,IN_8901262070539,E476,E476,Low / Unclassified,100
435,IN_7622202030819,E442,E442,Low / Unclassified,100
436,IN_7622202030819,E476,E476,Low / Unclassified,100
437,IN_7622202290428,E442,E442,Low / Unclassified,100
438,IN_7622202290428,E476,E476,Low / Unclassified,100
439,IN_7622202237942,E442,E442,Low / Unclassified,100
440,IN_7622202237942,E476,E476,Low / Unclassified,100
441,IN_8000500126936,E322,Lecithin,Low,100
442,IN_8000500126936,E322,Lecithin,Low,100
443,IN_8000500126936,E500,E500,Low / Unclassified,100
444,IN_8000500126936,E500,E500,Low / Unclassified,100
445,IN_8901262071703,E322,Lecithin,Low,100
446,IN_8901262071703,E476,E476,Low / Unclassified,100
447,IN_7622202031618,E1400,E1400,Low / Unclassified,100
448,IN_7622202031618,E414,E414,Low / Unclassified,100
449,IN_7622202031618,E442,E442,Low / Unclassified,100
450,IN_7622202031618,E476,E476,Low / Unclassified,100
451,IN_7622202031618,E904,E904,Low / Unclassified,100
452,IN_8906002484003,E322,Lecithin,Low,100
453,IN_8902433003134,E322,Lecithin,Low,100
454,IN_8901058009439,E476,E476,Low / Unclassified,100
455,IN_8901058009439,E516,E516,Low / Unclassified,100
456,IN_7622202329494,E442,E442,Low / Unclassified,100
457,IN_7622202329494,E476,E476,Low / Unclassified,100
458,IN_7622202326202,E442,E442,Low / Unclassified,100
459,IN_7622202326202,E476,E476,Low / Unclassified,100
460,IN_8901262071130,E322,Lecithin,Low,100
461,IN_8901262071130,E476,E476,Low / Unclassified,100
462,IN_8901262070324,E322,Lecithin,Low,100
463,IN_8901262070324,E476,E476,Low / Unclassified,100
464,IN_8901262070324,E965,E965,Low / Unclassified,100
465,IN_7622202324758,E442,E442,Low / Unclassified,100
466,IN_7622202324758,E450,E450,Low / Unclassified,100
467,IN_7622202324758,E476,E476,Low / Unclassified,100
468,IN_7622202324758,E500,E500,Low / Unclassified,100
469,IN_7622201710606,E442,E442,Low / Unclassified,100
470,IN_7622201710606,E471,E471,Low / Unclassified,100
471,IN_7622201710606,E476,E476,Low / Unclassified,100
472,IN_7622201710606,E544,E544,Low / Unclassified,100
473,IN_8901058005905,E322,Lecithin,Low,100
474,IN_8901058005905,E322,Lecithin,Low,100
475,IN_8901058005905,E500,E500,Low / Unclassified,100
476,IN_8901058005905,E516,E516,Low / Unclassified,100
477,IN_8901262071086,E1101,E1101,Low / Unclassified,100
478,IN_8901262071086,E322,Lecithin,Low,100
479,IN_8901262071086,E476,E476,Low / Unclassified,100
480,IN_8901262071086,E500,E500,Low / Unclassified,100
481,IN_7622202294426,E442,E442,Low / Unclassified,100
482,IN_7622202294426,E476,E476,Low / Unclassified,100
483,IN_7622202320330,E322,Lecithin,Low,100
484,IN_7622202320330,E422,E422,Low / Unclassified,100
485,IN_7622202320330,E471,E471,Low / Unclassified,100
486,IN_7622202320330,E476,E476,Low / Unclassified,100
487,IN_7622202818301,E442,E442,Low / Unclassified,100
488,IN_7622202818301,E476,E476,Low / Unclassified,100
489,IN_8902433005732,E322,Lecithin,Low,100
490,IN_8902433003677,E322,Lecithin,Low,100
491,IN_8902433003677,E422,E422,Low / Unclassified,100
492,IN_8902433003677,E476,E476,Low / Unclassified,100
493,IN_7622201415662,E442,E442,Low / Unclassified,100
494,IN_7622201415662,E476,E476,Low / Unclassified,100
495,IN_8901262072267,E322,Lecithin,Low,100
496,IN_8901262072267,E476,E476,Low / Unclassified,100
497,IN_8906088701223,E322,Lecithin,Low,100
498,IN_8906088701223,E476,E476,Low / Unclassified,100
499,IN_8901058000290,E150,E150,Low / Unclassified,100
500,IN_8901058000290,E330,Citric Acid,Low,100
501,IN_8901058000290,E412,Guar Gum,Low,100
502,IN_8901058000290,E451,E451,Low / Unclassified,100
503,IN_8901058000290,E500,E500,Low / Unclassified,100
504,IN_8901058000290,E501,E501,Low / Unclassified,100
505,IN_8901058000290,E508,E508,Low / Unclassified,100
506,IN_8901058000290,E635,E635,Low / Unclassified,100
507,IN_8901058000306,E150,E150,Low / Unclassified,100
508,IN_8901058000306,E330,Citric Acid,Low,100
509,IN_8901058000306,E412,Guar Gum,Low,100
510,IN_8901058000306,E451,E451,Low / Unclassified,100
511,IN_8901058000306,E500,E500,Low / Unclassified,100
512,IN_8901058000306,E501,E501,Low / Unclassified,100
513,IN_8901058000306,E508,E508,Low / Unclassified,100
514,IN_8901058000306,E635,E635,Low / Unclassified,100
515,IN_8901058023787,E150,E150,Low / Unclassified,100
516,IN_8901058023787,E330,Citric Acid,Low,100
517,IN_8901058023787,E412,Guar Gum,Low,100
518,IN_8901058023787,E451,E451,Low / Unclassified,100
519,IN_8901058023787,E500,E500,Low / Unclassified,100
520,IN_8901058023787,E501,E501,Low / Unclassified,100
521,IN_8901058023787,E508,E508,Low / Unclassified,100
522,IN_8901058023800,E150,E150,Low / Unclassified,100
523,IN_8901058023800,E330,Citric Acid,Low,100
524,IN_8901058023800,E451,E451,Low / Unclassified,100
525,IN_8901058023800,E500,E500,Low / Unclassified,100
526,IN_8901058023800,E501,E501,Low / Unclassified,100
527,IN_8901058023800,E508,E508,Low / Unclassified,100
528,IN_8901058009729,E412,Guar Gum,Low,100
529,IN_8901058009729,E451,E451,Low / Unclassified,100
530,IN_8901058009729,E452,E452,Low / Unclassified,100
531,IN_8901058009729,E500,E500,Low / Unclassified,100
532,IN_8901058009729,E501,E501,Low / Unclassified,100
533,IN_8901725005986,E170,E170,Low / Unclassified,100
534,IN_8901725005986,E170,E170,Low / Unclassified,100
535,IN_8901725005986,E330,Citric Acid,Low,100
536,IN_8901725005986,E339,E339,Low / Unclassified,100
537,IN_8901725005986,E412,Guar Gum,Low,100
538,IN_8901725005986,E450,E450,Low / Unclassified,100
539,IN_8901725005986,E450,E450,Low / Unclassified,100
540,IN_8901725005986,E452,E452,Low / Unclassified,100
541,IN_8901725005986,E500,E500,Low / Unclassified,100
542,IN_8901725005986,E500,E500,Low / Unclassified,100
543,IN_8901725005986,E501,E501,Low / Unclassified,100
544,IN_8901725005986,E508,E508,Low / Unclassified,100
545,IN_8901725005986,E627,E627,Low / Unclassified,100
546,IN_8901725005986,E631,E631,Low / Unclassified,100
547,IN_8901058851298,E150,E150,Low / Unclassified,100
548,IN_8901058851298,E170,E170,Low / Unclassified,100
549,IN_8901058851298,E412,Guar Gum,Low,100
550,IN_8901058851298,E451,E451,Low / Unclassified,100
551,IN_8901058851298,E500,E500,Low / Unclassified,100
552,IN_8901058851298,E501,E501,Low / Unclassified,100
553,IN_8901058851298,E635,E635,Low / Unclassified,100
554,IN_19010588,E150,E150,Low / Unclassified,100
555,IN_19010588,E307,E307,Low / Unclassified,100
556,IN_19010588,E320,BHA,High,25
557,IN_19010588,E330,Citric Acid,Low,100
558,IN_19010588,E412,Guar Gum,Low,100
559,IN_19010588,E420,E420,Low / Unclassified,100
560,IN_19010588,E450,E450,Low / Unclassified,100
561,IN_19010588,E451,E451,Low / Unclassified,100
562,IN_19010588,E500,E500,Low / Unclassified,100
563,IN_19010588,E501,E501,Low / Unclassified,100
564,IN_19010588,E508,E508,Low / Unclassified,100
565,IN_19010588,E635,E635,Low / Unclassified,100
566,IN_8901595851218,E339,E339,Low / Unclassified,100
567,IN_8901595851218,E412,Guar Gum,Low,100
568,IN_8901595851218,E450,E450,Low / Unclassified,100
569,IN_8901595851218,E450,E450,Low / Unclassified,100
570,IN_8901595851218,E451,E451,Low / Unclassified,100
571,IN_8901595851218,E451,E451,Low / Unclassified,100
572,IN_8901595851218,E452,E452,Low / Unclassified,100
573,IN_8901595851218,E452,E452,Low / Unclassified,100
574,IN_8901595851218,E471,E471,Low / Unclassified,100
575,IN_8901595851218,E500,E500,Low / Unclassified,100
576,IN_8901595851218,E500,E500,Low / Unclassified,100
577,IN_8901595851218,E500,E500,Low / Unclassified,100
578,IN_8901595851218,E501,E501,Low / Unclassified,100
579,IN_8901595851218,E501,E501,Low / Unclassified,100
580,IN_0941458000290,E150,E150,Low / Unclassified,100
581,IN_0941458000290,E330,Citric Acid,Low,100
582,IN_0941458000290,E412,Guar Gum,Low,100
583,IN_0941458000290,E452,E452,Low / Unclassified,100
584,IN_0941458000290,E452,E452,Low / Unclassified,100
585,IN_8901030976735,E551,E551,Low / Unclassified,100
586,IN_8901030976735,E631,E631,Low / Unclassified,100
587,IN_8901058014235,E412,Guar Gum,Low,100
588,IN_8901725005887,E170,E170,Low / Unclassified,100
589,IN_8901725005887,E170,E170,Low / Unclassified,100
590,IN_8901725005887,E330,Citric Acid,Low,100
591,IN_8901725005887,E339,E339,Low / Unclassified,100
592,IN_8901725005887,E412,Guar Gum,Low,100
593,IN_8901725005887,E450,E450,Low / Unclassified,100
594,IN_8901725005887,E450,E450,Low / Unclassified,100
595,IN_8901725005887,E452,E452,Low / Unclassified,100
596,IN_8901725005887,E452,E452,Low / Unclassified,100
597,IN_8901725005887,E500,E500,Low / Unclassified,100
598,IN_8901725005887,E500,E500,Low / Unclassified,100
599,IN_8901725005887,E501,E501,Low / Unclassified,100
600,IN_8901725005887,E501,E501,Low / Unclassified,100
601,IN_8901725005887,E508,E508,Low / Unclassified,100
602,IN_8901725005887,E551,E551,Low / Unclassified,100
603,IN_8901725005887,E627,E627,Low / Unclassified,100
604,IN_8901725005887,E631,E631,Low / Unclassified,100
605,IN_8901014000371,E1102,E1102,Low / Unclassified,100
606,IN_8901014000371,E319,E319,Low / Unclassified,100
607,IN_8901014000371,E330,Citric Acid,Low,100
608,IN_8901014000371,E401,E401,Low / Unclassified,100
609,IN_8901014000371,E412,Guar Gum,Low,100
610,IN_8901014000371,E451,E451,Low / Unclassified,100
611,IN_8901014000371,E451,E451,Low / Unclassified,100
612,IN_8901014000371,E500,E500,Low / Unclassified,100
613,IN_8901014000371,E500,E500,Low / Unclassified,100
614,IN_8901014000371,E551,E551,Low / Unclassified,100
615,IN_8901014000371,E627,E627,Low / Unclassified,100
616,IN_8901014000371,E631,E631,Low / Unclassified,100
617,IN_8901058008999,E412,Guar Gum,Low,100
618,IN_8901058008999,E451,E451,Low / Unclassified,100
619,IN_8901058008999,E500,E500,Low / Unclassified,100
620,IN_8901058008999,E501,E501,Low / Unclassified,100
621,IN_8901058008050,E150,E150,Low / Unclassified,100
622,IN_8901058008050,E330,Citric Acid,Low,100
623,IN_8901058008050,E412,Guar Gum,Low,100
624,IN_8901058008050,E451,E451,Low / Unclassified,100
625,IN_8901058008050,E500,E500,Low / Unclassified,100
626,IN_8901058008050,E501,E501,Low / Unclassified,100
627,IN_8901058008050,E508,E508,Low / Unclassified,100
628,IN_8901058008050,E635,E635,Low / Unclassified,100
629,IN_8901014000166,E160,E160,Low / Unclassified,100
630,IN_8901014000166,E319,E319,Low / Unclassified,100
631,IN_8901014000166,E330,Citric Acid,Low,100
632,IN_8901014000166,E412,Guar Gum,Low,100
633,IN_8901014000166,E500,E500,Low / Unclassified,100
634,IN_8901014000166,E500,E500,Low / Unclassified,100
635,IN_8901014000166,E551,E551,Low / Unclassified,100
636,IN_8901014000166,E627,E627,Low / Unclassified,100
637,IN_8901014000166,E631,E631,Low / Unclassified,100
638,IN_8906013030022,E1400,E1400,Low / Unclassified,100
639,IN_8906013030022,E150,E150,Low / Unclassified,100
640,IN_8906013030022,E330,Citric Acid,Low,100
641,IN_8906013030022,E451,E451,Low / Unclassified,100
642,IN_8906013030022,E451,E451,Low / Unclassified,100
643,IN_8906013030022,E500,E500,Low / Unclassified,100
644,IN_8906013030022,E500,E500,Low / Unclassified,100
645,IN_8906013030022,E551,E551,Low / Unclassified,100
646,IN_8906013030022,E621,E621,Low / Unclassified,100
647,IN_8906013030022,E627,E627,Low / Unclassified,100
648,IN_8906013030022,E631,E631,Low / Unclassified,100
649,IN_8801043054768,E101,E101,Low / Unclassified,100
650,IN_8801043054768,E150,E150,Low / Unclassified,100
651,IN_8801043054768,E307,E307,Low / Unclassified,100
652,IN_8801043054768,E322,Lecithin,Low,100
653,IN_8801043054768,E330,Citric Acid,Low,100
654,IN_8801043054768,E339,E339,Low / Unclassified,100
655,IN_8801043054768,E412,Guar Gum,Low,100
656,IN_8801043054768,E414,E414,Low / Unclassified,100
657,IN_8801043054768,E420,E420,Low / Unclassified,100
658,IN_8801043054768,E500,E500,Low / Unclassified,100
659,IN_8801043054768,E501,E501,Low / Unclassified,100
660,IN_8801043054768,E621,E621,Low / Unclassified,100
661,IN_8801043054768,E627,E627,Low / Unclassified,100
662,IN_8801043054768,E631,E631,Low / Unclassified,100
663,IN_8906078721965,E170,E170,Low / Unclassified,100
664,IN_8906078721965,E451,E451,Low / Unclassified,100
665,IN_8906078721965,E500,E500,Low / Unclassified,100
666,IN_8901058009705,E330,Citric Acid,Low,100
667,IN_8901058009705,E412,Guar Gum,Low,100
668,IN_8901058009705,E451,E451,Low / Unclassified,100
669,IN_8901058009705,E452,E452,Low / Unclassified,100
670,IN_8901058009705,E500,E500,Low / Unclassified,100
671,IN_8901058009705,E501,E501,Low / Unclassified,100
672,IN_8901058009705,E508,E508,Low / Unclassified,100
673,IN_8901058009705,E635,E635,Low / Unclassified,100
674,IN_8901058017793,E508,E508,Low / Unclassified,100
675,IN_8901058000191,E1001,E1001,Low / Unclassified,100
676,IN_8901058000191,E150,E150,Low / Unclassified,100
677,IN_8901058000191,E412,Guar Gum,Low,100
678,IN_8901058000191,E452,E452,Low / Unclassified,100
679,IN_8901058000191,E452,E452,Low / Unclassified,100
680,IN_8901058000191,E452,E452,Low / Unclassified,100
681,IN_8901014004836,E150,E150,Low / Unclassified,100
682,IN_8901014004836,E319,E319,Low / Unclassified,100
683,IN_8901014004836,E330,Citric Acid,Low,100
684,IN_8901014004836,E415,Xanthan Gum,Low,100
685,IN_8901014004836,E451,E451,Low / Unclassified,100
686,IN_8901014004836,E500,E500,Low / Unclassified,100
687,IN_8901014004836,E500,E500,Low / Unclassified,100
688,IN_8901014004836,E627,E627,Low / Unclassified,100
689,IN_8901014004836,E631,E631,Low / Unclassified,100
690,IN_8901014000470,E260,E260,Low / Unclassified,100
691,IN_8901014000470,E319,E319,Low / Unclassified,100
692,IN_8901014000470,E330,Citric Acid,Low,100
693,IN_8901014000470,E412,Guar Gum,Low,100
694,IN_8901014000470,E451,E451,Low / Unclassified,100
695,IN_8901014000470,E451,E451,Low / Unclassified,100
696,IN_8901014000470,E500,E500,Low / Unclassified,100
697,IN_8901014000470,E500,E500,Low / Unclassified,100
698,IN_8901014000470,E551,E551,Low / Unclassified,100
699,IN_8901014000470,E631,E631,Low / Unclassified,100
700,IN_8901058851328,E150,E150,Low / Unclassified,100
701,IN_8901058851328,E170,E170,Low / Unclassified,100
702,IN_8901058851328,E412,Guar Gum,Low,100
703,IN_8901058851328,E500,E500,Low / Unclassified,100
704,IN_8901058851328,E501,E501,Low / Unclassified,100
705,IN_8901058851328,E508,E508,Low / Unclassified,100
706,IN_8901058851328,E635,E635,Low / Unclassified,100
707,IN_8901595963348,E150,E150,Low / Unclassified,100
708,IN_8901595963348,E260,E260,Low / Unclassified,100
709,IN_8901595963348,E319,E319,Low / Unclassified,100
710,IN_8901595963348,E451,E451,Low / Unclassified,100
711,IN_8901595963348,E500,E500,Low / Unclassified,100
712,IN_8901595963348,E500,E500,Low / Unclassified,100
713,IN_8901595963348,E501,E501,Low / Unclassified,100
714,IN_8901595963348,E501,E501,Low / Unclassified,100
715,IN_8901595963348,E508,E508,Low / Unclassified,100
716,IN_8901595963348,E551,E551,Low / Unclassified,100
717,IN_8901595963348,E635,E635,Low / Unclassified,100
718,IN_8901014004935,E319,E319,Low / Unclassified,100
719,IN_8901014004935,E330,Citric Acid,Low,100
720,IN_8901014004935,E415,Xanthan Gum,Low,100
721,IN_8901014004935,E451,E451,Low / Unclassified,100
722,IN_8901014004935,E500,E500,Low / Unclassified,100
723,IN_8901014004935,E620,E620,Low / Unclassified,100
724,IN_8901014004935,E627,E627,Low / Unclassified,100
725,IN_8901014004935,E631,E631,Low / Unclassified,100
726,IN_8901014003181,E150,E150,Low / Unclassified,100
727,IN_8901014003181,E319,E319,Low / Unclassified,100
728,IN_8901014003181,E330,Citric Acid,Low,100
729,IN_8901014003181,E412,Guar Gum,Low,100
730,IN_8901014003181,E451,E451,Low / Unclassified,100
731,IN_8901014003181,E451,E451,Low / Unclassified,100
732,IN_8901014003181,E500,E500,Low / Unclassified,100
733,IN_8901014003181,E500,E500,Low / Unclassified,100
734,IN_8901014003181,E551,E551,Low / Unclassified,100
735,IN_8901014003181,E627,E627,Low / Unclassified,100
736,IN_8901014003181,E631,E631,Low / Unclassified,100
737,IN_8901725006006,E170,E170,Low / Unclassified,100
738,IN_8901725006006,E170,E170,Low / Unclassified,100
739,IN_8901725006006,E330,Citric Acid,Low,100
740,IN_8901725006006,E339,E339,Low / Unclassified,100
741,IN_8901725006006,E412,Guar Gum,Low,100
742,IN_8901725006006,E450,E450,Low / Unclassified,100
743,IN_8901725006006,E450,E450,Low / Unclassified,100
744,IN_8901725006006,E500,E500,Low / Unclassified,100
745,IN_8901725006006,E500,E500,Low / Unclassified,100
746,IN_8901725006006,E501,E501,Low / Unclassified,100
747,IN_8901725006006,E501,E501,Low / Unclassified,100
748,IN_8901725006006,E508,E508,Low / Unclassified,100
749,IN_8901725006006,E551,E551,Low / Unclassified,100
750,IN_8901725006006,E627,E627,Low / Unclassified,100
751,IN_8901725006006,E631,E631,Low / Unclassified,100
752,IN_8901014004744,E319,E319,Low / Unclassified,100
753,IN_8901014004744,E330,Citric Acid,Low,100
754,IN_8901014004744,E415,Xanthan Gum,Low,100
755,IN_8901014004744,E451,E451,Low / Unclassified,100
756,IN_8901014004744,E500,E500,Low / Unclassified,100
757,IN_8901014004744,E620,E620,Low / Unclassified,100
758,IN_8901014004744,E627,E627,Low / Unclassified,100
759,IN_8901014004744,E631,E631,Low / Unclassified,100
760,IN_8906090575539,E150,E150,Low / Unclassified,100
761,IN_8906090575539,E330,Citric Acid,Low,100
762,IN_8906090575539,E412,Guar Gum,Low,100
763,IN_8906090575539,E451,E451,Low / Unclassified,100
764,IN_8906090575539,E501,E501,Low / Unclassified,100
765,IN_8906090575539,E508,E508,Low / Unclassified,100
766,IN_8906090575539,E551,E551,Low / Unclassified,100
767,IN_8906090575539,E627,E627,Low / Unclassified,100
768,IN_8906090575539,E631,E631,Low / Unclassified,100
769,IN_8901725019754,E330,Citric Acid,Low,100
770,IN_8901725019754,E339,E339,Low / Unclassified,100
771,IN_8901725019754,E415,Xanthan Gum,Low,100
772,IN_8901725019754,E450,E450,Low / Unclassified,100
773,IN_8901725019754,E450,E450,Low / Unclassified,100
774,IN_8901725019754,E466,E466,Low / Unclassified,100
775,IN_8901725019754,E500,E500,Low / Unclassified,100
776,IN_8901725019754,E551,E551,Low / Unclassified,100
777,IN_8901725019754,E627,E627,Low / Unclassified,100
778,IN_8901725019754,E631,E631,Low / Unclassified,100
779,IN_8901014000609,E319,E319,Low / Unclassified,100
780,IN_8901014000609,E330,Citric Acid,Low,100
781,IN_8901014000609,E415,Xanthan Gum,Low,100
782,IN_8901014000609,E451,E451,Low / Unclassified,100
783,IN_8901014000609,E500,E500,Low / Unclassified,100
784,IN_8901014000609,E500,E500,Low / Unclassified,100
785,IN_8901014000609,E620,E620,Low / Unclassified,100
786,IN_8901014000609,E627,E627,Low / Unclassified,100
787,IN_8901014000609,E631,E631,Low / Unclassified,100
788,IN_8906131682417,E330,Citric Acid,Low,100
789,IN_8906131682417,E392,E392,Low / Unclassified,100
790,IN_8906131682417,E412,Guar Gum,Low,100
791,IN_8906131682417,E500,E500,Low / Unclassified,100
792,IN_8906131682417,E500,E500,Low / Unclassified,100
793,IN_8901014004942,E319,E319,Low / Unclassified,100
794,IN_8901014004942,E330,Citric Acid,Low,100
795,IN_8901014004942,E415,Xanthan Gum,Low,100
796,IN_8901014004942,E451,E451,Low / Unclassified,100
797,IN_8901014004942,E451,E451,Low / Unclassified,100
798,IN_8901014004942,E500,E500,Low / Unclassified,100
799,IN_8901014004942,E500,E500,Low / Unclassified,100
800,IN_8901014004942,E620,E620,Low / Unclassified,100
801,IN_8901014004942,E627,E627,Low / Unclassified,100
802,IN_8901014004942,E631,E631,Low / Unclassified,100
803,IN_8901058002683,E330,Citric Acid,Low,100
804,IN_8901058002683,E412,Guar Gum,Low,100
805,IN_8901058002683,E451,E451,Low / Unclassified,100
806,IN_8901058002683,E500,E500,Low / Unclassified,100
807,IN_8901058002683,E501,E501,Low / Unclassified,100
808,IN_8901058002683,E508,E508,Low / Unclassified,100
809,IN_8901058002683,E635,E635,Low / Unclassified,100
810,IN_8901058901511,E412,Guar Gum,Low,100
811,IN_8901014002054,E319,E319,Low / Unclassified,100
812,IN_8901014002054,E330,Citric Acid,Low,100
813,IN_8901014002054,E412,Guar Gum,Low,100
814,IN_8901014002054,E451,E451,Low / Unclassified,100
815,IN_8901014002054,E451,E451,Low / Unclassified,100
816,IN_8901014002054,E500,E500,Low / Unclassified,100
817,IN_8901014002054,E500,E500,Low / Unclassified,100
818,IN_8901014002054,E631,E631,Low / Unclassified,100
819,IN_8901725005214,E170,E170,Low / Unclassified,100
820,IN_8901725005214,E170,E170,Low / Unclassified,100
821,IN_8901725005214,E339,E339,Low / Unclassified,100
822,IN_8901725005214,E450,E450,Low / Unclassified,100
823,IN_8901725005214,E466,E466,Low / Unclassified,100
824,IN_8901725005214,E500,E500,Low / Unclassified,100
825,IN_8901725005214,E500,E500,Low / Unclassified,100
826,IN_8901725005214,E501,E501,Low / Unclassified,100
827,IN_8901725005214,E501,E501,Low / Unclassified,100
828,IN_8901058901542,E150,E150,Low / Unclassified,100
829,IN_8901058901542,E330,Citric Acid,Low,100
830,IN_8901058901542,E412,Guar Gum,Low,100
831,IN_8901058901542,E451,E451,Low / Unclassified,100
832,IN_8901058901542,E451,E451,Low / Unclassified,100
833,IN_8901058901542,E500,E500,Low / Unclassified,100
834,IN_8901058901542,E500,E500,Low / Unclassified,100
835,IN_8901058901542,E501,E501,Low / Unclassified,100
836,IN_8901058901542,E508,E508,Low / Unclassified,100
837,IN_8901058901542,E635,E635,Low / Unclassified,100
838,IN_8901058006292,E150,E150,Low / Unclassified,100
839,IN_8901058006292,E330,Citric Acid,Low,100
840,IN_8901058006292,E412,Guar Gum,Low,100
841,IN_8901058006292,E451,E451,Low / Unclassified,100
842,IN_8901058006292,E500,E500,Low / Unclassified,100
843,IN_8901058006292,E501,E501,Low / Unclassified,100
844,IN_8901058006292,E508,E508,Low / Unclassified,100
845,IN_8901058006292,E635,E635,Low / Unclassified,100
846,IN_8901058006100,E141,E141,Low / Unclassified,100
847,IN_8901058006100,E330,Citric Acid,Low,100
848,IN_8901058006100,E412,Guar Gum,Low,100
849,IN_8901058006100,E451,E451,Low / Unclassified,100
850,IN_8901058006100,E452,E452,Low / Unclassified,100
851,IN_8901058006100,E500,E500,Low / Unclassified,100
852,IN_8901058006100,E501,E501,Low / Unclassified,100
853,IN_8901058006100,E508,E508,Low / Unclassified,100
854,IN_8901058006100,E635,E635,Low / Unclassified,100
855,IN_8908006936007,E319,E319,Low / Unclassified,100
856,IN_8908006936007,E330,Citric Acid,Low,100
857,IN_8908006936007,E412,Guar Gum,Low,100
858,IN_8908006936007,E451,E451,Low / Unclassified,100
859,IN_8908006936007,E451,E451,Low / Unclassified,100
860,IN_8908006936007,E500,E500,Low / Unclassified,100
861,IN_8908006936007,E500,E500,Low / Unclassified,100
862,IN_8908006936007,E500,E500,Low / Unclassified,100
863,IN_8908006936007,E551,E551,Low / Unclassified,100
864,IN_8908006936007,E635,E635,Low / Unclassified,100
865,IN_8947014692154,E14XX,E14XX,Low / Unclassified,100
866,IN_8947014692154,E160,E160,Low / Unclassified,100
867,IN_8947014692154,E319,E319,Low / Unclassified,100
868,IN_8947014692154,E330,Citric Acid,Low,100
869,IN_8947014692154,E412,Guar Gum,Low,100
870,IN_8947014692154,E415,Xanthan Gum,Low,100
871,IN_8947014692154,E451,E451,Low / Unclassified,100
872,IN_8947014692154,E500,E500,Low / Unclassified,100
873,IN_8947014692154,E500,E500,Low / Unclassified,100
874,IN_8947014692154,E501,E501,Low / Unclassified,100
875,IN_8947014692154,E501,E501,Low / Unclassified,100
876,IN_8947014692154,E551,E551,Low / Unclassified,100
877,IN_8947014692154,E627,E627,Low / Unclassified,100
878,IN_8947014692154,E631,E631,Low / Unclassified,100
879,IN_8909081006388,E330,Citric Acid,Low,100
880,IN_8909081006388,E339,E339,Low / Unclassified,100
881,IN_8909081006388,E412,Guar Gum,Low,100
882,IN_8909081006388,E500,E500,Low / Unclassified,100
883,IN_8909081006388,E501,E501,Low / Unclassified,100
884,IN_8909081006388,E508,E508,Low / Unclassified,100
885,IN_8909081006388,E635,E635,Low / Unclassified,100
886,IN_8901058891430,E150,E150,Low / Unclassified,100
887,IN_8901058891430,E457,E457,Low / Unclassified,100
888,IN_8901058891430,E500,E500,Low / Unclassified,100
889,IN_8901058891430,E508,E508,Low / Unclassified,100
890,IN_8901058891430,E635,E635,Low / Unclassified,100
891,IN_8901058851304,E412,Guar Gum,Low,100
892,IN_8901058851304,E451,E451,Low / Unclassified,100
893,IN_8901058851304,E451,E451,Low / Unclassified,100
894,IN_8901058851304,E500,E500,Low / Unclassified,100
895,IN_8901058851304,E500,E500,Low / Unclassified,100
896,IN_8901058890709,E330,Citric Acid,Low,100
897,IN_8901058890709,E415,Xanthan Gum,Low,100
898,IN_8901058890709,E451,E451,Low / Unclassified,100
899,IN_8901058890709,E500,E500,Low / Unclassified,100
900,IN_8901058890709,E501,E501,Low / Unclassified,100
901,IN_8901058902839,E330,Citric Acid,Low,100
902,IN_8901058902839,E412,Guar Gum,Low,100
903,IN_8901058902839,E451,E451,Low / Unclassified,100
904,IN_8901058902839,E452,E452,Low / Unclassified,100
905,IN_8901058902839,E500,E500,Low / Unclassified,100
906,IN_8901058902839,E501,E501,Low / Unclassified,100
907,IN_8901058902839,E508,E508,Low / Unclassified,100
908,IN_8901058902839,E635,E635,Low / Unclassified,100
909,IN_8901014004843,E150,E150,Low / Unclassified,100
910,IN_8901014004843,E160,E160,Low / Unclassified,100
911,IN_8901014004843,E319,E319,Low / Unclassified,100
912,IN_8901014004843,E330,Citric Acid,Low,100
913,IN_8901014004843,E415,Xanthan Gum,Low,100
914,IN_8901014004843,E451,E451,Low / Unclassified,100
915,IN_8901014004843,E500,E500,Low / Unclassified,100
916,IN_8901014004843,E500,E500,Low / Unclassified,100
917,IN_8901014004843,E627,E627,Low / Unclassified,100
918,IN_8901014004843,E631,E631,Low / Unclassified,100
919,IN_8901088205221,E150,E150,Low / Unclassified,100
920,IN_8901088205221,E170,E170,Low / Unclassified,100
921,IN_8901088205221,E170,E170,Low / Unclassified,100
922,IN_8901088205221,E414,E414,Low / Unclassified,100
923,IN_8901088205221,E551,E551,Low / Unclassified,100
924,IN_8901088205221,E627,E627,Low / Unclassified,100
925,IN_8901088205221,E631,E631,Low / Unclassified,100
926,IN_8901595963331,E319,E319,Low / Unclassified,100
927,IN_8901595963331,E330,Citric Acid,Low,100
928,IN_8901595963331,E501,E501,Low / Unclassified,100
929,IN_8901595963331,E508,E508,Low / Unclassified,100
930,IN_8901595963331,E635,E635,Low / Unclassified,100
931,IN_8901058901832,E330,Citric Acid,Low,100
932,IN_8901058901832,E412,Guar Gum,Low,100
933,IN_8901058901832,E452,E452,Low / Unclassified,100
934,IN_8901058901832,E500,E500,Low / Unclassified,100
935,IN_8901058901832,E501,E501,Low / Unclassified,100
936,IN_8901058901832,E508,E508,Low / Unclassified,100
937,IN_8901058901832,E635,E635,Low / Unclassified,100
938,IN_8901058009712,E330,Citric Acid,Low,100
939,IN_8901058009712,E451,E451,Low / Unclassified,100
940,IN_8901058009712,E452,E452,Low / Unclassified,100
941,IN_8901058009712,E500,E500,Low / Unclassified,100
942,IN_8901058009712,E501,E501,Low / Unclassified,100
943,IN_8901058009712,E508,E508,Low / Unclassified,100
944,IN_8904300200622,E100,E100,Low / Unclassified,100
945,IN_8904300200622,E1420,E1420,Low / Unclassified,100
946,IN_8904300200622,E14XX,E14XX,Low / Unclassified,100
947,IN_8904300200622,E170,E170,Low / Unclassified,100
948,IN_8904300200622,E412,Guar Gum,Low,100
949,IN_8904300200622,E451,E451,Low / Unclassified,100
950,IN_8904300200622,E500,E500,Low / Unclassified,100
951,IN_8904300200622,E501,E501,Low / Unclassified,100
952,IN_8904300200622,E508,E508,Low / Unclassified,100
953,IN_8904300200622,E551,E551,Low / Unclassified,100
954,IN_8904300200622,E631,E631,Low / Unclassified,100
955,IN_8908017962224,E150,E150,Low / Unclassified,100
956,IN_8908017962224,E330,Citric Acid,Low,100
957,IN_8908017962224,E412,Guar Gum,Low,100
958,IN_8908017962224,E415,Xanthan Gum,Low,100
959,IN_8908017962224,E551,E551,Low / Unclassified,100
960,IN_8908017962224,E627,E627,Low / Unclassified,100
961,IN_8908017962224,E631,E631,Low / Unclassified,100
962,IN_8901014011124,E150,E150,Low / Unclassified,100
963,IN_8901014011124,E330,Citric Acid,Low,100
964,IN_8901014011124,E500,E500,Low / Unclassified,100
965,IN_8901014011124,E500,E500,Low / Unclassified,100
966,IN_8901014011124,E627,E627,Low / Unclassified,100
967,IN_8908016793768,E260,E260,Low / Unclassified,100
968,IN_8908016793768,E412,Guar Gum,Low,100
969,IN_8908016793768,E500,E500,Low / Unclassified,100
970,IN_8908016793768,E501,E501,Low / Unclassified,100
971,IN_8901058891416,E150,E150,Low / Unclassified,100
972,IN_8901058891416,E412,Guar Gum,Low,100
973,IN_8901058891416,E451,E451,Low / Unclassified,100
974,IN_8901058891416,E500,E500,Low / Unclassified,100
975,IN_8901058891416,E501,E501,Low / Unclassified,100
976,IN_8901058891416,E508,E508,Low / Unclassified,100
977,IN_8901058891416,E635,E635,Low / Unclassified,100
978,IN_8901725116729,E170,E170,Low / Unclassified,100
979,IN_8901725116729,E170,E170,Low / Unclassified,100
980,IN_8901725116729,E330,Citric Acid,Low,100
981,IN_8901725116729,E339,E339,Low / Unclassified,100
982,IN_8901725116729,E412,Guar Gum,Low,100
983,IN_8901725116729,E450,E450,Low / Unclassified,100
984,IN_8901725116729,E450,E450,Low / Unclassified,100
985,IN_8901725116729,E452,E452,Low / Unclassified,100
986,IN_8901725116729,E452,E452,Low / Unclassified,100
987,IN_8901725116729,E500,E500,Low / Unclassified,100
988,IN_8901725116729,E500,E500,Low / Unclassified,100
989,IN_8901725116729,E501,E501,Low / Unclassified,100
990,IN_8901725116729,E501,E501,Low / Unclassified,100
991,IN_8901725116729,E508,E508,Low / Unclassified,100
992,IN_8901725116729,E551,E551,Low / Unclassified,100
993,IN_8901725116729,E627,E627,Low / Unclassified,100
994,IN_8901725116729,E631,E631,Low / Unclassified,100
995,IN_8906013032187,E1400,E1400,Low / Unclassified,100
996,IN_8906013032187,E150,E150,Low / Unclassified,100
997,IN_8906013032187,E170,E170,Low / Unclassified,100
998,IN_8906013032187,E170,E170,Low / Unclassified,100
999,IN_8906013032187,E412,Guar Gum,Low,100
1000,IN_8906013032187,E414,E414,Low / Unclassified,100
1001,IN_8906013032187,E451,E451,Low / Unclassified,100
1002,IN_8906013032187,E451,E451,Low / Unclassified,100
1003,IN_8906013032187,E500,E500,Low / Unclassified,100
1004,IN_8906013032187,E500,E500,Low / Unclassified,100
1005,IN_8906013032187,E621,E621,Low / Unclassified,100
1006,IN_8906013032187,E627,E627,Low / Unclassified,100
1007,IN_8906013032187,E631,E631,Low / Unclassified,100
1008,IN_8901058005851,E330,Citric Acid,Low,100
1009,IN_8901058005851,E412,Guar Gum,Low,100
1010,IN_8901058005851,E451,E451,Low / Unclassified,100
1011,IN_8901058005851,E452,E452,Low / Unclassified,100
1012,IN_8901058005851,E500,E500,Low / Unclassified,100
1013,IN_8901058005851,E501,E501,Low / Unclassified,100
1014,IN_8901058005851,E508,E508,Low / Unclassified,100
1015,IN_8901058005851,E635,E635,Low / Unclassified,100
1016,IN_8901058000450,E150,E150,Low / Unclassified,100
1017,IN_8901058000450,E330,Citric Acid,Low,100
1018,IN_8901058000450,E412,Guar Gum,Low,100
1019,IN_8901058000450,E451,E451,Low / Unclassified,100
1020,IN_8901058000450,E500,E500,Low / Unclassified,100
1021,IN_8901058000450,E500,E500,Low / Unclassified,100
1022,IN_8901058000450,E501,E501,Low / Unclassified,100
1023,IN_8901058000450,E501,E501,Low / Unclassified,100
1024,IN_8901058000450,E508,E508,Low / Unclassified,100
1025,IN_8901058000450,E635,E635,Low / Unclassified,100
1026,IN_8901014011117,E319,E319,Low / Unclassified,100
1027,IN_8901014011117,E330,Citric Acid,Low,100
1028,IN_8901014011117,E412,Guar Gum,Low,100
1029,IN_8901014011117,E451,E451,Low / Unclassified,100
1030,IN_8901014011117,E451,E451,Low / Unclassified,100
1031,IN_8901014011117,E500,E500,Low / Unclassified,100
1032,IN_8901014011117,E627,E627,Low / Unclassified,100
1033,IN_8901014011117,E631,E631,Low / Unclassified,100
1034,IN_8901058008234,E451,E451,Low / Unclassified,100
1035,IN_8901058008234,E500,E500,Low / Unclassified,100
1036,IN_8901058008234,E501,E501,Low / Unclassified,100
1037,IN_8901262010016,E160,E160,Low / Unclassified,100
1038,IN_8901262200196,E460,E460,Low / Unclassified,100
1039,IN_8901262010320,E160,E160,Low / Unclassified,100
1040,IN_8901262180115,E330,Citric Acid,Low,100
1041,IN_8902579002299,E340,E340,Low / Unclassified,100
1042,IN_8902579002299,E407,E407,Low / Unclassified,100
1043,IN_8902579002299,E452,E452,Low / Unclassified,100
1044,IN_8902579002299,E460,E460,Low / Unclassified,100
1045,IN_8902579002299,E466,E466,Low / Unclassified,100
1046,IN_8902579002299,E471,E471,Low / Unclassified,100
1047,IN_8901262200189,E440,E440,Low / Unclassified,100
1048,IN_8901262020039,E200,E200,Low / Unclassified,100
1049,IN_8901262020039,E234,E234,Low / Unclassified,100
1050,IN_8901262020039,E331,E331,Low / Unclassified,100
1051,IN_8901262020039,E339,E339,Low / Unclassified,100
1052,IN_8901262020039,E452,E452,Low / Unclassified,100
1053,IN_8901262020015,E200,E200,Low / Unclassified,100
1054,IN_8901262020015,E234,E234,Low / Unclassified,100
1055,IN_8901262020015,E331,E331,Low / Unclassified,100
1056,IN_8901262020015,E339,E339,Low / Unclassified,100
1057,IN_8901262020015,E341,E341,Low / Unclassified,100
1058,IN_8901262020015,E452,E452,Low / Unclassified,100
1059,IN_8901262151696,E440,E440,Low / Unclassified,100
1060,IN_8901262020046,E200,E200,Low / Unclassified,100
1061,IN_8901262020046,E234,E234,Low / Unclassified,100
1062,IN_8901262020046,E331,E331,Low / Unclassified,100
1063,IN_8901262020046,E452,E452,Low / Unclassified,100
1064,IN_8902579002497,E340,E340,Low / Unclassified,100
1065,IN_8902579002497,E407,E407,Low / Unclassified,100
1066,IN_8902579002497,E452,E452,Low / Unclassified,100
1067,IN_8902579002497,E460,E460,Low / Unclassified,100
1068,IN_8902579002497,E466,E466,Low / Unclassified,100
1069,IN_8902579002497,E471,E471,Low / Unclassified,100
1070,IN_8902579003470,E330,Citric Acid,Low,100
1071,IN_8902579003470,E466,E466,Low / Unclassified,100
1072,IN_8902579003456,E330,Citric Acid,Low,100
1073,IN_8902579003456,E466,E466,Low / Unclassified,100
1074,IN_8901262152211,E102,Tartrazine,High,25
1075,IN_8901262152211,E110,Sunset Yellow,High,25
1076,IN_8902579003302,E330,Citric Acid,Low,100
1077,IN_8902579003302,E466,E466,Low / Unclassified,100
1078,IN_8906016413792,E102,Tartrazine,High,25
1079,IN_8906016413792,E150,E150,Low / Unclassified,100
1080,IN_8901071732413,E339,E339,Low / Unclassified,100
1081,IN_8901071732413,E460,E460,Low / Unclassified,100
1082,IN_8901071732413,E466,E466,Low / Unclassified,100
1083,IN_8901071732413,E471,E471,Low / Unclassified,100
1084,IN_8902979001724,E460,E460,Low / Unclassified,100
1085,IN_8902979001724,E460,E460,Low / Unclassified,100
1086,IN_8902979001724,E466,E466,Low / Unclassified,100
1087,IN_8901262060011,E200,E200,Low / Unclassified,100
1088,IN_8901262060011,E234,E234,Low / Unclassified,100
1089,IN_8901262060011,E331,E331,Low / Unclassified,100
1090,IN_8901262060011,E339,E339,Low / Unclassified,100
1091,IN_8901262060011,E452,E452,Low / Unclassified,100
1092,IN_8901262060011,E471,E471,Low / Unclassified,100
1093,IN_8904083302100,E122,Azorubine,High,25
1094,IN_8904083302100,E133,Brilliant Blue FCF,Medium,75
1095,IN_8904083302100,E202,E202,Low / Unclassified,100
1096,IN_8904083302100,E330,Citric Acid,Low,100
1097,IN_8904083302100,E440,E440,Low / Unclassified,100
1098,IN_8901808000068,E102,Tartrazine,High,25
1099,IN_8901808000068,E110,Sunset Yellow,High,25
1100,IN_8901808000068,E122,Azorubine,High,25
1101,IN_8906010090869,E509,E509,Low / Unclassified,100
1102,IN_8901262010344,E160,E160,Low / Unclassified,100
1103,IN_8902579002329,E150,E150,Low / Unclassified,100
1104,IN_8902579002329,E340,E340,Low / Unclassified,100
1105,IN_8902579002329,E407,E407,Low / Unclassified,100
1106,IN_8902579002329,E450,E450,Low / Unclassified,100
1107,IN_8902579002329,E452,E452,Low / Unclassified,100
1108,IN_8902579002329,E466,E466,Low / Unclassified,100
1109,IN_8902579002329,E471,E471,Low / Unclassified,100
1110,IN_8902979050913,E407,E407,Low / Unclassified,100
1111,IN_8902979050913,E412,Guar Gum,Low,100
1112,IN_8902979050913,E415,Xanthan Gum,Low,100
1113,IN_8902979050913,E451,E451,Low / Unclassified,100
1114,IN_8902979050913,E451,E451,Low / Unclassified,100
1115,IN_8901262152952,E418,E418,Low / Unclassified,100
1116,IN_8901262152952,E440,E440,Low / Unclassified,100
1117,IN_8901262153331,E122,Azorubine,High,25
1118,IN_8901262153331,E133,Brilliant Blue FCF,Medium,75
1119,IN_8901262153331,E330,Citric Acid,Low,100
1120,IN_8901262153331,E418,E418,Low / Unclassified,100
1121,IN_8901262153331,E440,E440,Low / Unclassified,100
1122,IN_8901262153331,E960,E960,Low / Unclassified,100
1123,IN_8901262153331,E965,E965,Low / Unclassified,100
1124,IN_8901030975530,E339,E339,Low / Unclassified,100
1125,IN_8901030975530,E407,E407,Low / Unclassified,100
1126,IN_8901030975530,E418,E418,Low / Unclassified,100
1127,IN_8901262010207,E160,E160,Low / Unclassified,100
1128,IN_8906059635007,E440,E440,Low / Unclassified,100
1129,IN_8901262152228,E102,Tartrazine,High,25
1130,IN_8901262152228,E133,Brilliant Blue FCF,Medium,75
1131,IN_8906001020196,E200,E200,Low / Unclassified,100
1132,IN_8906001020196,E339,E339,Low / Unclassified,100
1133,IN_8906001020196,E339,E339,Low / Unclassified,100
1134,IN_8906001020196,E407,E407,Low / Unclassified,100
1135,IN_8906001020196,E415,Xanthan Gum,Low,100
1136,IN_8906001020196,E450,E450,Low / Unclassified,100
1137,IN_8906001020196,E450,E450,Low / Unclassified,100
1138,IN_8906001020196,E452,E452,Low / Unclassified,100
1139,IN_8906001020196,E452,E452,Low / Unclassified,100
1140,IN_8901063146457,E340,E340,Low / Unclassified,100
1141,IN_8901063146457,E412,Guar Gum,Low,100
1142,IN_8901063146457,E415,Xanthan Gum,Low,100
1143,IN_8901063146457,E452,E452,Low / Unclassified,100
1144,IN_8901063146457,E471,E471,Low / Unclassified,100
1145,IN_8901262153607,E330,Citric Acid,Low,100
1146,IN_8901262153607,E331,E331,Low / Unclassified,100
1147,IN_8901262153607,E418,E418,Low / Unclassified,100
1148,IN_8901262153607,E440,E440,Low / Unclassified,100
1149,IN_8901262153607,E960,E960,Low / Unclassified,100
1150,IN_8901262153607,E965,E965,Low / Unclassified,100
1151,IN_8908023008022,E955,E955,Low / Unclassified,100
1152,IN_5000354908248,E160,E160,Low / Unclassified,100
1153,IN_5000354908248,E160,E160,Low / Unclassified,100
1154,IN_0716270001660,E322,Lecithin,Low,100
1155,IN_0716270001660,E322,Lecithin,Low,100
1156,IN_8901207014642,E300,E300,Low / Unclassified,100
1157,IN_8901207014642,E330,Citric Acid,Low,100
1158,IN_8901030667756,E1422,E1422,Low / Unclassified,100
1159,IN_8901030667756,E211,Sodium Benzoate,High,25
1160,IN_8901030667756,E260,E260,Low / Unclassified,100
1161,IN_8901030667756,E415,Xanthan Gum,Low,100
1162,IN_8901246002075,E1422,E1422,Low / Unclassified,100
1163,IN_8901246002075,E211,Sodium Benzoate,High,25
1164,IN_8901246002075,E260,E260,Low / Unclassified,100
1165,IN_8901246002075,E415,Xanthan Gum,Low,100
1166,IN_8906023415017,E407,E407,Low / Unclassified,100
1167,IN_8906023415017,E410,E410,Low / Unclassified,100
1168,IN_8906023415017,E412,Guar Gum,Low,100
1169,IN_8906023415017,E433,E433,Low / Unclassified,100
1170,IN_8906023415017,E471,E471,Low / Unclassified,100
1171,IN_14018808,E100,E100,Low / Unclassified,100
1172,IN_8901058842906,E211,Sodium Benzoate,High,25
1173,IN_8901058842906,E415,Xanthan Gum,Low,100
1174,IN_8902080000227,E129,Allura Red AC,High,25
1175,IN_8902080000227,E202,E202,Low / Unclassified,100
1176,IN_8902080000227,E211,Sodium Benzoate,High,25
1177,IN_8902080000227,E330,Citric Acid,Low,100
1178,IN_8902080000227,E331,E331,Low / Unclassified,100
1179,IN_8902080000227,E385,E385,Low / Unclassified,100
1180,IN_8902080000227,E452,E452,Low / Unclassified,100
1181,IN_8902080000227,E950,E950,Low / Unclassified,100
1182,IN_8902080000227,E955,E955,Low / Unclassified,100
1183,IN_5999884034469,E101,E101,Low / Unclassified,100
1184,IN_5999884034469,E101,E101,Low / Unclassified,100
1185,IN_90162602,E330,Citric Acid,Low,100
1186,IN_90162602,E500,E500,Low / Unclassified,100
1187,IN_90162602,E500,E500,Low / Unclassified,100
1188,IN_4897036691427,E101,E101,Low / Unclassified,100
1189,IN_4897036691427,E200,E200,Low / Unclassified,100
1190,IN_4897036691427,E330,Citric Acid,Low,100
1191,IN_4897036691427,E331,E331,Low / Unclassified,100
1192,IN_4897036691427,E955,E955,Low / Unclassified,100
1193,IN_8902080364022,E100,E100,Low / Unclassified,100
1194,IN_8902080364022,E102,Tartrazine,High,25
1195,IN_8902080364022,E211,Sodium Benzoate,High,25
1196,IN_8902080364022,E330,Citric Acid,Low,100
1197,IN_8902080364022,E331,E331,Low / Unclassified,100
1198,IN_8902080364022,E445,E445,Low / Unclassified,100
1199,IN_4897036692455,E200,E200,Low / Unclassified,100
1200,IN_4897036692455,E210,E210,Low / Unclassified,100
1201,IN_4897036692455,E950,E950,Low / Unclassified,100
1202,IN_4897036692455,E968,E968,Low / Unclassified,100
1203,IN_8902346050560,E330,Citric Acid,Low,100
1204,IN_8902346050560,E331,E331,Low / Unclassified,100
1205,IN_8902346050560,E331,E331,Low / Unclassified,100
1206,IN_8902346050560,E339,E339,Low / Unclassified,100
1207,IN_8902346050560,E339,E339,Low / Unclassified,100
1208,IN_8901764048319,E129,Allura Red AC,High,25
1209,IN_8901764048319,E330,Citric Acid,Low,100
1210,IN_8901764048319,E331,E331,Low / Unclassified,100
1211,IN_8902346050133,E110,Sunset Yellow,High,25
1212,IN_8902346050133,E330,Citric Acid,Low,100
1213,IN_8902346050133,E331,E331,Low / Unclassified,100
1214,IN_8902346050133,E331,E331,Low / Unclassified,100
1215,IN_8902346050133,E339,E339,Low / Unclassified,100
1216,IN_8902346050133,E339,E339,Low / Unclassified,100
1217,IN_8902080002337,E110,Sunset Yellow,High,25
1218,IN_8902080002337,E202,E202,Low / Unclassified,100
1219,IN_8902080002337,E330,Citric Acid,Low,100
1220,IN_8902080002337,E445,E445,Low / Unclassified,100
1221,IN_8902080002337,E452,E452,Low / Unclassified,100
1222,IN_8902080002337,E955,E955,Low / Unclassified,100
1223,IN_8902080002337,E960,E960,Low / Unclassified,100
1224,IN_8906098120601,E150,E150,Low / Unclassified,100
1225,IN_8906098120601,E211,Sodium Benzoate,High,25
1226,IN_8906098120601,E330,Citric Acid,Low,100
1227,IN_8906098120601,E331,E331,Low / Unclassified,100
1228,IN_90448249,E163,E163,Low / Unclassified,100
1229,IN_90448249,E290,E290,Low / Unclassified,100
1230,IN_90448249,E330,Citric Acid,Low,100
1231,IN_90448249,E331,E331,Low / Unclassified,100
1232,IN_8908001658386,E330,Citric Acid,Low,100
1233,IN_8908001658386,E331,E331,Low / Unclassified,100
1234,IN_8908001658386,E504,E504,Low / Unclassified,100
1235,IN_8902246015942,E150,E150,Low / Unclassified,100
1236,IN_8902246015942,E202,E202,Low / Unclassified,100
1237,IN_8902246015942,E290,E290,Low / Unclassified,100
1238,IN_8902246015942,E300,E300,Low / Unclassified,100
1239,IN_8902246015942,E330,Citric Acid,Low,100
1240,IN_8902246015942,E331,E331,Low / Unclassified,100
1241,IN_8902246015942,E331,E331,Low / Unclassified,100
1242,IN_8939115680314,E102,Tartrazine,High,25
1243,IN_8939115680314,E150,E150,Low / Unclassified,100
1244,IN_8939115680314,E211,Sodium Benzoate,High,25
1245,IN_8939115680314,E290,E290,Low / Unclassified,100
1246,IN_8939115680314,E300,E300,Low / Unclassified,100
1247,IN_8939115680314,E330,Citric Acid,Low,100
1248,IN_8939115680314,E331,E331,Low / Unclassified,100
1249,IN_5056784900093,E110,Sunset Yellow,High,25
1250,IN_5056784900093,E129,Allura Red AC,High,25
1251,IN_5056784900093,E202,E202,Low / Unclassified,100
1252,IN_5056784900093,E211,Sodium Benzoate,High,25
1253,IN_5056784900093,E330,Citric Acid,Low,100
1254,IN_5056784900093,E331,E331,Low / Unclassified,100
1255,IN_5056784900093,E960,E960,Low / Unclassified,100
1256,IN_8901012350041,E320,BHA,High,25
1257,IN_8901012350041,E330,Citric Acid,Low,100
1258,IN_8901012350041,E331,E331,Low / Unclassified,100
1259,IN_5061013949910,E200,E200,Low / Unclassified,100
1260,IN_5061013949910,E210,E210,Low / Unclassified,100
1261,IN_5061013949910,E330,Citric Acid,Low,100
1262,IN_5061013949910,E331,E331,Low / Unclassified,100
1263,IN_5061013949910,E950,E950,Low / Unclassified,100
1264,IN_5061013949910,E955,E955,Low / Unclassified,100
1265,IN_5061013949910,E968,E968,Low / Unclassified,100
1266,IN_8908013140619,E150,E150,Low / Unclassified,100
1267,IN_8908013140619,E211,Sodium Benzoate,High,25
1268,IN_8908013140619,E330,Citric Acid,Low,100
1269,IN_8908013140619,E331,E331,Low / Unclassified,100
1270,IN_8908013140619,E331,E331,Low / Unclassified,100
1271,IN_8908013140619,E500,E500,Low / Unclassified,100
1272,IN_8908013140619,E504,E504,Low / Unclassified,100
1273,IN_8901542000553,E110,Sunset Yellow,High,25
1274,IN_8901542000553,E330,Citric Acid,Low,100
1275,IN_8908000589063,E110,Sunset Yellow,High,25
1276,IN_8908000589063,E202,E202,Low / Unclassified,100
1277,IN_8908000589063,E300,E300,Low / Unclassified,100
1278,IN_8908000589063,E330,Citric Acid,Low,100
1279,IN_8908000589063,E440,E440,Low / Unclassified,100
1280,IN_8908000589063,E466,E466,Low / Unclassified,100
1281,IN_8902346050379,E330,Citric Acid,Low,100
1282,IN_8902346050379,E331,E331,Low / Unclassified,100
1283,IN_8934588232114,E129,Allura Red AC,High,25
1284,IN_8934588232114,E202,E202,Low / Unclassified,100
1285,IN_8934588232114,E211,Sodium Benzoate,High,25
1286,IN_8934588232114,E385,E385,Low / Unclassified,100
1287,IN_8934588232114,E452,E452,Low / Unclassified,100
1288,IN_8902080495023,E129,Allura Red AC,High,25
1289,IN_8902080495023,E202,E202,Low / Unclassified,100
1290,IN_8902080495023,E211,Sodium Benzoate,High,25
1291,IN_8902080495023,E330,Citric Acid,Low,100
1292,IN_8902080495023,E331,E331,Low / Unclassified,100
1293,IN_8902080495023,E385,E385,Low / Unclassified,100
1294,IN_8902080495023,E452,E452,Low / Unclassified,100
1295,IN_8902080495023,E950,E950,Low / Unclassified,100
1296,IN_8902080495023,E955,E955,Low / Unclassified,100
1297,IN_4897036695678,E102,Tartrazine,High,25
1298,IN_4897036695678,E129,Allura Red AC,High,25
1299,IN_4897036695678,E202,E202,Low / Unclassified,100
1300,IN_4897036695678,E211,Sodium Benzoate,High,25
1301,IN_4897036695678,E330,Citric Acid,Low,100
1302,IN_4897036695678,E955,E955,Low / Unclassified,100
1303,IN_8906097590788,E100,E100,Low / Unclassified,100
1304,IN_8906097590788,E202,E202,Low / Unclassified,100
1305,IN_8906097590788,E330,Citric Acid,Low,100
1306,IN_8906097590788,E415,Xanthan Gum,Low,100
1307,IN_8906097590788,E955,E955,Low / Unclassified,100
1308,IN_8902080100491,E129,Allura Red AC,High,25
1309,IN_8902080100491,E202,E202,Low / Unclassified,100
1310,IN_8902080100491,E211,Sodium Benzoate,High,25
1311,IN_8902080100491,E330,Citric Acid,Low,100
1312,IN_8902080100491,E331,E331,Low / Unclassified,100
1313,IN_8902080100491,E385,E385,Low / Unclassified,100
1314,IN_8902080100491,E452,E452,Low / Unclassified,100
1315,IN_8902080100491,E950,E950,Low / Unclassified,100
1316,IN_8902080100491,E955,E955,Low / Unclassified,100
1317,IN_8901030831690,E122,Azorubine,High,25
1318,IN_8901030831690,E202,E202,Low / Unclassified,100
1319,IN_8901030831690,E330,Citric Acid,Low,100
1320,IN_8901030831690,E440,E440,Low / Unclassified,100
1321,IN_8901030922787,E122,Azorubine,High,25
1322,IN_8901030922787,E202,E202,Low / Unclassified,100
1323,IN_8901030922787,E330,Citric Acid,Low,100
1324,IN_8901030922787,E440,E440,Low / Unclassified,100
1325,IN_8901595863280,E1422,E1422,Low / Unclassified,100
1326,IN_8901595863280,E202,E202,Low / Unclassified,100
1327,IN_8901595863280,E211,Sodium Benzoate,High,25
1328,IN_8901595863280,E260,E260,Low / Unclassified,100
1329,IN_8901595863280,E635,E635,Low / Unclassified,100
1330,IN_8901030831706,E122,Azorubine,High,25
1331,IN_8901030831706,E202,E202,Low / Unclassified,100
1332,IN_8901030831706,E330,Citric Acid,Low,100
1333,IN_8901030831706,E440,E440,Low / Unclassified,100
1334,IN_8901595863013,E1422,E1422,Low / Unclassified,100
1335,IN_8901595863013,E202,E202,Low / Unclassified,100
1336,IN_8901595863013,E211,Sodium Benzoate,High,25
1337,IN_8901595863013,E260,E260,Low / Unclassified,100
1338,IN_8901595863013,E635,E635,Low / Unclassified,100
1339,IN_8904327600405,E471,E471,Low / Unclassified,100
1340,IN_8904320015404,E471,E471,Low / Unclassified,100
1341,IN_8901512144805,E319,E319,Low / Unclassified,100
1342,IN_8906069401210,E471,E471,Low / Unclassified,100
1343,IN_8906029450548,E122,Azorubine,High,25
1344,IN_8906029450548,E211,Sodium Benzoate,High,25
1345,IN_8906029450548,E330,Citric Acid,Low,100
1346,IN_8906029450548,E440,E440,Low / Unclassified,100
1347,IN_8908010900162,E471,E471,Low / Unclassified,100
1348,IN_8904320015398,E471,E471,Low / Unclassified,100
1349,IN_8901030944376,E322,Lecithin,Low,100
1350,IN_8908010900216,E322,Lecithin,Low,100
1351,IN_8908010900216,E471,E471,Low / Unclassified,100
1352,IN_8904327600351,E471,E471,Low / Unclassified,100
1353,IN_8904327600894,E471,E471,Low / Unclassified,100
1354,IN_8904327600955,E471,E471,Low / Unclassified,100
1355,IN_8904327601969,E471,E471,Low / Unclassified,100
1356,IN_8904327600399,E471,E471,Low / Unclassified,100
1357,IN_8908010900209,E322,Lecithin,Low,100
1358,IN_8908010900209,E471,E471,Low / Unclassified,100
1359,IN_8908010900223,E322,Lecithin,Low,100
1360,IN_8908010900223,E471,E471,Low / Unclassified,100
1361,IN_8904320075446,E471,E471,Low / Unclassified,100
1362,IN_8901512144706,E319,E319,Low / Unclassified,100
1363,IN_8901512144706,E471,E471,Low / Unclassified,100
1364,IN_8901088081313,E471,E471,Low / Unclassified,100
1365,IN_8908010900995,E322,Lecithin,Low,100
1366,IN_8904327600382,E471,E471,Low / Unclassified,100
1367,IN_8901044200284,E122,Azorubine,High,25
1368,IN_8901044200284,E211,Sodium Benzoate,High,25
1369,IN_8901044200284,E330,Citric Acid,Low,100
1370,IN_8901044200284,E440,E440,Low / Unclassified,100
1371,IN_3017620425035,E322,Lecithin,Low,100
1372,IN_3017620425035,E322,Lecithin,Low,100
1373,IN_8904327600450,E471,E471,Low / Unclassified,100
1374,IN_8901063325463,E1100,E1100,Low / Unclassified,100
1375,IN_8901063325463,E1102,E1102,Low / Unclassified,100
1376,IN_8901063325463,E1104,E1104,Low / Unclassified,100
1377,IN_8901063325463,E150,E150,Low / Unclassified,100
1378,IN_8901063325463,E300,E300,Low / Unclassified,100
1379,IN_8901063325463,E471,E471,Low / Unclassified,100
1380,IN_8901063325463,E472,E472,Low / Unclassified,100
1381,IN_8901808000020,E500,E500,Low / Unclassified,100
1382,IN_8901808000020,E500,E500,Low / Unclassified,100
1383,IN_8901808000020,E521,E521,Low / Unclassified,100
1384,IN_8908002507409,E300,E300,Low / Unclassified,100
1385,IN_8908019552096,E322,Lecithin,Low,100
1386,IN_8908019552096,E322,Lecithin,Low,100
1387,IN_8908019552096,E322,Lecithin,Low,100
1388,IN_8908019552096,E492,E492,Low / Unclassified,100
1389,IN_8908019552096,E500,E500,Low / Unclassified,100
1390,IN_8908019552096,E500,E500,Low / Unclassified,100
1391,IN_8900017562619,E160,E160,Low / Unclassified,100
1392,IN_8900017562619,E170,E170,Low / Unclassified,100
1393,IN_8900017562619,E200,E200,Low / Unclassified,100
1394,IN_8900017562619,E202,E202,Low / Unclassified,100
1395,IN_8900017562619,E319,E319,Low / Unclassified,100
1396,IN_8900017562619,E322,Lecithin,Low,100
1397,IN_8900017562619,E330,Citric Acid,Low,100
1398,IN_8900017562619,E385,E385,Low / Unclassified,100
1399,IN_8900017562619,E471,E471,Low / Unclassified,100
1400,IN_8904092498023,E1100,E1100,Low / Unclassified,100
1401,IN_8904092498023,E1102,E1102,Low / Unclassified,100
1402,IN_8904092498023,E1104,E1104,Low / Unclassified,100
1403,IN_8904092498023,E150,E150,Low / Unclassified,100
1404,IN_8904092498023,E260,E260,Low / Unclassified,100
1405,IN_8904092498023,E282,E282,Low / Unclassified,100
1406,IN_8904092498023,E510,E510,Low / Unclassified,100
1407,IN_8904043551548,E1100,E1100,Low / Unclassified,100
1408,IN_8904043551548,E200,E200,Low / Unclassified,100
1409,IN_8904043551548,E260,E260,Low / Unclassified,100
1410,IN_8904043551548,E282,E282,Low / Unclassified,100
1411,IN_8904043551548,E300,E300,Low / Unclassified,100
1412,IN_8904043551548,E341,E341,Low / Unclassified,100
1413,IN_8904043551548,E471,E471,Low / Unclassified,100
1414,IN_8904043551548,E510,E510,Low / Unclassified,100
1415,IN_8906029110022,E1100,E1100,Low / Unclassified,100
1416,IN_8906029110022,E260,E260,Low / Unclassified,100
1417,IN_8906029110022,E282,E282,Low / Unclassified,100
1418,IN_8904043554716,E100,E100,Low / Unclassified,100
1419,IN_8904043554716,E129,Allura Red AC,High,25
1420,IN_8904043554716,E200,E200,Low / Unclassified,100
1421,IN_8904043554716,E211,Sodium Benzoate,High,25
1422,IN_8904043554716,E282,E282,Low / Unclassified,100
1423,IN_8904043554716,E330,Citric Acid,Low,100
1424,IN_8904043554716,E412,Guar Gum,Low,100
1425,IN_8904043554716,E422,E422,Low / Unclassified,100
1426,IN_8901063325036,E1100,E1100,Low / Unclassified,100
1427,IN_8901063325036,E1102,E1102,Low / Unclassified,100
1428,IN_8901063325036,E1104,E1104,Low / Unclassified,100
1429,IN_8901063325036,E150,E150,Low / Unclassified,100
1430,IN_8901063325036,E300,E300,Low / Unclassified,100
1431,IN_8901063325036,E471,E471,Low / Unclassified,100
1432,IN_8901063325036,E472,E472,Low / Unclassified,100
1433,IN_8904043551579,E1100,E1100,Low / Unclassified,100
1434,IN_8904043551579,E1102,E1102,Low / Unclassified,100
1435,IN_8904043551579,E1104,E1104,Low / Unclassified,100
1436,IN_8904043551579,E200,E200,Low / Unclassified,100
1437,IN_8904043551579,E260,E260,Low / Unclassified,100
1438,IN_8904043551579,E282,E282,Low / Unclassified,100
1439,IN_8904043551579,E300,E300,Low / Unclassified,100
1440,IN_8904043551579,E471,E471,Low / Unclassified,100
1441,IN_8904043551579,E510,E510,Low / Unclassified,100
1442,IN_8906001387114,E1100,E1100,Low / Unclassified,100
1443,IN_8906001387114,E260,E260,Low / Unclassified,100
1444,IN_8906001387114,E282,E282,Low / Unclassified,100
1445,IN_8906001387114,E300,E300,Low / Unclassified,100
1446,IN_8906001387114,E471,E471,Low / Unclassified,100
1447,IN_8906001387114,E472,E472,Low / Unclassified,100
1448,IN_8906001387114,E481,E481,Low / Unclassified,100
1449,IN_8906001387114,E510,E510,Low / Unclassified,100
1450,IN_8906001387114,E923,E923,Low / Unclassified,100
1451,IN_8906001388609,E1100,E1100,Low / Unclassified,100
1452,IN_8906001388609,E170,E170,Low / Unclassified,100
1453,IN_8906001388609,E260,E260,Low / Unclassified,100
1454,IN_8906001388609,E282,E282,Low / Unclassified,100
1455,IN_8906001388609,E300,E300,Low / Unclassified,100
1456,IN_8906001388609,E471,E471,Low / Unclassified,100
1457,IN_8906001388609,E472,E472,Low / Unclassified,100
1458,IN_8906001388609,E481,E481,Low / Unclassified,100
1459,IN_8906001388609,E510,E510,Low / Unclassified,100
1460,IN_8906001388609,E923,E923,Low / Unclassified,100
1461,IN_8906007610124,E1100,E1100,Low / Unclassified,100
1462,IN_8906007610124,E170,E170,Low / Unclassified,100
1463,IN_8906007610124,E260,E260,Low / Unclassified,100
1464,IN_8906007610124,E282,E282,Low / Unclassified,100
1465,IN_8906007610124,E300,E300,Low / Unclassified,100
1466,IN_8906007610124,E481,E481,Low / Unclassified,100
1467,IN_8904043551555,E1100,E1100,Low / Unclassified,100
1468,IN_8904043551555,E1102,E1102,Low / Unclassified,100
1469,IN_8904043551555,E1104,E1104,Low / Unclassified,100
1470,IN_8904043551555,E200,E200,Low / Unclassified,100
1471,IN_8904043551555,E260,E260,Low / Unclassified,100
1472,IN_8904043551555,E282,E282,Low / Unclassified,100
1473,IN_8904043551555,E300,E300,Low / Unclassified,100
1474,IN_8904043551555,E341,E341,Low / Unclassified,100
1475,IN_8904043551555,E471,E471,Low / Unclassified,100
1476,IN_8904043551586,E1100,E1100,Low / Unclassified,100
1477,IN_8904043551586,E260,E260,Low / Unclassified,100
1478,IN_8904043551586,E282,E282,Low / Unclassified,100
1479,IN_8904043551586,E300,E300,Low / Unclassified,100
1480,IN_8904043551586,E341,E341,Low / Unclassified,100
1481,IN_8904043551586,E471,E471,Low / Unclassified,100
1482,IN_8904043551586,E510,E510,Low / Unclassified,100
1483,IN_8906001381143,E1100,E1100,Low / Unclassified,100
1484,IN_8906001381143,E170,E170,Low / Unclassified,100
1485,IN_8906001381143,E282,E282,Low / Unclassified,100
1486,IN_8906001381143,E300,E300,Low / Unclassified,100
1487,IN_8906001381143,E471,E471,Low / Unclassified,100
1488,IN_8906001381143,E481,E481,Low / Unclassified,100
1489,IN_8906001381143,E510,E510,Low / Unclassified,100
1490,IN_8906001381143,E923,E923,Low / Unclassified,100
1491,IN_8908001032049,E1100,E1100,Low / Unclassified,100
1492,IN_8908001032049,E260,E260,Low / Unclassified,100
1493,IN_8908001032049,E282,E282,Low / Unclassified,100
1494,IN_8908001032049,E300,E300,Low / Unclassified,100
1495,IN_8908001032049,E471,E471,Low / Unclassified,100
1496,IN_8908001032049,E476,E476,Low / Unclassified,100
1497,IN_8908001032049,E481,E481,Low / Unclassified,100
1498,IN_8906020460676,E150,E150,Low / Unclassified,100
1499,IN_8906020460676,E200,E200,Low / Unclassified,100
1500,IN_8906020460676,E270,E270,Low / Unclassified,100
1501,IN_8906020460676,E282,E282,Low / Unclassified,100
1502,IN_8906020460676,E300,E300,Low / Unclassified,100
1503,IN_8906020460676,E341,E341,Low / Unclassified,100
1504,IN_8906020460676,E472,E472,Low / Unclassified,100
1505,IN_8904043551494,E102,Tartrazine,High,25
1506,IN_8904043551494,E110,Sunset Yellow,High,25
1507,IN_8904043551494,E129,Allura Red AC,High,25
1508,IN_8904043551494,E211,Sodium Benzoate,High,25
1509,IN_8904043551494,E282,E282,Low / Unclassified,100
1510,IN_8904043551494,E300,E300,Low / Unclassified,100
1511,IN_8904043551494,E330,Citric Acid,Low,100
1512,IN_8904043551494,E481,E481,Low / Unclassified,100
1513,IN_8904043551494,E510,E510,Low / Unclassified,100
1514,IN_8901063342354,E1101,E1101,Low / Unclassified,100
1515,IN_8901063342354,E1102,E1102,Low / Unclassified,100
1516,IN_8901063342354,E1104,E1104,Low / Unclassified,100
1517,IN_8901063342354,E260,E260,Low / Unclassified,100
1518,IN_8901063342354,E282,E282,Low / Unclassified,100
1519,IN_8901063342354,E300,E300,Low / Unclassified,100
1520,IN_8901063342354,E412,Guar Gum,Low,100
1521,IN_8901063342354,E472,E472,Low / Unclassified,100
1522,IN_8901063342354,E510,E510,Low / Unclassified,100
1523,IN_8904043551524,E200,E200,Low / Unclassified,100
1524,IN_8904043551524,E260,E260,Low / Unclassified,100
1525,IN_8904043551524,E282,E282,Low / Unclassified,100
1526,IN_8904043551524,E297,E297,Low / Unclassified,100
1527,IN_8904043551524,E300,E300,Low / Unclassified,100
1528,IN_8904043551524,E471,E471,Low / Unclassified,100
1529,IN_8904043551524,E540,E540,Low / Unclassified,100
1530,IN_8906031251225,E1104,E1104,Low / Unclassified,100
1531,IN_8906031251225,E170,E170,Low / Unclassified,100
1532,IN_8906031251225,E170,E170,Low / Unclassified,100
1533,IN_8906031251225,E300,E300,Low / Unclassified,100
1534,IN_8906031251225,E472,E472,Low / Unclassified,100
1535,IN_8906031251225,E510,E510,Low / Unclassified,100
1536,IN_8906007612913,E1100,E1100,Low / Unclassified,100
1537,IN_8906007612913,E122,Azorubine,High,25
1538,IN_8906007612913,E127,E127,Low / Unclassified,100
1539,IN_8906007612913,E1520,E1520,Low / Unclassified,100
1540,IN_8906007612913,E170,E170,Low / Unclassified,100
1541,IN_8906007612913,E202,E202,Low / Unclassified,100
1542,IN_8906007612913,E224,E224,Low / Unclassified,100
1543,IN_8906007612913,E260,E260,Low / Unclassified,100
1544,IN_8906007612913,E282,E282,Low / Unclassified,100
1545,IN_8906007612913,E300,E300,Low / Unclassified,100
1546,IN_8906007612913,E330,Citric Acid,Low,100
1547,IN_8906007612913,E332,E332,Low / Unclassified,100
1548,IN_8906007612913,E440,E440,Low / Unclassified,100
1549,IN_8906007612913,E471,E471,Low / Unclassified,100
1550,IN_8906007612913,E481,E481,Low / Unclassified,100
1551,IN_8902027006169,E200,E200,Low / Unclassified,100
1552,IN_8902027006169,E270,E270,Low / Unclassified,100
1553,IN_8902027006169,E282,E282,Low / Unclassified,100
1554,IN_8902027006169,E297,E297,Low / Unclassified,100
1555,IN_8902027006169,E300,E300,Low / Unclassified,100
1556,IN_8902027006169,E341,E341,Low / Unclassified,100
1557,IN_8902027006169,E472,E472,Low / Unclassified,100
1558,IN_8901063338623,E1100,E1100,Low / Unclassified,100
1559,IN_8901063338623,E1102,E1102,Low / Unclassified,100
1560,IN_8901063338623,E1104,E1104,Low / Unclassified,100
1561,IN_8901063338623,E150,E150,Low / Unclassified,100
1562,IN_8901063338623,E260,E260,Low / Unclassified,100
1563,IN_8901063338623,E282,E282,Low / Unclassified,100
1564,IN_8901063338623,E471,E471,Low / Unclassified,100
1565,IN_8901063338623,E472,E472,Low / Unclassified,100
1566,IN_8901063338623,E481,E481,Low / Unclassified,100
1567,IN_8901063338623,E510,E510,Low / Unclassified,100
1568,IN_8901063342934,E1100,E1100,Low / Unclassified,100
1569,IN_8901063342934,E1102,E1102,Low / Unclassified,100
1570,IN_8901063342934,E1104,E1104,Low / Unclassified,100
1571,IN_8901063342934,E150,E150,Low / Unclassified,100
1572,IN_8901063342934,E260,E260,Low / Unclassified,100
1573,IN_8901063342934,E282,E282,Low / Unclassified,100
1574,IN_8901063342934,E471,E471,Low / Unclassified,100
1575,IN_8901063342934,E472,E472,Low / Unclassified,100
1576,IN_8901063342934,E481,E481,Low / Unclassified,100
1577,IN_8901063342934,E510,E510,Low / Unclassified,100
1578,IN_0760412594770,E471,E471,Low / Unclassified,100
1579,IN_8901063341852,E200,E200,Low / Unclassified,100
1580,IN_8901063341852,E260,E260,Low / Unclassified,100
1581,IN_8901063341852,E300,E300,Low / Unclassified,100
1582,IN_8901063341852,E412,Guar Gum,Low,100
1583,IN_8901063341852,E471,E471,Low / Unclassified,100
1584,IN_8901063341852,E472,E472,Low / Unclassified,100
1585,IN_8901063341852,E481,E481,Low / Unclassified,100
1586,IN_8901063341852,E516,E516,Low / Unclassified,100
1587,IN_8901063325784,E1100,E1100,Low / Unclassified,100
1588,IN_8901063325784,E1102,E1102,Low / Unclassified,100
1589,IN_8901063325784,E150,E150,Low / Unclassified,100
1590,IN_8901063325784,E300,E300,Low / Unclassified,100
1591,IN_8901063325784,E471,E471,Low / Unclassified,100
1592,IN_8901063325784,E472,E472,Low / Unclassified,100
1593,IN_8906020460010,E200,E200,Low / Unclassified,100
1594,IN_8906020460010,E270,E270,Low / Unclassified,100
1595,IN_8906020460010,E282,E282,Low / Unclassified,100
1596,IN_8906020460010,E297,E297,Low / Unclassified,100
1597,IN_8906020460010,E300,E300,Low / Unclassified,100
1598,IN_8906020460010,E415,Xanthan Gum,Low,100
1599,IN_8906020460010,E472,E472,Low / Unclassified,100
1600,IN_8906020460010,E481,E481,Low / Unclassified,100
1601,IN_8906020460010,E516,E516,Low / Unclassified,100
1602,IN_8906001387039,E100,E100,Low / Unclassified,100
1603,IN_8906001387039,E170,E170,Low / Unclassified,100
1604,IN_8906001387039,E260,E260,Low / Unclassified,100
1605,IN_8906001387039,E282,E282,Low / Unclassified,100
1606,IN_8906001387039,E300,E300,Low / Unclassified,100
1607,IN_8906001387039,E471,E471,Low / Unclassified,100
1608,IN_8906001387039,E472,E472,Low / Unclassified,100
1609,IN_8906001387039,E481,E481,Low / Unclassified,100
1610,IN_8906001387039,E510,E510,Low / Unclassified,100
1611,IN_8906001387039,E923,E923,Low / Unclassified,100
1612,IN_8901063343276,E260,E260,Low / Unclassified,100
1613,IN_8901063343276,E282,E282,Low / Unclassified,100
1614,IN_8901063343276,E471,E471,Low / Unclassified,100
1615,IN_8901063343276,E472,E472,Low / Unclassified,100
1616,IN_8901063343276,E481,E481,Low / Unclassified,100
1617,IN_8901063343276,E510,E510,Low / Unclassified,100
1618,IN_8906029110060,E1100,E1100,Low / Unclassified,100
1619,IN_8906029110060,E280,E280,Low / Unclassified,100
1620,IN_8906029110060,E281,E281,Low / Unclassified,100
1621,IN_8906029110060,E300,E300,Low / Unclassified,100
1622,IN_8906029110060,E412,Guar Gum,Low,100
1623,IN_8906029110060,E481,E481,Low / Unclassified,100
1624,IN_8906029110060,E510,E510,Low / Unclassified,100
1625,IN_8906029110060,E923,E923,Low / Unclassified,100
1626,IN_8906020461116,E129,Allura Red AC,High,25
1627,IN_8906020461116,E211,Sodium Benzoate,High,25
1628,IN_8906020461116,E282,E282,Low / Unclassified,100
1629,IN_8906020461116,E330,Citric Acid,Low,100
1630,IN_8908002735055,E1100,E1100,Low / Unclassified,100
1631,IN_8908002735055,E260,E260,Low / Unclassified,100
1632,IN_8908002735055,E282,E282,Low / Unclassified,100
1633,IN_8908002735055,E300,E300,Low / Unclassified,100
1634,IN_8908002735055,E481,E481,Low / Unclassified,100
1635,IN_8906149280650,E282,E282,Low / Unclassified,100
1636,IN_8906149280650,E472,E472,Low / Unclassified,100
1637,IN_8904474000332,E1100,E1100,Low / Unclassified,100
1638,IN_8904474000332,E1102,E1102,Low / Unclassified,100
1639,IN_8904474000332,E1104,E1104,Low / Unclassified,100
1640,IN_8904474000332,E170,E170,Low / Unclassified,100
1641,IN_8904474000332,E280,E280,Low / Unclassified,100
1642,IN_8904474000332,E472,E472,Low / Unclassified,100
1643,IN_8904474000332,E481,E481,Low / Unclassified,100
1644,IN_8906029605344,E202,E202,Low / Unclassified,100
1645,IN_8906029605344,E282,E282,Low / Unclassified,100
1646,IN_8906029605344,E471,E471,Low / Unclassified,100
1647,IN_8906029605344,E481,E481,Low / Unclassified,100
1648,IN_8906020460683,E282,E282,Low / Unclassified,100
1649,IN_8904043553054,E1100,E1100,Low / Unclassified,100
1650,IN_8904043553054,E170,E170,Low / Unclassified,100
1651,IN_8904043553054,E200,E200,Low / Unclassified,100
1652,IN_8904043553054,E260,E260,Low / Unclassified,100
1653,IN_8904043553054,E282,E282,Low / Unclassified,100
1654,IN_8904043553054,E300,E300,Low / Unclassified,100
1655,IN_8904043553054,E341,E341,Low / Unclassified,100
1656,IN_8904043553054,E481,E481,Low / Unclassified,100
1657,IN_8904043553054,E510,E510,Low / Unclassified,100
1658,IN_8908001588560,E202,E202,Low / Unclassified,100
1659,IN_8908001588560,E412,Guar Gum,Low,100
1660,IN_8901063338494,E1100,E1100,Low / Unclassified,100
1661,IN_8901063338494,E1102,E1102,Low / Unclassified,100
1662,IN_8901063338494,E260,E260,Low / Unclassified,100
1663,IN_8901063338494,E282,E282,Low / Unclassified,100
1664,IN_8901063338494,E300,E300,Low / Unclassified,100
1665,IN_8901063338494,E472,E472,Low / Unclassified,100
1666,IN_8901063338494,E510,E510,Low / Unclassified,100
1667,IN_8908001032124,E1100,E1100,Low / Unclassified,100
1668,IN_8908001032124,E260,E260,Low / Unclassified,100
1669,IN_8908001032124,E282,E282,Low / Unclassified,100
1670,IN_8908001032124,E300,E300,Low / Unclassified,100
1671,IN_8908001032124,E471,E471,Low / Unclassified,100
1672,IN_8908001032124,E510,E510,Low / Unclassified,100
1673,IN_8904244300341,E282,E282,Low / Unclassified,100
1674,IN_8904244300341,E300,E300,Low / Unclassified,100
1675,IN_8904244300341,E472,E472,Low / Unclassified,100
1676,IN_8904043551609,E170,E170,Low / Unclassified,100
1677,IN_8904043551609,E200,E200,Low / Unclassified,100
1678,IN_8904043551609,E260,E260,Low / Unclassified,100
1679,IN_8904043551609,E282,E282,Low / Unclassified,100
1680,IN_8904043551609,E297,E297,Low / Unclassified,100
1681,IN_8904043551609,E341,E341,Low / Unclassified,100
1682,IN_8904043551609,E481,E481,Low / Unclassified,100
1683,IN_8904043551609,E510,E510,Low / Unclassified,100
1684,IN_8901063325609,E300,E300,Low / Unclassified,100
1685,IN_8901063325609,E471,E471,Low / Unclassified,100
1686,IN_8901063325609,E472,E472,Low / Unclassified,100
1687,IN_8901063325609,E481,E481,Low / Unclassified,100
1688,IN_8906007702263,E1100,E1100,Low / Unclassified,100
1689,IN_8906007702263,E202,E202,Low / Unclassified,100
1690,IN_8906007702263,E282,E282,Low / Unclassified,100
1691,IN_8906007702263,E330,Citric Acid,Low,100
1692,IN_8906007702263,E422,E422,Low / Unclassified,100
1693,IN_8906007702263,E450,E450,Low / Unclassified,100
1694,IN_8906007702263,E450,E450,Low / Unclassified,100
1695,IN_8906007702263,E471,E471,Low / Unclassified,100
1696,IN_8906007702263,E500,E500,Low / Unclassified,100
1697,IN_8906007702263,E500,E500,Low / Unclassified,100
1698,IN_89080528,E1440,E1440,Low / Unclassified,100
1699,IN_89080528,E322,Lecithin,Low,100
1700,IN_89080528,E332,E332,Low / Unclassified,100
1701,IN_89080528,E407,E407,Low / Unclassified,100
1702,IN_89080528,E415,Xanthan Gum,Low,100
1703,IN_89080528,E500,E500,Low / Unclassified,100
1704,IN_8901030904561,E402,E402,Low / Unclassified,100
1705,IN_8801037006391,E340,E340,Low / Unclassified,100
1706,IN_8801037006391,E340,E340,Low / Unclassified,100
1707,IN_96831434,E340,E340,Low / Unclassified,100
1708,IN_96831434,E452,E452,Low / Unclassified,100
1709,IN_96831434,E471,E471,Low / Unclassified,100
1710,IN_96831434,E551,E551,Low / Unclassified,100
1711,IN_8906002770175,E339,E339,Low / Unclassified,100
1712,IN_8906002770175,E339,E339,Low / Unclassified,100
1713,IN_8998666003027,E340,E340,Low / Unclassified,100
1714,IN_8998666003027,E452,E452,Low / Unclassified,100
1715,IN_8998666003027,E471,E471,Low / Unclassified,100
1716,IN_8998666003027,E551,E551,Low / Unclassified,100
1717,IN_89080153,E150,E150,Low / Unclassified,100
1718,IN_89080153,E330,Citric Acid,Low,100
1719,IN_89080153,E635,E635,Low / Unclassified,100
1720,IN_8901725123123,E536,E536,Low / Unclassified,100
1721,IN_8901725123123,E551,E551,Low / Unclassified,100
1722,IN_89080672,E150,E150,Low / Unclassified,100
1723,IN_89080672,E330,Citric Acid,Low,100
1724,IN_89080672,E508,E508,Low / Unclassified,100
1725,IN_89080672,E635,E635,Low / Unclassified,100
1726,IN_8906190331516,E211,Sodium Benzoate,High,25
1727,IN_8906066206115,E330,Citric Acid,Low,100
1728,IN_8906066206115,E551,E551,Low / Unclassified,100
1729,IN_8906066206115,E627,E627,Low / Unclassified,100
1730,IN_8906066206115,E631,E631,Low / Unclassified,100
1731,IN_8906030992099,E330,Citric Acid,Low,100
1732,IN_8906030992099,E551,E551,Low / Unclassified,100
1733,IN_8902901231373,E414,E414,Low / Unclassified,100
1734,IN_3948537078321,E330,Citric Acid,Low,100
1735,IN_3948537078321,E551,E551,Low / Unclassified,100
1736,IN_3948537078321,E627,E627,Low / Unclassified,100
1737,IN_3948537078321,E631,E631,Low / Unclassified,100
1738,IN_8901786380503,E164,E164,Low / Unclassified,100
1739,IN_8904238400187,E110,Sunset Yellow,High,25
1740,IN_8904238400187,E122,Azorubine,High,25
1741,IN_8906001052005,E330,Citric Acid,Low,100
1742,IN_8901042968711,E414,E414,Low / Unclassified,100
1743,IN_8901662037828,E319,E319,Low / Unclassified,100
1744,IN_9825809935039,E330,Citric Acid,Low,100
1745,IN_8836473163230,E551,E551,Low / Unclassified,100
1746,IN_8904043927428,E330,Citric Acid,Low,100
1747,IN_8904043927428,E412,Guar Gum,Low,100
1748,IN_8904043927428,E536,E536,Low / Unclassified,100
1749,IN_8901537078314,E330,Citric Acid,Low,100
1750,IN_8901537078314,E551,E551,Low / Unclassified,100
1751,IN_8901537078314,E627,E627,Low / Unclassified,100
1752,IN_8901537078314,E631,E631,Low / Unclassified,100
1753,IN_8906084410617,E160,E160,Low / Unclassified,100
1754,IN_8906084410617,E415,Xanthan Gum,Low,100
1755,IN_8906084410617,E629,E629,Low / Unclassified,100
1756,IN_8906084410617,E630,E630,Low / Unclassified,100
1757,IN_8903553601613,E211,Sodium Benzoate,High,25
1758,IN_8903241110076,E260,E260,Low / Unclassified,100
1759,IN_8901095000451,E211,Sodium Benzoate,High,25
1760,IN_8901095000451,E260,E260,Low / Unclassified,100
1761,IN_8901095000451,E330,Citric Acid,Low,100
1762,IN_8906001050742,E260,E260,Low / Unclassified,100
1763,IN_8906001050865,E260,E260,Low / Unclassified,100
1764,IN_8903241110984,E260,E260,Low / Unclassified,100
1765,IN_8901560141436,E211,Sodium Benzoate,High,25
1766,IN_8901560141436,E260,E260,Low / Unclassified,100
1767,IN_8906147170700,E211,Sodium Benzoate,High,25
1768,IN_8906147170700,E260,E260,Low / Unclassified,100
1769,IN_8901560000436,E211,Sodium Benzoate,High,25
1770,IN_8901560000436,E260,E260,Low / Unclassified,100
1771,IN_8905507003146,E211,Sodium Benzoate,High,25
1772,IN_8905507003146,E260,E260,Low / Unclassified,100
1773,IN_8904246910012,E260,E260,Low / Unclassified,100
1774,IN_8906021129961,E211,Sodium Benzoate,High,25
1775,IN_8906021129961,E260,E260,Low / Unclassified,100
1776,IN_8906021129961,E330,Citric Acid,Low,100
1777,IN_8904293721692,E330,Citric Acid,Low,100
1778,IN_8901483002395,E260,E260,Low / Unclassified,100
1779,IN_8901483002395,E509,E509,Low / Unclassified,100
1780,IN_8906001050711,E260,E260,Low / Unclassified,100
1781,IN_8901042955094,E211,Sodium Benzoate,High,25
1782,IN_8901042955094,E260,E260,Low / Unclassified,100
1783,IN_8901042955094,E330,Citric Acid,Low,100
1784,IN_8906021129992,E260,E260,Low / Unclassified,100
1785,IN_8906021129992,E330,Citric Acid,Low,100
1786,IN_8906132640591,E260,E260,Low / Unclassified,100
1787,IN_8906003656423,E330,Citric Acid,Low,100
1788,IN_0846597026029,E211,Sodium Benzoate,High,25
1789,IN_0846597026029,E330,Citric Acid,Low,100
1790,IN_8904103032017,E330,Citric Acid,Low,100
1791,IN_8906132960828,E211,Sodium Benzoate,High,25
1792,IN_8906132960835,E211,Sodium Benzoate,High,25
1793,IN_3297387000137,E300,E300,Low / Unclassified,100
1794,IN_8906021128735,E211,Sodium Benzoate,High,25
1795,IN_8906021128735,E260,E260,Low / Unclassified,100
1796,IN_8908005754022,E260,E260,Low / Unclassified,100
1797,IN_8906095480920,E260,E260,Low / Unclassified,100
1798,IN_8904288612028,E211,Sodium Benzoate,High,25
1799,IN_8904288612028,E260,E260,Low / Unclassified,100
1800,IN_8904288612028,E330,Citric Acid,Low,100
1801,IN_8906078890159,E211,Sodium Benzoate,High,25
1802,IN_8906090400923,E211,Sodium Benzoate,High,25
1803,IN_8906090400923,E260,E260,Low / Unclassified,100
1804,IN_8904071302419,E260,E260,Low / Unclassified,100
1805,IN_8939117991388,E211,Sodium Benzoate,High,25
1806,IN_8939117991388,E260,E260,Low / Unclassified,100
1807,IN_8906108640631,E211,Sodium Benzoate,High,25
1808,IN_8906108640631,E260,E260,Low / Unclassified,100
1809,IN_8908005144014,E322,Lecithin,Low,100
1810,IN_8908005144014,E322,Lecithin,Low,100
1811,IN_8908005144014,E392,E392,Low / Unclassified,100
1812,IN_8908005144359,E392,E392,Low / Unclassified,100
1813,IN_8908005144359,E414,E414,Low / Unclassified,100
1814,IN_8908005144366,E392,E392,Low / Unclassified,100
1815,IN_8908005144366,E414,E414,Low / Unclassified,100
1816,IN_8908005144366,E422,E422,Low / Unclassified,100
1817,IN_8410076601445,E322,Lecithin,Low,100
1818,IN_8410076601445,E322,Lecithin,Low,100
1819,IN_8410076601445,E500,E500,Low / Unclassified,100
1820,IN_8410076601445,E500,E500,Low / Unclassified,100
1821,IN_8906009532998,E322,Lecithin,Low,100
1822,IN_8906009532998,E322,Lecithin,Low,100
1823,IN_8906009532998,E330,Citric Acid,Low,100
1824,IN_8906009532998,E412,Guar Gum,Low,100
1825,IN_8906009532998,E422,E422,Low / Unclassified,100
1826,IN_8906009532998,E965,E965,Low / Unclassified,100
1827,IN_8906009531236,E322,Lecithin,Low,100
1828,IN_8906009531236,E322,Lecithin,Low,100
1829,IN_8906009531236,E330,Citric Acid,Low,100
1830,IN_8906009531236,E412,Guar Gum,Low,100
1831,IN_8906009531236,E422,E422,Low / Unclassified,100
1832,IN_8904335602064,E414,E414,Low / Unclassified,100
1833,IN_8904335602064,E422,E422,Low / Unclassified,100
1834,IN_0787099843700,E306,E306,Low / Unclassified,100
1835,IN_0787099843700,E322,Lecithin,Low,100
1836,IN_0787099843700,E322,Lecithin,Low,100
1837,IN_0787099843700,E500,E500,Low / Unclassified,100
1838,IN_0787099843700,E500,E500,Low / Unclassified,100
1839,IN_8901595873258,E202,E202,Low / Unclassified,100
1840,IN_8901595873258,E211,Sodium Benzoate,High,25
1841,IN_8901595873258,E260,E260,Low / Unclassified,100
1842,IN_8901595873258,E330,Citric Acid,Low,100
1843,IN_8901595873258,E415,Xanthan Gum,Low,100
1844,IN_4800024572509,E330,Citric Acid,Low,100
1845,IN_8901030902369,E551,E551,Low / Unclassified,100
1846,IN_8901030902383,E330,Citric Acid,Low,100
1847,IN_8901030902383,E415,Xanthan Gum,Low,100
1848,IN_8901030902383,E551,E551,Low / Unclassified,100
1849,IN_8901030902383,E631,E631,Low / Unclassified,100
1850,IN_8901595971220,E150,E150,Low / Unclassified,100
1851,IN_8901595971220,E296,E296,Low / Unclassified,100
1852,IN_8901595971220,E415,Xanthan Gum,Low,100
1853,IN_8901595971220,E551,E551,Low / Unclassified,100
1854,IN_8901595971220,E635,E635,Low / Unclassified,100
1855,IN_8901030900105,E330,Citric Acid,Low,100
1856,IN_8901030900105,E415,Xanthan Gum,Low,100
1857,IN_8901030900105,E551,E551,Low / Unclassified,100
1858,IN_8901030900105,E631,E631,Low / Unclassified,100
1859,IN_8901030757501,E392,E392,Low / Unclassified,100
1860,IN_8901030900303,E330,Citric Acid,Low,100
1861,IN_8901030900303,E415,Xanthan Gum,Low,100
1862,IN_8901030900303,E551,E551,Low / Unclassified,100
1863,IN_8901030900303,E631,E631,Low / Unclassified,100
1864,IN_8901030555442,E296,E296,Low / Unclassified,100
1865,IN_8901030555442,E415,Xanthan Gum,Low,100
1866,IN_8901030555442,E551,E551,Low / Unclassified,100
1867,IN_8901030555442,E631,E631,Low / Unclassified,100
1868,IN_8901030900150,E300,E300,Low / Unclassified,100
1869,IN_8901030900150,E407,E407,Low / Unclassified,100
1870,IN_8901030900150,E415,Xanthan Gum,Low,100
1871,IN_8901030900150,E631,E631,Low / Unclassified,100
1872,IN_8901030518232,E551,E551,Low / Unclassified,100
1873,IN_8901595961412,E150,E150,Low / Unclassified,100
1874,IN_8901595961412,E260,E260,Low / Unclassified,100
1875,IN_8901595961412,E415,Xanthan Gum,Low,100
1876,IN_8901595961412,E627,E627,Low / Unclassified,100
1877,IN_8901595961412,E631,E631,Low / Unclassified,100
1878,IN_8906097592911,E100,E100,Low / Unclassified,100
1879,IN_8906097592911,E412,Guar Gum,Low,100
1880,IN_8906097592911,E551,E551,Low / Unclassified,100
1881,IN_8906097592911,E627,E627,Low / Unclassified,100
1882,IN_8906097592911,E631,E631,Low / Unclassified,100
1883,IN_8906108530802,E330,Citric Acid,Low,100
1884,IN_8906108530802,E415,Xanthan Gum,Low,100
1885,IN_8906108530802,E551,E551,Low / Unclassified,100
1886,IN_8906108530802,E635,E635,Low / Unclassified,100
1887,IN_8901725007102,E508,E508,Low / Unclassified,100
1888,IN_8901725007508,E508,E508,Low / Unclassified,100
1889,IN_8901725004682,E322,Lecithin,Low,100
1890,IN_8901725004682,E322,Lecithin,Low,100
1891,IN_8901725004682,E450,E450,Low / Unclassified,100
1892,IN_8901725004682,E450,E450,Low / Unclassified,100
1893,IN_8901725004682,E500,E500,Low / Unclassified,100
1894,IN_8901725004682,E500,E500,Low / Unclassified,100
1895,IN_8901725004682,E503,E503,Low / Unclassified,100
1896,IN_8901725004682,E503,E503,Low / Unclassified,100
1897,IN_8901725100131,E110,Sunset Yellow,High,25
1898,IN_8901725100131,E1200,E1200,Low / Unclassified,100
1899,IN_8901725100131,E171,E171,Low / Unclassified,100
1900,IN_8901725016562,E322,Lecithin,Low,100
1901,IN_8901725016562,E322,Lecithin,Low,100
1902,IN_8901725016562,E422,E422,Low / Unclassified,100
1903,IN_8901725016562,E500,E500,Low / Unclassified,100
1904,IN_8901725016562,E500,E500,Low / Unclassified,100
1905,IN_8901725016562,E503,E503,Low / Unclassified,100
1906,IN_8901725016562,E570,E570,Low / Unclassified,100
1907,IN_8901725015435,E110,Sunset Yellow,High,25
1908,IN_8901725015435,E127,E127,Low / Unclassified,100
1909,IN_8901725015435,E150,E150,Low / Unclassified,100
1910,IN_8901725015435,E223,E223,Low / Unclassified,100
1911,IN_8901725015435,E450,E450,Low / Unclassified,100
1912,IN_8901725015435,E450,E450,Low / Unclassified,100
1913,IN_8901725015435,E471,E471,Low / Unclassified,100
1914,IN_8901725015435,E500,E500,Low / Unclassified,100
1915,IN_8901725015435,E500,E500,Low / Unclassified,100
1916,IN_8901725015435,E503,E503,Low / Unclassified,100
1917,IN_8901725015435,E503,E503,Low / Unclassified,100
1918,IN_8901725135218,E330,Citric Acid,Low,100
1919,IN_8901725135218,E627,E627,Low / Unclassified,100
1920,IN_8901725135218,E631,E631,Low / Unclassified,100
1921,IN_8909081001499,E102,Tartrazine,High,25
1922,IN_8909081001499,E110,Sunset Yellow,High,25
1923,IN_8909081001499,E124,Ponceau 4R,High,25
1924,IN_8909081001499,E330,Citric Acid,Low,100
1925,IN_8909081001499,E331,E331,Low / Unclassified,100
1926,IN_8901725100063,E1200,E1200,Low / Unclassified,100
1927,IN_8901725100063,E150,E150,Low / Unclassified,100
1928,IN_8901725100063,E296,E296,Low / Unclassified,100
1929,IN_8901725100063,E415,Xanthan Gum,Low,100
1930,IN_8901725100063,E466,E466,Low / Unclassified,100
1931,IN_8909081006197,E202,E202,Low / Unclassified,100
1932,IN_8901725013714,E330,Citric Acid,Low,100
1933,IN_8901725013714,E508,E508,Low / Unclassified,100
1934,IN_8901725013714,E635,E635,Low / Unclassified,100
1935,IN_8901262172448,E407,E407,Low / Unclassified,100
1936,IN_8901262172448,E412,Guar Gum,Low,100
1937,IN_8901262172448,E415,Xanthan Gum,Low,100
1938,IN_8901262172448,E466,E466,Low / Unclassified,100
1939,IN_8901262172448,E471,E471,Low / Unclassified,100
1940,IN_8901262173490,E407,E407,Low / Unclassified,100
1941,IN_8901262173490,E412,Guar Gum,Low,100
1942,IN_8901262173490,E415,Xanthan Gum,Low,100
1943,IN_8901262173490,E466,E466,Low / Unclassified,100
1944,IN_8901262173490,E471,E471,Low / Unclassified,100
1945,IN_8901262173483,E102,Tartrazine,High,25
1946,IN_8901262173483,E110,Sunset Yellow,High,25
1947,IN_8901262173483,E407,E407,Low / Unclassified,100
1948,IN_8901262173483,E412,Guar Gum,Low,100
1949,IN_8901262173483,E415,Xanthan Gum,Low,100
1950,IN_8901262173483,E466,E466,Low / Unclassified,100
1951,IN_8901262300612,E407,E407,Low / Unclassified,100
1952,IN_8901262300612,E412,Guar Gum,Low,100
1953,IN_8901262300612,E415,Xanthan Gum,Low,100
1954,IN_8901262300612,E466,E466,Low / Unclassified,100
1955,IN_8901262178068,E102,Tartrazine,High,25
1956,IN_8901262178068,E110,Sunset Yellow,High,25
1957,IN_8901262178068,E164,E164,Low / Unclassified,100
1958,IN_8901262178068,E407,E407,Low / Unclassified,100
1959,IN_8901262178068,E412,Guar Gum,Low,100
1960,IN_8901262178068,E415,Xanthan Gum,Low,100
1961,IN_8901262178068,E435,E435,Low / Unclassified,100
1962,IN_8901262178068,E440,E440,Low / Unclassified,100
1963,IN_8901262178068,E466,E466,Low / Unclassified,100
1964,IN_8901262178068,E471,E471,Low / Unclassified,100
1965,IN_8901262176224,E322,Lecithin,Low,100
1966,IN_8901262176224,E407,E407,Low / Unclassified,100
1967,IN_8901262176224,E412,Guar Gum,Low,100
1968,IN_8901262176224,E415,Xanthan Gum,Low,100
1969,IN_8901262176224,E466,E466,Low / Unclassified,100
1970,IN_8901262176224,E471,E471,Low / Unclassified,100
1971,IN_8901262130325,E150,E150,Low / Unclassified,100
1972,IN_8901262130325,E150,E150,Low / Unclassified,100
1973,IN_8901262130325,E162,E162,Low / Unclassified,100
1974,IN_8901262130325,E322,Lecithin,Low,100
1975,IN_8901262130325,E471,E471,Low / Unclassified,100
1976,IN_8901262130325,E500,E500,Low / Unclassified,100
1977,IN_8901262178075,E407,E407,Low / Unclassified,100
1978,IN_8901262178075,E412,Guar Gum,Low,100
1979,IN_8901262178075,E415,Xanthan Gum,Low,100
1980,IN_8901262178075,E440,E440,Low / Unclassified,100
1981,IN_8901262178075,E466,E466,Low / Unclassified,100
1982,IN_8901262178075,E471,E471,Low / Unclassified,100
1983,IN_8901262220552,E481,E481,Low / Unclassified,100
1984,IN_8901262220552,E500,E500,Low / Unclassified,100
1985,IN_8901262220552,E503,E503,Low / Unclassified,100
1986,IN_8901262173223,E102,Tartrazine,High,25
1987,IN_8901262173223,E407,E407,Low / Unclassified,100
1988,IN_8901262173223,E412,Guar Gum,Low,100
1989,IN_8901262173223,E415,Xanthan Gum,Low,100
1990,IN_8901262173223,E466,E466,Low / Unclassified,100
1991,IN_8901262173223,E471,E471,Low / Unclassified,100
1992,IN_8901262020299,E200,E200,Low / Unclassified,100
1993,IN_8901262020299,E234,E234,Low / Unclassified,100
1994,IN_8901262020299,E331,E331,Low / Unclassified,100
1995,IN_8901262020299,E339,E339,Low / Unclassified,100
1996,IN_8901262020299,E341,E341,Low / Unclassified,100
1997,IN_8901262020299,E452,E452,Low / Unclassified,100
1998,IN_8901262176446,E322,Lecithin,Low,100
1999,IN_8901262176446,E407,E407,Low / Unclassified,100
2000,IN_8901262176446,E412,Guar Gum,Low,100
2001,IN_8901262176446,E435,E435,Low / Unclassified,100
2002,IN_8901262176446,E471,E471,Low / Unclassified,100
2003,IN_8901262070430,E322,Lecithin,Low,100
2004,IN_8901262070430,E322,Lecithin,Low,100
2005,IN_8901262201001,E460,E460,Low / Unclassified,100
2006,IN_8901262178259,E150,E150,Low / Unclassified,100
2007,IN_8901262178259,E319,E319,Low / Unclassified,100
2008,IN_8901262178259,E322,Lecithin,Low,100
2009,IN_8901262178259,E407,E407,Low / Unclassified,100
2010,IN_8901262178259,E412,Guar Gum,Low,100
2011,IN_8901262178259,E471,E471,Low / Unclassified,100
2012,IN_8901262178259,E491,E491,Low / Unclassified,100
2013,IN_8901262178259,E500,E500,Low / Unclassified,100
2014,IN_8901262178259,E503,E503,Low / Unclassified,100
2015,IN_8901262300117,E322,Lecithin,Low,100
2016,IN_8901262300117,E407,E407,Low / Unclassified,100
2017,IN_8901262300117,E412,Guar Gum,Low,100
2018,IN_8901262300117,E415,Xanthan Gum,Low,100
2019,IN_8901262300117,E466,E466,Low / Unclassified,100
2020,IN_8901262300117,E471,E471,Low / Unclassified,100
2021,IN_8901262300117,E476,E476,Low / Unclassified,100
2022,UK_5000168036755,E296,E296,Low / Unclassified,100
2023,UK_5000168036755,E500,E500,Low / Unclassified,100
2024,UK_5000168036755,E500,E500,Low / Unclassified,100
2025,UK_5000168036755,E503,E503,Low / Unclassified,100
2026,UK_5000168036755,E503,E503,Low / Unclassified,100
2027,UK_0612322000202,E500,E500,Low / Unclassified,100
2028,UK_0612322000202,E500,E500,Low / Unclassified,100
2029,UK_0061232201948,E500,E500,Low / Unclassified,100
2030,UK_0061232201948,E500,E500,Low / Unclassified,100
2031,UK_0061232200545,E500,E500,Low / Unclassified,100
2032,UK_0061232200545,E500,E500,Low / Unclassified,100
2033,UK_0061232202556,E322,Lecithin,Low,100
2034,UK_0061232202556,E322,Lecithin,Low,100
2035,UK_0061232202556,E500,E500,Low / Unclassified,100
2036,UK_0061232202556,E500,E500,Low / Unclassified,100
2037,UK_7622202018701,E1200,E1200,Low / Unclassified,100
2038,UK_7622202018701,E322,Lecithin,Low,100
2039,UK_7622202018701,E472,E472,Low / Unclassified,100
2040,UK_7622202018701,E500,E500,Low / Unclassified,100
2041,UK_7622202018701,E503,E503,Low / Unclassified,100
2042,UK_7622201499679,E450,E450,Low / Unclassified,100
2043,UK_7622201499679,E472,E472,Low / Unclassified,100
2044,UK_7622201499679,E500,E500,Low / Unclassified,100
2045,UK_7622201499679,E503,E503,Low / Unclassified,100
2046,UK_00672566,E500,E500,Low / Unclassified,100
2047,UK_00672566,E500,E500,Low / Unclassified,100
2048,UK_0061232202952,E500,E500,Low / Unclassified,100
2049,UK_0061232202952,E500,E500,Low / Unclassified,100
2050,UK_00019101,E503,E503,Low / Unclassified,100
2051,UK_00019101,E503,E503,Low / Unclassified,100
2052,UK_0061232201047,E500,E500,Low / Unclassified,100
2053,UK_5000168124643,E322,Lecithin,Low,100
2054,UK_5000168124643,E322,Lecithin,Low,100
2055,UK_5000168124643,E472,E472,Low / Unclassified,100
2056,UK_5000168124643,E500,E500,Low / Unclassified,100
2057,UK_5000168124643,E500,E500,Low / Unclassified,100
2058,UK_5000168124643,E501,E501,Low / Unclassified,100
2059,UK_5000168124643,E501,E501,Low / Unclassified,100
2060,UK_5000168124643,E503,E503,Low / Unclassified,100
2061,UK_5000168124643,E503,E503,Low / Unclassified,100
2062,UK_0061232200293,E500,E500,Low / Unclassified,100
2063,UK_0061232200293,E500,E500,Low / Unclassified,100
2064,UK_5000168001210,E500,E500,Low / Unclassified,100
2065,UK_5000168001210,E500,E500,Low / Unclassified,100
2066,UK_5000168001210,E503,E503,Low / Unclassified,100
2067,UK_5000168001210,E503,E503,Low / Unclassified,100
2068,UK_0072417143700,E160,E160,Low / Unclassified,100
2069,UK_0072417143700,E160,E160,Low / Unclassified,100
2070,UK_0072417143700,E163,E163,Low / Unclassified,100
2071,UK_0072417143700,E223,E223,Low / Unclassified,100
2072,UK_0072417143700,E330,Citric Acid,Low,100
2073,UK_0072417143700,E331,E331,Low / Unclassified,100
2074,UK_0072417143700,E422,E422,Low / Unclassified,100
2075,UK_0072417143700,E440,E440,Low / Unclassified,100
2076,UK_0072417143700,E500,E500,Low / Unclassified,100
2077,UK_0072417143700,E500,E500,Low / Unclassified,100
2078,UK_0072417143700,E503,E503,Low / Unclassified,100
2079,UK_0072417143700,E503,E503,Low / Unclassified,100
2080,UK_50168101,E270,E270,Low / Unclassified,100
2081,UK_50168101,E500,E500,Low / Unclassified,100
2082,UK_50168101,E500,E500,Low / Unclassified,100
2083,UK_50168101,E503,E503,Low / Unclassified,100
2084,UK_50168101,E503,E503,Low / Unclassified,100
2085,UK_5000168085555,E450,E450,Low / Unclassified,100
2086,UK_5000168085555,E450,E450,Low / Unclassified,100
2087,UK_5000168085555,E500,E500,Low / Unclassified,100
2088,UK_5000168085555,E500,E500,Low / Unclassified,100
2089,UK_5000168085555,E503,E503,Low / Unclassified,100
2090,UK_5000168085555,E503,E503,Low / Unclassified,100
2091,UK_7622202232633,E14XX,E14XX,Low / Unclassified,100
2092,UK_7622202232633,E322,Lecithin,Low,100
2093,UK_7622202232633,E422,E422,Low / Unclassified,100
2094,UK_7622202232633,E472,E472,Low / Unclassified,100
2095,UK_7622202232633,E475,E475,Low / Unclassified,100
2096,UK_7622202232633,E965,E965,Low / Unclassified,100
2097,UK_0612322000219,E500,E500,Low / Unclassified,100
2098,UK_0612322000219,E500,E500,Low / Unclassified,100
2099,UK_7622210740427,E322,Lecithin,Low,100
2100,UK_7622210740427,E322,Lecithin,Low,100
2101,UK_7622210740427,E450,E450,Low / Unclassified,100
2102,UK_7622210740427,E450,E450,Low / Unclassified,100
2103,UK_7622210740427,E472,E472,Low / Unclassified,100
2104,UK_7622210740427,E492,E492,Low / Unclassified,100
2105,UK_7622210740427,E500,E500,Low / Unclassified,100
2106,UK_7622210740427,E500,E500,Low / Unclassified,100
2107,UK_7622210740427,E503,E503,Low / Unclassified,100
2108,UK_7622210740427,E503,E503,Low / Unclassified,100
2109,UK_7622201766375,E14XX,E14XX,Low / Unclassified,100
2110,UK_7622201766375,E322,Lecithin,Low,100
2111,UK_7622201766375,E330,Citric Acid,Low,100
2112,UK_7622201766375,E422,E422,Low / Unclassified,100
2113,UK_7622201766375,E500,E500,Low / Unclassified,100
2114,UK_7622202219214,E322,Lecithin,Low,100
2115,UK_7622202219214,E420,E420,Low / Unclassified,100
2116,UK_7622202219214,E422,E422,Low / Unclassified,100
2117,UK_7622202219214,E471,E471,Low / Unclassified,100
2118,UK_7622202219214,E476,E476,Low / Unclassified,100
2119,UK_7622300315283,E322,Lecithin,Low,100
2120,UK_7622300315283,E322,Lecithin,Low,100
2121,UK_7622300315283,E502,E502,Low / Unclassified,100
2122,UK_0652655001156,E322,Lecithin,Low,100
2123,UK_0652655001156,E322,Lecithin,Low,100
2124,UK_0652655001156,E500,E500,Low / Unclassified,100
2125,UK_0652655001156,E500,E500,Low / Unclassified,100
2126,UK_0652655001156,E503,E503,Low / Unclassified,100
2127,UK_0652655001156,E503,E503,Low / Unclassified,100
2128,UK_5015168000026,E501,E501,Low / Unclassified,100
2129,UK_5015168000026,E501,E501,Low / Unclassified,100
2130,UK_5054402919854,E500,E500,Low / Unclassified,100
2131,UK_5054402919854,E500,E500,Low / Unclassified,100
2132,UK_5054402919854,E503,E503,Low / Unclassified,100
2133,UK_5054402919854,E503,E503,Low / Unclassified,100
2134,UK_5000168197586,E1200,E1200,Low / Unclassified,100
2135,UK_5000168197586,E1400,E1400,Low / Unclassified,100
2136,UK_5000168197586,E14XX,E14XX,Low / Unclassified,100
2137,UK_5000168197586,E296,E296,Low / Unclassified,100
2138,UK_5000168197586,E322,Lecithin,Low,100
2139,UK_5000168197586,E322,Lecithin,Low,100
2140,UK_5000168197586,E330,Citric Acid,Low,100
2141,UK_5000168197586,E333,E333,Low / Unclassified,100
2142,UK_5000168197586,E401,E401,Low / Unclassified,100
2143,UK_5000168197586,E422,E422,Low / Unclassified,100
2144,UK_5000168197586,E440,E440,Low / Unclassified,100
2145,UK_5000168197586,E450,E450,Low / Unclassified,100
2146,UK_5000168197586,E450,E450,Low / Unclassified,100
2147,UK_5000168197586,E472,E472,Low / Unclassified,100
2148,UK_5000168197586,E500,E500,Low / Unclassified,100
2149,UK_5000168197586,E500,E500,Low / Unclassified,100
2150,UK_5059697770203,E306,E306,Low / Unclassified,100
2151,UK_5059697770203,E500,E500,Low / Unclassified,100
2152,UK_5059697770203,E500,E500,Low / Unclassified,100
2153,UK_20018924,E450,E450,Low / Unclassified,100
2154,UK_20018924,E500,E500,Low / Unclassified,100
2155,UK_7622202230998,E14XX,E14XX,Low / Unclassified,100
2156,UK_7622202230998,E322,Lecithin,Low,100
2157,UK_7622202230998,E422,E422,Low / Unclassified,100
2158,UK_7622202230998,E965,E965,Low / Unclassified,100
2159,UK_5010975030020,E322,Lecithin,Low,100
2160,UK_5010975030020,E322,Lecithin,Low,100
2161,UK_5010975030020,E450,E450,Low / Unclassified,100
2162,UK_5010975030020,E450,E450,Low / Unclassified,100
2163,UK_5010975030020,E500,E500,Low / Unclassified,100
2164,UK_5010975030020,E500,E500,Low / Unclassified,100
2165,UK_4088600226736,E341,E341,Low / Unclassified,100
2166,UK_4088600226736,E500,E500,Low / Unclassified,100
2167,UK_4088600226736,E503,E503,Low / Unclassified,100
2168,UK_5000168164045,E450,E450,Low / Unclassified,100
2169,UK_5000168164045,E450,E450,Low / Unclassified,100
2170,UK_5000168164045,E500,E500,Low / Unclassified,100
2171,UK_5000168164045,E500,E500,Low / Unclassified,100
2172,UK_4017100207136,E322,Lecithin,Low,100
2173,UK_4017100207136,E330,Citric Acid,Low,100
2174,UK_4017100207136,E450,E450,Low / Unclassified,100
2175,UK_4017100207136,E500,E500,Low / Unclassified,100
2176,UK_5000168034928,E500,E500,Low / Unclassified,100
2177,UK_5000168034928,E500,E500,Low / Unclassified,100
2178,UK_5000168034928,E503,E503,Low / Unclassified,100
2179,UK_5000168034928,E503,E503,Low / Unclassified,100
2180,UK_50168064,E322,Lecithin,Low,100
2181,UK_50168064,E322,Lecithin,Low,100
2182,UK_50168064,E476,E476,Low / Unclassified,100
2183,UK_50168064,E500,E500,Low / Unclassified,100
2184,UK_50168064,E500,E500,Low / Unclassified,100
2185,UK_50168064,E503,E503,Low / Unclassified,100
2186,UK_50168064,E503,E503,Low / Unclassified,100
2187,UK_20018986,E500,E500,Low / Unclassified,100
2188,UK_20018986,E503,E503,Low / Unclassified,100
2189,UK_5000137440903,E500,E500,Low / Unclassified,100
2190,UK_5000137440903,E503,E503,Low / Unclassified,100
2191,UK_5410126676037,E500,E500,Low / Unclassified,100
2192,UK_5410126676037,E500,E500,Low / Unclassified,100
2193,UK_7622202019265,E1200,E1200,Low / Unclassified,100
2194,UK_7622202019265,E322,Lecithin,Low,100
2195,UK_7622202019265,E330,Citric Acid,Low,100
2196,UK_7622202019265,E503,E503,Low / Unclassified,100
2197,UK_5410126656022,E500,E500,Low / Unclassified,100
2198,UK_5410126656022,E500,E500,Low / Unclassified,100
2199,UK_5010975070095,E322,Lecithin,Low,100
2200,UK_5010975070095,E322,Lecithin,Low,100
2201,UK_01705461,E500,E500,Low / Unclassified,100
2202,UK_01705461,E500,E500,Low / Unclassified,100
2203,UK_5000168124858,E500,E500,Low / Unclassified,100
2204,UK_5000168124858,E500,E500,Low / Unclassified,100
2205,UK_5000168124858,E503,E503,Low / Unclassified,100
2206,UK_5000168124858,E503,E503,Low / Unclassified,100
2207,UK_5010745055864,E170,E170,Low / Unclassified,100
2208,UK_5000168037011,E327,E327,Low / Unclassified,100
2209,UK_5000168037011,E330,Citric Acid,Low,100
2210,UK_5000168037011,E331,E331,Low / Unclassified,100
2211,UK_5000168037011,E422,E422,Low / Unclassified,100
2212,UK_5000168037011,E440,E440,Low / Unclassified,100
2213,UK_5000168037011,E450,E450,Low / Unclassified,100
2214,UK_5000168037011,E450,E450,Low / Unclassified,100
2215,UK_5000168037011,E500,E500,Low / Unclassified,100
2216,UK_5000168037011,E500,E500,Low / Unclassified,100
2217,UK_5000168037011,E503,E503,Low / Unclassified,100
2218,UK_5000168037011,E503,E503,Low / Unclassified,100
2219,UK_5000168037011,E965,E965,Low / Unclassified,100
2220,UK_5000168037011,E965,E965,Low / Unclassified,100
2221,UK_5031021069665,E500,E500,Low / Unclassified,100
2222,UK_5031021069665,E500,E500,Low / Unclassified,100
2223,UK_5011766999991,E500,E500,Low / Unclassified,100
2224,UK_5011766999991,E500,E500,Low / Unclassified,100
2225,UK_5011766999991,E503,E503,Low / Unclassified,100
2226,UK_5011766999991,E503,E503,Low / Unclassified,100
2227,UK_4088600551951,E500,E500,Low / Unclassified,100
2228,UK_0612322030018,E500,E500,Low / Unclassified,100
2229,UK_0612322030018,E503,E503,Low / Unclassified,100
2230,UK_50823093,E322,Lecithin,Low,100
2231,UK_50823093,E322,Lecithin,Low,100
2232,UK_50823093,E500,E500,Low / Unclassified,100
2233,UK_50823093,E500,E500,Low / Unclassified,100
2234,UK_0612322001063,E500,E500,Low / Unclassified,100
2235,UK_0612322001063,E500,E500,Low / Unclassified,100
2236,UK_29436156,E500,E500,Low / Unclassified,100
2237,UK_29436156,E500,E500,Low / Unclassified,100
2238,UK_29436156,E503,E503,Low / Unclassified,100
2239,UK_5000168194127,E296,E296,Low / Unclassified,100
2240,UK_5000168194127,E322,Lecithin,Low,100
2241,UK_5000168194127,E322,Lecithin,Low,100
2242,UK_5000168194127,E476,E476,Low / Unclassified,100
2243,UK_5000168194127,E500,E500,Low / Unclassified,100
2244,UK_5000168194127,E500,E500,Low / Unclassified,100
2245,UK_5000168194127,E503,E503,Low / Unclassified,100
2246,UK_5000168194127,E503,E503,Low / Unclassified,100
2247,UK_5000119014436,E500,E500,Low / Unclassified,100
2248,UK_5000119014436,E500,E500,Low / Unclassified,100
2249,UK_0612322001612,E322,Lecithin,Low,100
2250,UK_0612322001612,E322,Lecithin,Low,100
2251,UK_0612322001612,E500,E500,Low / Unclassified,100
2252,UK_0612322001612,E500,E500,Low / Unclassified,100
2253,UK_5000168210360,E322,Lecithin,Low,100
2254,UK_5000168210360,E322,Lecithin,Low,100
2255,UK_5000168210360,E476,E476,Low / Unclassified,100
2256,UK_5000168210360,E500,E500,Low / Unclassified,100
2257,UK_5000168210360,E500,E500,Low / Unclassified,100
2258,UK_5000168210360,E503,E503,Low / Unclassified,100
2259,UK_5000168210360,E503,E503,Low / Unclassified,100
2260,UK_4017100287343,E322,Lecithin,Low,100
2261,UK_4017100287343,E330,Citric Acid,Low,100
2262,UK_4017100287343,E450,E450,Low / Unclassified,100
2263,UK_4017100287343,E500,E500,Low / Unclassified,100
2264,UK_5000119002402,E500,E500,Low / Unclassified,100
2265,UK_5000119002402,E500,E500,Low / Unclassified,100
2266,UK_5000119002402,E503,E503,Low / Unclassified,100
2267,UK_5000119002402,E503,E503,Low / Unclassified,100
2268,UK_0612322001841,E500,E500,Low / Unclassified,100
2269,UK_5015168000019,E450,E450,Low / Unclassified,100
2270,UK_5015168000019,E450,E450,Low / Unclassified,100
2271,UK_5015168000019,E501,E501,Low / Unclassified,100
2272,UK_5015168000019,E501,E501,Low / Unclassified,100
2273,UK_5010035068383,E322,Lecithin,Low,100
2274,UK_5010035068383,E322,Lecithin,Low,100
2275,UK_5010035068383,E450,E450,Low / Unclassified,100
2276,UK_5010035068383,E450,E450,Low / Unclassified,100
2277,UK_5010035068383,E500,E500,Low / Unclassified,100
2278,UK_5010035068383,E500,E500,Low / Unclassified,100
2279,UK_5010035068383,E503,E503,Low / Unclassified,100
2280,UK_5010035068383,E503,E503,Low / Unclassified,100
2281,UK_5000168036670,E296,E296,Low / Unclassified,100
2282,UK_5000168036670,E500,E500,Low / Unclassified,100
2283,UK_5000168036670,E500,E500,Low / Unclassified,100
2284,UK_5000168036670,E503,E503,Low / Unclassified,100
2285,UK_5000168036670,E503,E503,Low / Unclassified,100
2286,UK_7622202037528,E160,E160,Low / Unclassified,100
2287,UK_7622202037528,E322,Lecithin,Low,100
2288,UK_7622202037528,E450,E450,Low / Unclassified,100
2289,UK_7622202037528,E502,E502,Low / Unclassified,100
2290,UK_5063334010621,E500,E500,Low / Unclassified,100
2291,UK_5063334010621,E503,E503,Low / Unclassified,100
2292,UK_8410376049602,E500,E500,Low / Unclassified,100
2293,UK_8410376049602,E500,E500,Low / Unclassified,100
2294,UK_8410376049602,E503,E503,Low / Unclassified,100
2295,UK_8410376049602,E503,E503,Low / Unclassified,100
2296,UK_8410376049602,E965,E965,Low / Unclassified,100
2297,UK_5010035002486,E322,Lecithin,Low,100
2298,UK_5010035002486,E322,Lecithin,Low,100
2299,UK_5010035002486,E330,Citric Acid,Low,100
2300,UK_5010035002486,E422,E422,Low / Unclassified,100
2301,UK_5010035002486,E450,E450,Low / Unclassified,100
2302,UK_5010035002486,E450,E450,Low / Unclassified,100
2303,UK_5010035002486,E500,E500,Low / Unclassified,100
2304,UK_5010035002486,E500,E500,Low / Unclassified,100
2305,UK_5010035002486,E503,E503,Low / Unclassified,100
2306,UK_5010035002486,E503,E503,Low / Unclassified,100
2307,UK_4088600108568,E500,E500,Low / Unclassified,100
2308,UK_4088600108568,E503,E503,Low / Unclassified,100
2309,UK_5063334012359,E160,E160,Low / Unclassified,100
2310,UK_5063334012359,E160,E160,Low / Unclassified,100
2311,UK_5063334012359,E500,E500,Low / Unclassified,100
2312,UK_5063334012359,E503,E503,Low / Unclassified,100
2313,UK_5410126716016,E500,E500,Low / Unclassified,100
2314,UK_5410126716016,E500,E500,Low / Unclassified,100
2315,UK_4088600108063,E500,E500,Low / Unclassified,100
2316,UK_4088600108063,E503,E503,Low / Unclassified,100
2317,UK_5000119003034,E160,E160,Low / Unclassified,100
2318,UK_5000119003034,E500,E500,Low / Unclassified,100
2319,UK_5000119003034,E500,E500,Low / Unclassified,100
2320,UK_5000119003034,E503,E503,Low / Unclassified,100
2321,UK_5000119003034,E503,E503,Low / Unclassified,100
2322,UK_7622210695406,E1200,E1200,Low / Unclassified,100
2323,UK_7622210695406,E14XX,E14XX,Low / Unclassified,100
2324,UK_7622210695406,E296,E296,Low / Unclassified,100
2325,UK_7622210695406,E322,Lecithin,Low,100
2326,UK_7622210695406,E322,Lecithin,Low,100
2327,UK_7622210695406,E330,Citric Acid,Low,100
2328,UK_7622210695406,E331,E331,Low / Unclassified,100
2329,UK_7622210695406,E422,E422,Low / Unclassified,100
2330,UK_7622210695406,E440,E440,Low / Unclassified,100
2331,UK_7622210695406,E500,E500,Low / Unclassified,100
2332,UK_7622210695406,E500,E500,Low / Unclassified,100
2333,UK_7622210695406,E965,E965,Low / Unclassified,100
2334,UK_20319618,E500,E500,Low / Unclassified,100
2335,UK_20319618,E503,E503,Low / Unclassified,100
2336,UK_5010035167697,E450,E450,Low / Unclassified,100
2337,UK_5010035167697,E450,E450,Low / Unclassified,100
2338,UK_5010035167697,E500,E500,Low / Unclassified,100
2339,UK_5010035167697,E500,E500,Low / Unclassified,100
2340,UK_5010035167697,E503,E503,Low / Unclassified,100
2341,UK_5010035167697,E503,E503,Low / Unclassified,100
2342,UK_5010035064798,E322,Lecithin,Low,100
2343,UK_5010035064798,E322,Lecithin,Low,100
2344,UK_5010035064798,E450,E450,Low / Unclassified,100
2345,UK_5010035064798,E450,E450,Low / Unclassified,100
2346,UK_5010035064798,E500,E500,Low / Unclassified,100
2347,UK_5010035064798,E500,E500,Low / Unclassified,100
2348,UK_5010035064798,E503,E503,Low / Unclassified,100
2349,UK_5010035064798,E503,E503,Low / Unclassified,100
2350,UK_5000168038780,E296,E296,Low / Unclassified,100
2351,UK_5000168038780,E322,Lecithin,Low,100
2352,UK_5000168038780,E322,Lecithin,Low,100
2353,UK_5000168038780,E502,E502,Low / Unclassified,100
2354,UK_5059697744303,E500,E500,Low / Unclassified,100
2355,UK_5059697744303,E500,E500,Low / Unclassified,100
2356,UK_5059697744303,E503,E503,Low / Unclassified,100
2357,UK_5059697744303,E503,E503,Low / Unclassified,100
2358,UK_5000118203503,E260,E260,Low / Unclassified,100
2359,UK_5000118203503,E330,Citric Acid,Low,100
2360,UK_5000118203503,E501,E501,Low / Unclassified,100
2361,UK_5000118203503,E501,E501,Low / Unclassified,100
2362,UK_5000118203503,E621,E621,Low / Unclassified,100
2363,UK_5000118203503,E627,E627,Low / Unclassified,100
2364,UK_5000118203503,E631,E631,Low / Unclassified,100
2365,UK_5000354405099,E296,E296,Low / Unclassified,100
2366,UK_5000354405099,E310,E310,Low / Unclassified,100
2367,UK_5000354405099,E320,BHA,High,25
2368,UK_5000354405099,E330,Citric Acid,Low,100
2369,UK_5000354405099,E508,E508,Low / Unclassified,100
2370,UK_5000354405099,E621,E621,Low / Unclassified,100
2371,UK_5000354405099,E635,E635,Low / Unclassified,100
2372,UK_5060262485286,E412,Guar Gum,Low,100
2373,UK_5000118203664,E260,E260,Low / Unclassified,100
2374,UK_5000118203664,E330,Citric Acid,Low,100
2375,UK_5000118203664,E501,E501,Low / Unclassified,100
2376,UK_5000118203664,E501,E501,Low / Unclassified,100
2377,UK_5000118203664,E621,E621,Low / Unclassified,100
2378,UK_5000118203664,E627,E627,Low / Unclassified,100
2379,UK_5000118203664,E631,E631,Low / Unclassified,100
2380,UK_00322768,E501,E501,Low / Unclassified,100
2381,UK_00322768,E501,E501,Low / Unclassified,100
2382,UK_5060262485309,E1400,E1400,Low / Unclassified,100
2383,UK_5060262485309,E412,Guar Gum,Low,100
2384,UK_5997523315535,E150,E150,Low / Unclassified,100
2385,UK_5997523315535,E306,E306,Low / Unclassified,100
2386,UK_5997523315535,E330,Citric Acid,Low,100
2387,UK_5997523315535,E451,E451,Low / Unclassified,100
2388,UK_5997523315535,E500,E500,Low / Unclassified,100
2389,UK_5997523315535,E500,E500,Low / Unclassified,100
2390,UK_5997523315535,E621,E621,Low / Unclassified,100
2391,UK_5997523315535,E635,E635,Low / Unclassified,100
2392,UK_5000118203695,E330,Citric Acid,Low,100
2393,UK_5000118203695,E500,E500,Low / Unclassified,100
2394,UK_5000118203695,E500,E500,Low / Unclassified,100
2395,UK_5000118203695,E501,E501,Low / Unclassified,100
2396,UK_5000118203695,E501,E501,Low / Unclassified,100
2397,UK_5052910433244,E270,E270,Low / Unclassified,100
2398,UK_5052910433244,E307,E307,Low / Unclassified,100
2399,UK_5052910433244,E339,E339,Low / Unclassified,100
2400,UK_5000118203480,E260,E260,Low / Unclassified,100
2401,UK_5000118203480,E262,E262,Low / Unclassified,100
2402,UK_5000118203480,E501,E501,Low / Unclassified,100
2403,UK_5000118203480,E501,E501,Low / Unclassified,100
2404,UK_5000118203480,E508,E508,Low / Unclassified,100
2405,UK_5000118203480,E621,E621,Low / Unclassified,100
2406,UK_5000118203497,E330,Citric Acid,Low,100
2407,UK_5000118203497,E501,E501,Low / Unclassified,100
2408,UK_5000118203497,E501,E501,Low / Unclassified,100
2409,UK_5000118203497,E621,E621,Low / Unclassified,100
2410,UK_5000118203497,E627,E627,Low / Unclassified,100
2411,UK_5000118203497,E631,E631,Low / Unclassified,100
2412,UK_5000354914409,E310,E310,Low / Unclassified,100
2413,UK_5000354914409,E320,BHA,High,25
2414,UK_5000354914409,E330,Citric Acid,Low,100
2415,UK_5000354914409,E508,E508,Low / Unclassified,100
2416,UK_5000354914409,E621,E621,Low / Unclassified,100
2417,UK_5000354914409,E635,E635,Low / Unclassified,100
2418,UK_5000118203688,E260,E260,Low / Unclassified,100
2419,UK_5000118203688,E262,E262,Low / Unclassified,100
2420,UK_5000118203688,E500,E500,Low / Unclassified,100
2421,UK_5000118203688,E500,E500,Low / Unclassified,100
2422,UK_5000118203688,E501,E501,Low / Unclassified,100
2423,UK_5000118203688,E501,E501,Low / Unclassified,100
2424,UK_5000118203688,E508,E508,Low / Unclassified,100
2425,UK_5000118203688,E621,E621,Low / Unclassified,100
2426,UK_8712429361106,E150,E150,Low / Unclassified,100
2427,UK_8712429361106,E306,E306,Low / Unclassified,100
2428,UK_8712429361106,E330,Citric Acid,Low,100
2429,UK_8712429361106,E412,Guar Gum,Low,100
2430,UK_8712429361106,E451,E451,Low / Unclassified,100
2431,UK_8712429361106,E500,E500,Low / Unclassified,100
2432,UK_8712429361106,E501,E501,Low / Unclassified,100
2433,UK_8712429361106,E551,E551,Low / Unclassified,100
2434,UK_8712429361106,E621,E621,Low / Unclassified,100
2435,UK_8712429361106,E627,E627,Low / Unclassified,100
2436,UK_8712429361106,E631,E631,Low / Unclassified,100
2437,UK_5997523315511,E306,E306,Low / Unclassified,100
2438,UK_5997523315511,E330,Citric Acid,Low,100
2439,UK_5997523315511,E451,E451,Low / Unclassified,100
2440,UK_5997523315511,E500,E500,Low / Unclassified,100
2441,UK_5997523315511,E621,E621,Low / Unclassified,100
2442,UK_5997523315511,E635,E635,Low / Unclassified,100
2443,UK_5997523315733,E100,E100,Low / Unclassified,100
2444,UK_5997523315733,E14XX,E14XX,Low / Unclassified,100
2445,UK_5997523315733,E150,E150,Low / Unclassified,100
2446,UK_5997523315733,E160,E160,Low / Unclassified,100
2447,UK_5997523315733,E330,Citric Acid,Low,100
2448,UK_5997523315733,E451,E451,Low / Unclassified,100
2449,UK_5997523315733,E500,E500,Low / Unclassified,100
2450,UK_5997523315733,E621,E621,Low / Unclassified,100
2451,UK_5997523315733,E635,E635,Low / Unclassified,100
2452,UK_4056489850878,E100,E100,Low / Unclassified,100
2453,UK_4056489850878,E150,E150,Low / Unclassified,100
2454,UK_4056489850878,E330,Citric Acid,Low,100
2455,UK_4056489850878,E412,Guar Gum,Low,100
2456,UK_8722700153276,E330,Citric Acid,Low,100
2457,UK_8722700153276,E500,E500,Low / Unclassified,100
2458,UK_8722700153276,E500,E500,Low / Unclassified,100
2459,UK_8722700153276,E501,E501,Low / Unclassified,100
2460,UK_8722700153276,E501,E501,Low / Unclassified,100
2461,UK_8722700153276,E621,E621,Low / Unclassified,100
2462,UK_8722700153276,E627,E627,Low / Unclassified,100
2463,UK_8722700153276,E631,E631,Low / Unclassified,100
2464,UK_5997523315559,E14XX,E14XX,Low / Unclassified,100
2465,UK_5997523315559,E150,E150,Low / Unclassified,100
2466,UK_5997523315559,E306,E306,Low / Unclassified,100
2467,UK_5997523315559,E451,E451,Low / Unclassified,100
2468,UK_5997523315559,E500,E500,Low / Unclassified,100
2469,UK_5997523315559,E621,E621,Low / Unclassified,100
2470,UK_5997523315559,E635,E635,Low / Unclassified,100
2471,UK_5997523329013,E150,E150,Low / Unclassified,100
2472,UK_5997523329013,E306,E306,Low / Unclassified,100
2473,UK_5997523329013,E330,Citric Acid,Low,100
2474,UK_5997523329013,E412,Guar Gum,Low,100
2475,UK_5997523329013,E451,E451,Low / Unclassified,100
2476,UK_5997523329013,E500,E500,Low / Unclassified,100
2477,UK_5997523329013,E501,E501,Low / Unclassified,100
2478,UK_5997523329013,E621,E621,Low / Unclassified,100
2479,UK_5997523329013,E635,E635,Low / Unclassified,100
2480,UK_5997523329037,E150,E150,Low / Unclassified,100
2481,UK_5997523329037,E412,Guar Gum,Low,100
2482,UK_5997523329037,E451,E451,Low / Unclassified,100
2483,UK_5997523329037,E500,E500,Low / Unclassified,100
2484,UK_5997523329037,E501,E501,Low / Unclassified,100
2485,UK_5997523329037,E621,E621,Low / Unclassified,100
2486,UK_5000118203541,E330,Citric Acid,Low,100
2487,UK_5000118203541,E501,E501,Low / Unclassified,100
2488,UK_5000118203541,E501,E501,Low / Unclassified,100
2489,UK_8994963002800,E101,E101,Low / Unclassified,100
2490,UK_8994963002800,E319,E319,Low / Unclassified,100
2491,UK_8994963002800,E412,Guar Gum,Low,100
2492,UK_8994963002800,E452,E452,Low / Unclassified,100
2493,UK_8994963002800,E500,E500,Low / Unclassified,100
2494,UK_8994963002800,E501,E501,Low / Unclassified,100
2495,UK_8994963002800,E621,E621,Low / Unclassified,100
2496,UK_8994963002800,E627,E627,Low / Unclassified,100
2497,UK_8994963002800,E631,E631,Low / Unclassified,100
2498,UK_4088600215532,E100,E100,Low / Unclassified,100
2499,UK_4088600215532,E621,E621,Low / Unclassified,100
2500,UK_4088600215532,E635,E635,Low / Unclassified,100
2501,UK_7613036127110,E452,E452,Low / Unclassified,100
2502,UK_7613036127110,E452,E452,Low / Unclassified,100
2503,UK_7613036127110,E501,E501,Low / Unclassified,100
2504,UK_5000354405105,E150,E150,Low / Unclassified,100
2505,UK_5000354405105,E160,E160,Low / Unclassified,100
2506,UK_5000354405105,E330,Citric Acid,Low,100
2507,UK_7613035062795,E452,E452,Low / Unclassified,100
2508,UK_7613035062795,E452,E452,Low / Unclassified,100
2509,UK_7613035062795,E501,E501,Low / Unclassified,100
2510,UK_5023751000308,E150,E150,Low / Unclassified,100
2511,UK_5023751000308,E621,E621,Low / Unclassified,100
2512,UK_5023751000308,E636,E636,Low / Unclassified,100
2513,UK_5997523315832,E306,E306,Low / Unclassified,100
2514,UK_5997523315832,E330,Citric Acid,Low,100
2515,UK_5997523315832,E451,E451,Low / Unclassified,100
2516,UK_5997523315832,E500,E500,Low / Unclassified,100
2517,UK_5997523315832,E500,E500,Low / Unclassified,100
2518,UK_5997523315832,E621,E621,Low / Unclassified,100
2519,UK_5997523315832,E635,E635,Low / Unclassified,100
2520,UK_5050665023741,E160,E160,Low / Unclassified,100
2521,UK_5050665023741,E330,Citric Acid,Low,100
2522,UK_8888056708109,E150,E150,Low / Unclassified,100
2523,UK_8888056708109,E162,E162,Low / Unclassified,100
2524,UK_5050665048652,E500,E500,Low / Unclassified,100
2525,UK_5050665048652,E500,E500,Low / Unclassified,100
2526,UK_5050665048652,E501,E501,Low / Unclassified,100
2527,UK_5050665048652,E501,E501,Low / Unclassified,100
2528,UK_4061459041705,E100,E100,Low / Unclassified,100
2529,UK_4061459041705,E150,E150,Low / Unclassified,100
2530,UK_4061459041705,E330,Citric Acid,Low,100
2531,UK_4061459041705,E621,E621,Low / Unclassified,100
2532,UK_4061459041705,E635,E635,Low / Unclassified,100
2533,UK_8712429350407,E150,E150,Low / Unclassified,100
2534,UK_8712429350407,E160,E160,Low / Unclassified,100
2535,UK_8712429350407,E306,E306,Low / Unclassified,100
2536,UK_8712429350407,E330,Citric Acid,Low,100
2537,UK_8712429350407,E412,Guar Gum,Low,100
2538,UK_8712429350407,E451,E451,Low / Unclassified,100
2539,UK_8712429350407,E500,E500,Low / Unclassified,100
2540,UK_8712429350407,E500,E500,Low / Unclassified,100
2541,UK_8712429350407,E501,E501,Low / Unclassified,100
2542,UK_8712429350407,E501,E501,Low / Unclassified,100
2543,UK_8712429350407,E551,E551,Low / Unclassified,100
2544,UK_8712429350407,E621,E621,Low / Unclassified,100
2545,UK_8712429350407,E635,E635,Low / Unclassified,100
2546,UK_5000354907357,E160,E160,Low / Unclassified,100
2547,UK_5000354907357,E306,E306,Low / Unclassified,100
2548,UK_5000354907357,E326,E326,Low / Unclassified,100
2549,UK_5000354907357,E330,Citric Acid,Low,100
2550,UK_5000354907357,E340,E340,Low / Unclassified,100
2551,UK_5000354907357,E412,Guar Gum,Low,100
2552,UK_5000354907357,E414,E414,Low / Unclassified,100
2553,UK_5000354907357,E500,E500,Low / Unclassified,100
2554,UK_5000354907357,E500,E500,Low / Unclassified,100
2555,UK_5000354907357,E501,E501,Low / Unclassified,100
2556,UK_5000354907357,E501,E501,Low / Unclassified,100
2557,UK_5000354907357,E508,E508,Low / Unclassified,100
2558,UK_5000354907357,E621,E621,Low / Unclassified,100
2559,UK_5000354907357,E635,E635,Low / Unclassified,100
2560,UK_5050665020429,E150,E150,Low / Unclassified,100
2561,UK_5050665020429,E160,E160,Low / Unclassified,100
2562,UK_5050665020429,E160,E160,Low / Unclassified,100
2563,UK_5050665020429,E500,E500,Low / Unclassified,100
2564,UK_5050665020429,E500,E500,Low / Unclassified,100
2565,UK_5050665020429,E501,E501,Low / Unclassified,100
2566,UK_5050665020429,E501,E501,Low / Unclassified,100
2567,UK_8888056603961,E621,E621,Low / Unclassified,100
2568,UK_5000175409023,E621,E621,Low / Unclassified,100
2569,UK_5000175409023,E635,E635,Low / Unclassified,100
2570,UK_5000354916618,E160,E160,Low / Unclassified,100
2571,UK_5000354916618,E306,E306,Low / Unclassified,100
2572,UK_5000354916618,E326,E326,Low / Unclassified,100
2573,UK_5000354916618,E330,Citric Acid,Low,100
2574,UK_5000354916618,E500,E500,Low / Unclassified,100
2575,UK_5000354916618,E500,E500,Low / Unclassified,100
2576,UK_5000354916618,E501,E501,Low / Unclassified,100
2577,UK_5000354916618,E501,E501,Low / Unclassified,100
2578,UK_5000354916618,E508,E508,Low / Unclassified,100
2579,UK_5000354916618,E621,E621,Low / Unclassified,100
2580,UK_8888056803606,E621,E621,Low / Unclassified,100
2581,UK_8888056603862,E621,E621,Low / Unclassified,100
2582,UK_5021476000825,E330,Citric Acid,Low,100
2583,UK_5021476000825,E340,E340,Low / Unclassified,100
2584,UK_5021476000825,E340,E340,Low / Unclassified,100
2585,UK_5021476000825,E471,E471,Low / Unclassified,100
2586,UK_8720182414137,E330,Citric Acid,Low,100
2587,UK_8720182414137,E500,E500,Low / Unclassified,100
2588,UK_8720182414137,E500,E500,Low / Unclassified,100
2589,UK_8720182414137,E501,E501,Low / Unclassified,100
2590,UK_8720182414137,E501,E501,Low / Unclassified,100
2591,UK_8720182414137,E508,E508,Low / Unclassified,100
2592,UK_8720182414137,E635,E635,Low / Unclassified,100
2593,UK_8994963002794,E101,E101,Low / Unclassified,100
2594,UK_8994963002794,E319,E319,Low / Unclassified,100
2595,UK_8994963002794,E412,Guar Gum,Low,100
2596,UK_8994963002794,E452,E452,Low / Unclassified,100
2597,UK_8994963002794,E500,E500,Low / Unclassified,100
2598,UK_8994963002794,E501,E501,Low / Unclassified,100
2599,UK_8994963002794,E551,E551,Low / Unclassified,100
2600,UK_8994963002794,E621,E621,Low / Unclassified,100
2601,UK_8994963002794,E627,E627,Low / Unclassified,100
2602,UK_8994963002794,E631,E631,Low / Unclassified,100
2603,UK_5997523315856,E14XX,E14XX,Low / Unclassified,100
2604,UK_5997523315856,E150,E150,Low / Unclassified,100
2605,UK_5997523315856,E306,E306,Low / Unclassified,100
2606,UK_5997523315856,E330,Citric Acid,Low,100
2607,UK_5997523315856,E451,E451,Low / Unclassified,100
2608,UK_5997523315856,E500,E500,Low / Unclassified,100
2609,UK_5997523315856,E500,E500,Low / Unclassified,100
2610,UK_5997523315856,E621,E621,Low / Unclassified,100
2611,UK_5997523314958,E120,E120,Low / Unclassified,100
2612,UK_5997523314958,E150,E150,Low / Unclassified,100
2613,UK_5997523314958,E306,E306,Low / Unclassified,100
2614,UK_5997523314958,E330,Citric Acid,Low,100
2615,UK_5997523314958,E451,E451,Low / Unclassified,100
2616,UK_5997523314958,E500,E500,Low / Unclassified,100
2617,UK_5997523314958,E500,E500,Low / Unclassified,100
2618,UK_5997523314958,E621,E621,Low / Unclassified,100
2619,UK_5997523314958,E635,E635,Low / Unclassified,100
2620,UK_7613035062771,E150,E150,Low / Unclassified,100
2621,UK_7613035062771,E330,Citric Acid,Low,100
2622,UK_7613035062771,E452,E452,Low / Unclassified,100
2623,UK_7613035062771,E452,E452,Low / Unclassified,100
2624,UK_7613035062771,E501,E501,Low / Unclassified,100
2625,UK_7613035062771,E501,E501,Low / Unclassified,100
2626,UK_7613035062771,E621,E621,Low / Unclassified,100
2627,UK_7613035062771,E627,E627,Low / Unclassified,100
2628,UK_7613035062771,E631,E631,Low / Unclassified,100
2629,UK_4061463099143,E100,E100,Low / Unclassified,100
2630,UK_4061463099143,E160,E160,Low / Unclassified,100
2631,UK_4061463099143,E202,E202,Low / Unclassified,100
2632,UK_4061463099143,E211,Sodium Benzoate,High,25
2633,UK_4061463099143,E412,Guar Gum,Low,100
2634,UK_4061463099143,E466,E466,Low / Unclassified,100
2635,UK_4061463099143,E500,E500,Low / Unclassified,100
2636,UK_4061463099143,E621,E621,Low / Unclassified,100
2637,UK_4061463099143,E635,E635,Low / Unclassified,100
2638,UK_4088600260457,E100,E100,Low / Unclassified,100
2639,UK_4088600260457,E150,E150,Low / Unclassified,100
2640,UK_4088600260457,E330,Citric Acid,Low,100
2641,UK_4088600260457,E621,E621,Low / Unclassified,100
2642,UK_4088600260457,E635,E635,Low / Unclassified,100
2643,UK_5059697718687,E100,E100,Low / Unclassified,100
2644,UK_5050665020504,E150,E150,Low / Unclassified,100
2645,UK_5050665020504,E330,Citric Acid,Low,100
2646,UK_8801043021883,E101,E101,Low / Unclassified,100
2647,UK_8801043021883,E306,E306,Low / Unclassified,100
2648,UK_8801043021883,E322,Lecithin,Low,100
2649,UK_8801043021883,E339,E339,Low / Unclassified,100
2650,UK_8801043021883,E500,E500,Low / Unclassified,100
2651,UK_8801043021883,E501,E501,Low / Unclassified,100
2652,UK_8801043021883,E621,E621,Low / Unclassified,100
2653,UK_8801043021883,E627,E627,Low / Unclassified,100
2654,UK_8801043021883,E631,E631,Low / Unclassified,100
2655,UK_5000354914287,E160,E160,Low / Unclassified,100
2656,UK_5000354914287,E310,E310,Low / Unclassified,100
2657,UK_5000354914287,E330,Citric Acid,Low,100
2658,UK_5000354914287,E621,E621,Low / Unclassified,100
2659,UK_5000354914287,E635,E635,Low / Unclassified,100
2660,UK_4088600215549,E14XX,E14XX,Low / Unclassified,100
2661,UK_4088600215549,E160,E160,Low / Unclassified,100
2662,UK_4088600215549,E260,E260,Low / Unclassified,100
2663,UK_4088600215549,E300,E300,Low / Unclassified,100
2664,UK_4088600215549,E330,Citric Acid,Low,100
2665,UK_4088600215549,E621,E621,Low / Unclassified,100
2666,UK_4897878000012,E150,E150,Low / Unclassified,100
2667,UK_4897878000012,E304,E304,Low / Unclassified,100
2668,UK_4897878000012,E304,E304,Low / Unclassified,100
2669,UK_4897878000012,E330,Citric Acid,Low,100
2670,UK_4897878000012,E400,E400,Low / Unclassified,100
2671,UK_4897878000012,E412,Guar Gum,Low,100
2672,UK_4897878000012,E452,E452,Low / Unclassified,100
2673,UK_4897878000012,E452,E452,Low / Unclassified,100
2674,UK_4897878000012,E452,E452,Low / Unclassified,100
2675,UK_4897878000012,E500,E500,Low / Unclassified,100
2676,UK_4897878000012,E500,E500,Low / Unclassified,100
2677,UK_4897878000012,E501,E501,Low / Unclassified,100
2678,UK_4897878000012,E501,E501,Low / Unclassified,100
2679,UK_4897878000012,E621,E621,Low / Unclassified,100
2680,UK_4897878000012,E627,E627,Low / Unclassified,100
2681,UK_4897878000012,E631,E631,Low / Unclassified,100
2682,UK_01854619,E100,E100,Low / Unclassified,100
2683,UK_01854619,E412,Guar Gum,Low,100
2684,UK_5060084349469,E160,E160,Low / Unclassified,100
2685,UK_5060084349469,E330,Citric Acid,Low,100
2686,UK_5060084349469,E635,E635,Low / Unclassified,100
2687,UK_00159326,E270,E270,Low / Unclassified,100
2688,UK_5024448562307,E270,E270,Low / Unclassified,100
2689,UK_5024448562307,E401,E401,Low / Unclassified,100
2690,UK_5024448562307,E501,E501,Low / Unclassified,100
2691,UK_5024448562307,E501,E501,Low / Unclassified,100
2692,UK_8720181138720,E508,E508,Low / Unclassified,100
2693,UK_8720181138720,E621,E621,Low / Unclassified,100
2694,UK_8720181138720,E627,E627,Low / Unclassified,100
2695,UK_8720181138720,E631,E631,Low / Unclassified,100
2696,UK_5000354405013,E160,E160,Low / Unclassified,100
2697,UK_5000354405013,E262,E262,Low / Unclassified,100
2698,UK_5000354405013,E310,E310,Low / Unclassified,100
2699,UK_5000354405013,E320,BHA,High,25
2700,UK_5000354405013,E330,Citric Acid,Low,100
2701,UK_5000354405013,E508,E508,Low / Unclassified,100
2702,UK_5000354405013,E621,E621,Low / Unclassified,100
2703,UK_8888056708512,E621,E621,Low / Unclassified,100
2704,UK_8888056708512,E627,E627,Low / Unclassified,100
2705,UK_8888056708512,E631,E631,Low / Unclassified,100
2706,UK_8720182443878,E508,E508,Low / Unclassified,100
2707,UK_8720182443878,E621,E621,Low / Unclassified,100
2708,UK_8720182443878,E627,E627,Low / Unclassified,100
2709,UK_8720182443878,E631,E631,Low / Unclassified,100
2710,UK_5059697695803,E330,Citric Acid,Low,100
2711,UK_4088600249223,E330,Citric Acid,Low,100
2712,UK_8720182414120,E330,Citric Acid,Low,100
2713,UK_8720182414120,E500,E500,Low / Unclassified,100
2714,UK_8720182414120,E500,E500,Low / Unclassified,100
2715,UK_8720182414120,E501,E501,Low / Unclassified,100
2716,UK_8720182414120,E501,E501,Low / Unclassified,100
2717,UK_8720182414120,E508,E508,Low / Unclassified,100
2718,UK_8720182414120,E621,E621,Low / Unclassified,100
2719,UK_8720182414120,E635,E635,Low / Unclassified,100
2720,UK_5060250611437,E100,E100,Low / Unclassified,100
2721,UK_8718114797977,E163,E163,Low / Unclassified,100
2722,UK_8718114797977,E260,E260,Low / Unclassified,100
2723,UK_8718114797977,E501,E501,Low / Unclassified,100
2724,UK_8718114797977,E501,E501,Low / Unclassified,100
2725,UK_8718114797977,E621,E621,Low / Unclassified,100
2726,UK_8718114797977,E627,E627,Low / Unclassified,100
2727,UK_8718114797977,E631,E631,Low / Unclassified,100
2728,UK_8714100272978,E163,E163,Low / Unclassified,100
2729,UK_8714100272978,E260,E260,Low / Unclassified,100
2730,UK_8714100272978,E502,E502,Low / Unclassified,100
2731,UK_8714100272978,E621,E621,Low / Unclassified,100
2732,UK_8714100272978,E627,E627,Low / Unclassified,100
2733,UK_8714100272978,E631,E631,Low / Unclassified,100
2734,UK_4056489353973,E160,E160,Low / Unclassified,100
2735,UK_4056489353973,E330,Citric Acid,Low,100
2736,UK_4056489353973,E501,E501,Low / Unclassified,100
2737,UK_5997523314910,E14XX,E14XX,Low / Unclassified,100
2738,UK_5997523314910,E150,E150,Low / Unclassified,100
2739,UK_5997523314910,E160,E160,Low / Unclassified,100
2740,UK_5997523314910,E306,E306,Low / Unclassified,100
2741,UK_5997523314910,E330,Citric Acid,Low,100
2742,UK_5997523314910,E363,E363,Low / Unclassified,100
2743,UK_5997523314910,E451,E451,Low / Unclassified,100
2744,UK_5997523314910,E500,E500,Low / Unclassified,100
2745,UK_5997523314910,E500,E500,Low / Unclassified,100
2746,UK_5997523314910,E551,E551,Low / Unclassified,100
2747,UK_5997523314910,E621,E621,Low / Unclassified,100
2748,UK_5997523314910,E627,E627,Low / Unclassified,100
2749,UK_5997523314910,E631,E631,Low / Unclassified,100
2750,UK_9060299485309,E1400,E1400,Low / Unclassified,100
2751,UK_5449000000996,E150,E150,Low / Unclassified,100
2752,UK_5449000000996,E338,E338,Low / Unclassified,100
2753,UK_54491472,E150,E150,Low / Unclassified,100
2754,UK_54491472,E290,E290,Low / Unclassified,100
2755,UK_54491472,E338,E338,Low / Unclassified,100
2756,UK_5449000053879,E150,E150,Low / Unclassified,100
2757,UK_5449000053879,E330,Citric Acid,Low,100
2758,UK_5449000053879,E338,E338,Low / Unclassified,100
2759,UK_5449000053879,E950,E950,Low / Unclassified,100
2760,UK_5449000053879,E951,E951,Low / Unclassified,100
2761,UK_5449000131805,E150,E150,Low / Unclassified,100
2762,UK_5449000131805,E331,E331,Low / Unclassified,100
2763,UK_5449000131805,E951,E951,Low / Unclassified,100
2764,UK_5449000131805,E960,E960,Low / Unclassified,100
2765,UK_5449000131836,E150,E150,Low / Unclassified,100
2766,UK_5449000131836,E331,E331,Low / Unclassified,100
2767,UK_5449000131836,E338,E338,Low / Unclassified,100
2768,UK_5449000131836,E950,E950,Low / Unclassified,100
2769,UK_5449000131836,E951,E951,Low / Unclassified,100
2770,UK_5449000131836,E952,E952,Low / Unclassified,100
2771,UK_4060800103307,E150,E150,Low / Unclassified,100
2772,UK_4060800103307,E202,E202,Low / Unclassified,100
2773,UK_4060800103307,E330,Citric Acid,Low,100
2774,UK_4060800103307,E338,E338,Low / Unclassified,100
2775,UK_4060800103307,E950,E950,Low / Unclassified,100
2776,UK_4060800103307,E951,E951,Low / Unclassified,100
2777,UK_54491496,E150,E150,Low / Unclassified,100
2778,UK_54491496,E150,E150,Low / Unclassified,100
2779,UK_54491496,E212,E212,Low / Unclassified,100
2780,UK_54491496,E330,Citric Acid,Low,100
2781,UK_54491496,E338,E338,Low / Unclassified,100
2782,UK_54491496,E950,E950,Low / Unclassified,100
2783,UK_54491496,E951,E951,Low / Unclassified,100
2784,UK_87170788,E150,E150,Low / Unclassified,100
2785,UK_87170788,E202,E202,Low / Unclassified,100
2786,UK_87170788,E330,Citric Acid,Low,100
2787,UK_87170788,E338,E338,Low / Unclassified,100
2788,UK_87170788,E951,E951,Low / Unclassified,100
2789,UK_87170146,E150,E150,Low / Unclassified,100
2790,UK_87170146,E202,E202,Low / Unclassified,100
2791,UK_87170146,E330,Citric Acid,Low,100
2792,UK_87170146,E338,E338,Low / Unclassified,100
2793,UK_87170146,E950,E950,Low / Unclassified,100
2794,UK_87170146,E951,E951,Low / Unclassified,100
2795,UK_5449000601971,E150,E150,Low / Unclassified,100
2796,UK_5449000601971,E338,E338,Low / Unclassified,100
2797,UK_4060800172396,E150,E150,Low / Unclassified,100
2798,UK_4060800172396,E202,E202,Low / Unclassified,100
2799,UK_4060800172396,E330,Citric Acid,Low,100
2800,UK_4060800172396,E338,E338,Low / Unclassified,100
2801,UK_4060800172396,E950,E950,Low / Unclassified,100
2802,UK_4060800172396,E951,E951,Low / Unclassified,100
2803,UK_5449000669902,E150,E150,Low / Unclassified,100
2804,UK_5449000669902,E331,E331,Low / Unclassified,100
2805,UK_5449000669902,E338,E338,Low / Unclassified,100
2806,UK_5449000669902,E950,E950,Low / Unclassified,100
2807,UK_5449000669902,E951,E951,Low / Unclassified,100
2808,UK_4056489550938,E150,E150,Low / Unclassified,100
2809,UK_4056489550938,E290,E290,Low / Unclassified,100
2810,UK_4056489550938,E330,Citric Acid,Low,100
2811,UK_4056489550938,E338,E338,Low / Unclassified,100
2812,UK_4056489550938,E950,E950,Low / Unclassified,100
2813,UK_4056489550938,E951,E951,Low / Unclassified,100
2814,UK_5449000130389,E150,E150,Low / Unclassified,100
2815,UK_5449000130389,E338,E338,Low / Unclassified,100
2816,UK_5000193034559,E150,E150,Low / Unclassified,100
2817,UK_5000193034559,E202,E202,Low / Unclassified,100
2818,UK_5000193034559,E338,E338,Low / Unclassified,100
2819,UK_5000193034559,E950,E950,Low / Unclassified,100
2820,UK_5000193034559,E951,E951,Low / Unclassified,100
2821,UK_54491014,E150,E150,Low / Unclassified,100
2822,UK_54491014,E338,E338,Low / Unclassified,100
2823,UK_5029396003292,E150,E150,Low / Unclassified,100
2824,UK_5029396003292,E338,E338,Low / Unclassified,100
2825,UK_4060800166531,E150,E150,Low / Unclassified,100
2826,UK_4060800166531,E202,E202,Low / Unclassified,100
2827,UK_4060800166531,E330,Citric Acid,Low,100
2828,UK_4060800166531,E338,E338,Low / Unclassified,100
2829,UK_4060800166531,E950,E950,Low / Unclassified,100
2830,UK_4060800166531,E951,E951,Low / Unclassified,100
2831,UK_5449000673039,E150,E150,Low / Unclassified,100
2832,UK_5449000673039,E330,Citric Acid,Low,100
2833,UK_5449000673039,E338,E338,Low / Unclassified,100
2834,UK_5449000673039,E950,E950,Low / Unclassified,100
2835,UK_5449000673039,E951,E951,Low / Unclassified,100
2836,UK_5449000064141,E150,E150,Low / Unclassified,100
2837,UK_5449000064141,E330,Citric Acid,Low,100
2838,UK_5449000064141,E338,E338,Low / Unclassified,100
2839,UK_5449000064141,E950,E950,Low / Unclassified,100
2840,UK_5449000064141,E951,E951,Low / Unclassified,100
2841,UK_5449000214744,E150,E150,Low / Unclassified,100
2842,UK_5449000214744,E290,E290,Low / Unclassified,100
2843,UK_5449000214744,E331,E331,Low / Unclassified,100
2844,UK_5449000214744,E338,E338,Low / Unclassified,100
2845,UK_5449000214744,E950,E950,Low / Unclassified,100
2846,UK_5449000214744,E951,E951,Low / Unclassified,100
2847,UK_4062139017416,E150,E150,Low / Unclassified,100
2848,UK_4062139017416,E338,E338,Low / Unclassified,100
2849,UK_4062139017416,E950,E950,Low / Unclassified,100
2850,UK_4062139017416,E955,E955,Low / Unclassified,100
2851,UK_5449000028921,E150,E150,Low / Unclassified,100
2852,UK_5449000028921,E290,E290,Low / Unclassified,100
2853,UK_5449000028921,E338,E338,Low / Unclassified,100
2854,UK_5015672006903,E150,E150,Low / Unclassified,100
2855,UK_5015672006903,E202,E202,Low / Unclassified,100
2856,UK_5015672006903,E338,E338,Low / Unclassified,100
2857,UK_5015672006903,E950,E950,Low / Unclassified,100
2858,UK_5015672006903,E951,E951,Low / Unclassified,100
2859,UK_5449000058386,E150,E150,Low / Unclassified,100
2860,UK_5449000058386,E338,E338,Low / Unclassified,100
2861,UK_5449000329691,E150,E150,Low / Unclassified,100
2862,UK_5449000329691,E331,E331,Low / Unclassified,100
2863,UK_5449000329691,E338,E338,Low / Unclassified,100
2864,UK_5449000329691,E950,E950,Low / Unclassified,100
2865,UK_5449000329691,E951,E951,Low / Unclassified,100
2866,UK_5449000329691,E955,E955,Low / Unclassified,100
2867,UK_4056489738732,E150,E150,Low / Unclassified,100
2868,UK_4056489738732,E290,E290,Low / Unclassified,100
2869,UK_4056489738732,E330,Citric Acid,Low,100
2870,UK_4056489738732,E338,E338,Low / Unclassified,100
2871,UK_4056489738732,E950,E950,Low / Unclassified,100
2872,UK_4056489738732,E951,E951,Low / Unclassified,100
2873,UK_5449000239662,E150,E150,Low / Unclassified,100
2874,UK_5449000239662,E331,E331,Low / Unclassified,100
2875,UK_5449000239662,E338,E338,Low / Unclassified,100
2876,UK_5449000239662,E950,E950,Low / Unclassified,100
2877,UK_5449000239662,E951,E951,Low / Unclassified,100
2878,UK_5060108451734,E330,Citric Acid,Low,100
2879,UK_5740700988349,E150,E150,Low / Unclassified,100
2880,UK_5740700988349,E338,E338,Low / Unclassified,100
2881,UK_5052109851446,E950,E950,Low / Unclassified,100
2882,UK_5052109851446,E955,E955,Low / Unclassified,100
2883,UK_4060800130754,E150,E150,Low / Unclassified,100
2884,UK_4060800130754,E202,E202,Low / Unclassified,100
2885,UK_4060800130754,E330,Citric Acid,Low,100
2886,UK_4060800130754,E338,E338,Low / Unclassified,100
2887,UK_4060800130754,E950,E950,Low / Unclassified,100
2888,UK_4060800130754,E951,E951,Low / Unclassified,100
2889,UK_4062139015108,E150,E150,Low / Unclassified,100
2890,UK_4062139015108,E202,E202,Low / Unclassified,100
2891,UK_4062139015108,E330,Citric Acid,Low,100
2892,UK_4062139015108,E338,E338,Low / Unclassified,100
2893,UK_4062139015108,E950,E950,Low / Unclassified,100
2894,UK_4062139015108,E951,E951,Low / Unclassified,100
2895,UK_4060800178008,E150,E150,Low / Unclassified,100
2896,UK_4060800178008,E202,E202,Low / Unclassified,100
2897,UK_4060800178008,E330,Citric Acid,Low,100
2898,UK_4060800178008,E338,E338,Low / Unclassified,100
2899,UK_4060800178008,E950,E950,Low / Unclassified,100
2900,UK_4060800178008,E951,E951,Low / Unclassified,100
2901,UK_4060800002242,E150,E150,Low / Unclassified,100
2902,UK_4060800002242,E330,Citric Acid,Low,100
2903,UK_4060800002242,E331,E331,Low / Unclassified,100
2904,UK_4060800002242,E950,E950,Low / Unclassified,100
2905,UK_4060800002242,E951,E951,Low / Unclassified,100
2906,UK_87171259,E150,E150,Low / Unclassified,100
2907,UK_87171259,E330,Citric Acid,Low,100
2908,UK_87171259,E338,E338,Low / Unclassified,100
2909,UK_87171259,E950,E950,Low / Unclassified,100
2910,UK_87171259,E951,E951,Low / Unclassified,100
2911,UK_5449000121134,E150,E150,Low / Unclassified,100
2912,UK_5449000121134,E211,Sodium Benzoate,High,25
2913,UK_5449000121134,E338,E338,Low / Unclassified,100
2914,UK_5449000121134,E950,E950,Low / Unclassified,100
2915,UK_5449000121134,E951,E951,Low / Unclassified,100
2916,UK_4056489010104,E150,E150,Low / Unclassified,100
2917,UK_4056489010104,E338,E338,Low / Unclassified,100
2918,UK_4056489010104,E950,E950,Low / Unclassified,100
2919,UK_4056489010104,E955,E955,Low / Unclassified,100
2920,UK_5449000244703,E150,E150,Low / Unclassified,100
2921,UK_5449000244703,E330,Citric Acid,Low,100
2922,UK_5449000244703,E338,E338,Low / Unclassified,100
2923,UK_5449000244703,E950,E950,Low / Unclassified,100
2924,UK_5449000244703,E951,E951,Low / Unclassified,100
2925,UK_5449000214799,E150,E150,Low / Unclassified,100
2926,UK_5449000214799,E331,E331,Low / Unclassified,100
2927,UK_5449000214799,E338,E338,Low / Unclassified,100
2928,UK_5449000214799,E950,E950,Low / Unclassified,100
2929,UK_5449000214799,E951,E951,Low / Unclassified,100
2930,UK_4060800304803,E150,E150,Low / Unclassified,100
2931,UK_4060800304803,E331,E331,Low / Unclassified,100
2932,UK_4060800304803,E950,E950,Low / Unclassified,100
2933,UK_4060800304803,E951,E951,Low / Unclassified,100
2934,UK_5060499150001,E150,E150,Low / Unclassified,100
2935,UK_5060499150001,E296,E296,Low / Unclassified,100
2936,UK_5060499150001,E955,E955,Low / Unclassified,100
2937,UK_5060499150001,E960,E960,Low / Unclassified,100
2938,UK_5449000004451,E150,E150,Low / Unclassified,100
2939,UK_5449000004451,E330,Citric Acid,Low,100
2940,UK_5449000004451,E338,E338,Low / Unclassified,100
2941,UK_5449000004451,E950,E950,Low / Unclassified,100
2942,UK_5449000004451,E951,E951,Low / Unclassified,100
2943,UK_20023027,E150,E150,Low / Unclassified,100
2944,UK_20023027,E330,Citric Acid,Low,100
2945,UK_20023027,E951,E951,Low / Unclassified,100
2946,UK_20023027,E952,E952,Low / Unclassified,100
2947,UK_5449000154774,E150,E150,Low / Unclassified,100
2948,UK_5449000154774,E330,Citric Acid,Low,100
2949,UK_5449000154774,E338,E338,Low / Unclassified,100
2950,UK_5449000154774,E950,E950,Low / Unclassified,100
2951,UK_5449000154774,E951,E951,Low / Unclassified,100
2952,UK_5449000123855,E150,E150,Low / Unclassified,100
2953,UK_5449000123855,E330,Citric Acid,Low,100
2954,UK_5449000123855,E338,E338,Low / Unclassified,100
2955,UK_5449000123855,E950,E950,Low / Unclassified,100
2956,UK_5449000123855,E951,E951,Low / Unclassified,100
2957,UK_4062139020515,E150,E150,Low / Unclassified,100
2958,UK_4062139020515,E202,E202,Low / Unclassified,100
2959,UK_4062139020515,E330,Citric Acid,Low,100
2960,UK_4062139020515,E338,E338,Low / Unclassified,100
2961,UK_4062139020515,E950,E950,Low / Unclassified,100
2962,UK_4062139020515,E951,E951,Low / Unclassified,100
2963,UK_5000112545326,E150,E150,Low / Unclassified,100
2964,UK_5000112545326,E290,E290,Low / Unclassified,100
2965,UK_5000112545326,E338,E338,Low / Unclassified,100
2966,UK_54491076,E150,E150,Low / Unclassified,100
2967,UK_54491076,E330,Citric Acid,Low,100
2968,UK_54491076,E338,E338,Low / Unclassified,100
2969,UK_54491076,E950,E950,Low / Unclassified,100
2970,UK_54491076,E951,E951,Low / Unclassified,100
2971,UK_5449000121042,E150,E150,Low / Unclassified,100
2972,UK_5449000121042,E202,E202,Low / Unclassified,100
2973,UK_5449000121042,E270,E270,Low / Unclassified,100
2974,UK_5449000121042,E338,E338,Low / Unclassified,100
2975,UK_5449000121042,E950,E950,Low / Unclassified,100
2976,UK_5449000121042,E951,E951,Low / Unclassified,100
2977,UK_5449000121042,E955,E955,Low / Unclassified,100
2978,UK_4060800170064,E150,E150,Low / Unclassified,100
2979,UK_4060800170064,E202,E202,Low / Unclassified,100
2980,UK_4060800170064,E330,Citric Acid,Low,100
2981,UK_4060800170064,E338,E338,Low / Unclassified,100
2982,UK_4060800170064,E950,E950,Low / Unclassified,100
2983,UK_4060800170064,E951,E951,Low / Unclassified,100
2984,UK_4060800171122,E150,E150,Low / Unclassified,100
2985,UK_4060800171122,E202,E202,Low / Unclassified,100
2986,UK_4060800171122,E330,Citric Acid,Low,100
2987,UK_4060800171122,E338,E338,Low / Unclassified,100
2988,UK_4060800171122,E950,E950,Low / Unclassified,100
2989,UK_4060800171122,E951,E951,Low / Unclassified,100
2990,UK_5000112684278,E150,E150,Low / Unclassified,100
2991,UK_5000112684278,E338,E338,Low / Unclassified,100
2992,UK_5449000133724,E150,E150,Low / Unclassified,100
2993,UK_5449000133724,E950,E950,Low / Unclassified,100
2994,UK_5449000133724,E951,E951,Low / Unclassified,100
2995,UK_5449000133724,E952,E952,Low / Unclassified,100
2996,UK_5449000031341,E150,E150,Low / Unclassified,100
2997,UK_5449000031341,E331,E331,Low / Unclassified,100
2998,UK_5449000031341,E338,E338,Low / Unclassified,100
2999,UK_5449000031341,E950,E950,Low / Unclassified,100
3000,UK_5449000031341,E951,E951,Low / Unclassified,100
3001,UK_4088600373843,E150,E150,Low / Unclassified,100
3002,UK_4088600373843,E202,E202,Low / Unclassified,100
3003,UK_4088600373843,E331,E331,Low / Unclassified,100
3004,UK_4088600373843,E338,E338,Low / Unclassified,100
3005,UK_4088600373843,E951,E951,Low / Unclassified,100
3006,UK_5449000054227,E150,E150,Low / Unclassified,100
3007,UK_5449000054227,E290,E290,Low / Unclassified,100
3008,UK_5449000054227,E338,E338,Low / Unclassified,100
3009,UK_5060499150964,E150,E150,Low / Unclassified,100
3010,UK_5060499150964,E296,E296,Low / Unclassified,100
3011,UK_5060499150964,E334,E334,Low / Unclassified,100
3012,UK_5060499150964,E960,E960,Low / Unclassified,100
3013,UK_90357473,E150,E150,Low / Unclassified,100
3014,UK_90357473,E331,E331,Low / Unclassified,100
3015,UK_90357473,E338,E338,Low / Unclassified,100
3016,UK_90357473,E950,E950,Low / Unclassified,100
3017,UK_90357473,E951,E951,Low / Unclassified,100
3018,UK_4060800134592,E150,E150,Low / Unclassified,100
3019,UK_4060800134592,E202,E202,Low / Unclassified,100
3020,UK_4060800134592,E330,Citric Acid,Low,100
3021,UK_4060800134592,E338,E338,Low / Unclassified,100
3022,UK_4060800134592,E950,E950,Low / Unclassified,100
3023,UK_4060800134592,E951,E951,Low / Unclassified,100
3024,UK_8714800004336,E150,E150,Low / Unclassified,100
3025,UK_8714800004336,E202,E202,Low / Unclassified,100
3026,UK_8714800004336,E338,E338,Low / Unclassified,100
3027,UK_8714800004336,E950,E950,Low / Unclassified,100
3028,UK_8714800004336,E951,E951,Low / Unclassified,100
3029,UK_5000128519199,E150,E150,Low / Unclassified,100
3030,UK_5000128519199,E202,E202,Low / Unclassified,100
3031,UK_5000128519199,E330,Citric Acid,Low,100
3032,UK_5000128519199,E338,E338,Low / Unclassified,100
3033,UK_5000128519199,E950,E950,Low / Unclassified,100
3034,UK_5000128519199,E955,E955,Low / Unclassified,100
3035,UK_4060800309112,E150,E150,Low / Unclassified,100
3036,UK_4060800309112,E330,Citric Acid,Low,100
3037,UK_4060800309112,E331,E331,Low / Unclassified,100
3038,UK_4060800309112,E338,E338,Low / Unclassified,100
3039,UK_4060800309112,E950,E950,Low / Unclassified,100
3040,UK_4060800309112,E951,E951,Low / Unclassified,100
3041,UK_29234288,E330,Citric Acid,Low,100
3042,UK_29234288,E960,E960,Low / Unclassified,100
3043,UK_4060800304827,E150,E150,Low / Unclassified,100
3044,UK_4060800304827,E330,Citric Acid,Low,100
3045,UK_4060800304827,E331,E331,Low / Unclassified,100
3046,UK_4060800304827,E338,E338,Low / Unclassified,100
3047,UK_4060800304827,E950,E950,Low / Unclassified,100
3048,UK_4060800304827,E951,E951,Low / Unclassified,100
3049,UK_4061459786576,E150,E150,Low / Unclassified,100
3050,UK_4061459786576,E202,E202,Low / Unclassified,100
3051,UK_4061459786576,E338,E338,Low / Unclassified,100
3052,UK_4061459786576,E950,E950,Low / Unclassified,100
3053,UK_4061459786576,E951,E951,Low / Unclassified,100
3054,UK_5449000294616,E150,E150,Low / Unclassified,100
3055,UK_5449000294616,E330,Citric Acid,Low,100
3056,UK_5449000294616,E951,E951,Low / Unclassified,100
3057,UK_5057753892302,E150,E150,Low / Unclassified,100
3058,UK_5057753892302,E202,E202,Low / Unclassified,100
3059,UK_5057753892302,E331,E331,Low / Unclassified,100
3060,UK_5057753892302,E331,E331,Low / Unclassified,100
3061,UK_5057753892302,E338,E338,Low / Unclassified,100
3062,UK_5057753892302,E950,E950,Low / Unclassified,100
3063,UK_5057753892302,E955,E955,Low / Unclassified,100
3064,UK_4062139017355,E150,E150,Low / Unclassified,100
3065,UK_4062139017355,E338,E338,Low / Unclassified,100
3066,UK_4062139017355,E950,E950,Low / Unclassified,100
3067,UK_4062139017355,E955,E955,Low / Unclassified,100
3068,UK_5449000334251,E150,E150,Low / Unclassified,100
3069,UK_5449000334251,E202,E202,Low / Unclassified,100
3070,UK_5449000334251,E270,E270,Low / Unclassified,100
3071,UK_5449000334251,E338,E338,Low / Unclassified,100
3072,UK_5449000334251,E950,E950,Low / Unclassified,100
3073,UK_5449000334251,E951,E951,Low / Unclassified,100
3074,UK_5449000334251,E955,E955,Low / Unclassified,100
3075,UK_4060800309167,E150,E150,Low / Unclassified,100
3076,UK_4060800309167,E330,Citric Acid,Low,100
3077,UK_4060800309167,E331,E331,Low / Unclassified,100
3078,UK_4060800309167,E338,E338,Low / Unclassified,100
3079,UK_4060800309167,E950,E950,Low / Unclassified,100
3080,UK_4060800309167,E951,E951,Low / Unclassified,100
3081,UK_5449000000439,E150,E150,Low / Unclassified,100
3082,UK_5449000000439,E338,E338,Low / Unclassified,100
3083,UK_5449000053909,E150,E150,Low / Unclassified,100
3084,UK_5449000053909,E330,Citric Acid,Low,100
3085,UK_5449000053909,E338,E338,Low / Unclassified,100
3086,UK_5449000053909,E950,E950,Low / Unclassified,100
3087,UK_5449000053909,E951,E951,Low / Unclassified,100
3088,UK_4060800308399,E150,E150,Low / Unclassified,100
3089,UK_4060800308399,E338,E338,Low / Unclassified,100
3090,UK_4060800308399,E950,E950,Low / Unclassified,100
3091,UK_4060800308399,E955,E955,Low / Unclassified,100
3092,UK_5449000226457,E150,E150,Low / Unclassified,100
3093,UK_5449000226457,E331,E331,Low / Unclassified,100
3094,UK_5449000226457,E338,E338,Low / Unclassified,100
3095,UK_5449000226457,E950,E950,Low / Unclassified,100
3096,UK_5449000226457,E951,E951,Low / Unclassified,100
3097,UK_54492790,E150,E150,Low / Unclassified,100
3098,UK_54492790,E338,E338,Low / Unclassified,100
3099,UK_4060800306982,E150,E150,Low / Unclassified,100
3100,UK_4060800306982,E330,Citric Acid,Low,100
3101,UK_4060800306982,E331,E331,Low / Unclassified,100
3102,UK_4060800306982,E338,E338,Low / Unclassified,100
3103,UK_4060800306982,E950,E950,Low / Unclassified,100
3104,UK_4060800306982,E951,E951,Low / Unclassified,100
3105,UK_9421902090660,E960,E960,Low / Unclassified,100
3106,UK_9421902090660,E968,E968,Low / Unclassified,100
3107,UK_4060800177155,E150,E150,Low / Unclassified,100
3108,UK_4060800177155,E202,E202,Low / Unclassified,100
3109,UK_4060800177155,E338,E338,Low / Unclassified,100
3110,UK_4060800177155,E950,E950,Low / Unclassified,100
3111,UK_4060800303356,E150,E150,Low / Unclassified,100
3112,UK_4060800303356,E202,E202,Low / Unclassified,100
3113,UK_4060800303356,E330,Citric Acid,Low,100
3114,UK_4060800303356,E338,E338,Low / Unclassified,100
3115,UK_4060800303356,E950,E950,Low / Unclassified,100
3116,UK_4060800303356,E951,E951,Low / Unclassified,100
3117,UK_54492134,E330,Citric Acid,Low,100
3118,UK_54492134,E338,E338,Low / Unclassified,100
3119,UK_54492134,E951,E951,Low / Unclassified,100
3120,UK_5449000020987,E150,E150,Low / Unclassified,100
3121,UK_5449000020987,E331,E331,Low / Unclassified,100
3122,UK_5449000020987,E338,E338,Low / Unclassified,100
3123,UK_5449000020987,E950,E950,Low / Unclassified,100
3124,UK_5449000020987,E951,E951,Low / Unclassified,100
3125,UK_5449000020987,E960,E960,Low / Unclassified,100
3126,UK_5449000060501,E150,E150,Low / Unclassified,100
3127,UK_5449000060501,E202,E202,Low / Unclassified,100
3128,UK_5449000060501,E338,E338,Low / Unclassified,100
3129,UK_5449000060501,E950,E950,Low / Unclassified,100
3130,UK_5449000060501,E951,E951,Low / Unclassified,100
3131,UK_8437021593167,E150,E150,Low / Unclassified,100
3132,UK_8437021593167,E202,E202,Low / Unclassified,100
3133,UK_8437021593167,E211,Sodium Benzoate,High,25
3134,UK_8437021593167,E290,E290,Low / Unclassified,100
3135,UK_8437021593167,E330,Citric Acid,Low,100
3136,UK_8437021593167,E338,E338,Low / Unclassified,100
3137,UK_8437021593167,E955,E955,Low / Unclassified,100
3138,UK_3045320094008,E440,E440,Low / Unclassified,100
3139,UK_3045320094084,E440,E440,Low / Unclassified,100
3140,UK_5014271390420,E440,E440,Low / Unclassified,100
3141,UK_3045320094015,E440,E440,Low / Unclassified,100
3142,UK_3045320094053,E100,E100,Low / Unclassified,100
3143,UK_3045320094053,E1400,E1400,Low / Unclassified,100
3144,UK_3045320094053,E150,E150,Low / Unclassified,100
3145,UK_3045320094053,E322,Lecithin,Low,100
3146,UK_3045320094053,E330,Citric Acid,Low,100
3147,UK_3045320094053,E903,E903,Low / Unclassified,100
3148,UK_4088600090849,E330,Citric Acid,Low,100
3149,UK_4088600090849,E440,E440,Low / Unclassified,100
3150,UK_5065008402114,E440,E440,Low / Unclassified,100
3151,UK_3045320094022,E440,E440,Low / Unclassified,100
3152,UK_3045320512823,E440,E440,Low / Unclassified,100
3153,UK_0637793001008,E330,Citric Acid,Low,100
3154,UK_0637793001008,E440,E440,Low / Unclassified,100
3155,UK_3608580968597,E440,E440,Low / Unclassified,100
3156,UK_5065008402152,E440,E440,Low / Unclassified,100
3157,UK_3045320094091,E440,E440,Low / Unclassified,100
3158,UK_5065008402121,E440,E440,Low / Unclassified,100
3159,UK_3045320094169,E440,E440,Low / Unclassified,100
3160,UK_00074742,E330,Citric Acid,Low,100
3161,UK_00074742,E331,E331,Low / Unclassified,100
3162,UK_00074742,E440,E440,Low / Unclassified,100
3163,UK_3608580968580,E440,E440,Low / Unclassified,100
3164,UK_5057753437909,E330,Citric Acid,Low,100
3165,UK_5057753437909,E331,E331,Low / Unclassified,100
3166,UK_5057753437909,E331,E331,Low / Unclassified,100
3167,UK_5057753437909,E440,E440,Low / Unclassified,100
3168,UK_4006424022365,E330,Citric Acid,Low,100
3169,UK_4006424022365,E420,E420,Low / Unclassified,100
3170,UK_4006424022365,E440,E440,Low / Unclassified,100
3171,UK_5060391624532,E330,Citric Acid,Low,100
3172,UK_5060391624532,E331,E331,Low / Unclassified,100
3173,UK_5060391624532,E440,E440,Low / Unclassified,100
3174,UK_5000436288282,E330,Citric Acid,Low,100
3175,UK_5000436288282,E331,E331,Low / Unclassified,100
3176,UK_5000436288282,E440,E440,Low / Unclassified,100
3177,UK_0637793000902,E330,Citric Acid,Low,100
3178,UK_4056489917908,E330,Citric Acid,Low,100
3179,UK_4056489917908,E440,E440,Low / Unclassified,100
3180,UK_00074988,E330,Citric Acid,Low,100
3181,UK_00074988,E331,E331,Low / Unclassified,100
3182,UK_00074988,E440,E440,Low / Unclassified,100
3183,UK_5060391624433,E440,E440,Low / Unclassified,100
3184,UK_5014271360423,E440,E440,Low / Unclassified,100
3185,UK_0043647160010,E330,Citric Acid,Low,100
3186,UK_0043647160010,E440,E440,Low / Unclassified,100
3187,UK_3608580968603,E440,E440,Low / Unclassified,100
3188,UK_3045320094114,E440,E440,Low / Unclassified,100
3189,UK_5701116208223,E202,E202,Low / Unclassified,100
3190,UK_5701116208223,E440,E440,Low / Unclassified,100
3191,UK_3608580128427,E322,Lecithin,Low,100
3192,UK_3608580128427,E322,Lecithin,Low,100
3193,UK_3608580128427,E440,E440,Low / Unclassified,100
3194,UK_5060391624518,E330,Citric Acid,Low,100
3195,UK_5060391624518,E331,E331,Low / Unclassified,100
3196,UK_5060391624518,E440,E440,Low / Unclassified,100
3197,UK_5000436288350,E330,Citric Acid,Low,100
3198,UK_5000436288350,E331,E331,Low / Unclassified,100
3199,UK_5000436288350,E440,E440,Low / Unclassified,100
3200,UK_5000119002501,E330,Citric Acid,Low,100
3201,UK_5000119002501,E331,E331,Low / Unclassified,100
3202,UK_5000119002501,E331,E331,Low / Unclassified,100
3203,UK_5000119002501,E440,E440,Low / Unclassified,100
3204,UK_3045320097863,E440,E440,Low / Unclassified,100
3205,UK_4088600098753,E440,E440,Low / Unclassified,100
3206,UK_3045320094145,E440,E440,Low / Unclassified,100
3207,UK_5014271300429,E440,E440,Low / Unclassified,100
3208,UK_5057545734872,E330,Citric Acid,Low,100
3209,UK_5057545734872,E331,E331,Low / Unclassified,100
3210,UK_5057545734872,E331,E331,Low / Unclassified,100
3211,UK_5057545734872,E440,E440,Low / Unclassified,100
3212,UK_5000436288473,E330,Citric Acid,Low,100
3213,UK_5000436288473,E331,E331,Low / Unclassified,100
3214,UK_5000436288473,E440,E440,Low / Unclassified,100
3215,UK_6003770009291,E150,E150,Low / Unclassified,100
3216,UK_01191905,E330,Citric Acid,Low,100
3217,UK_01191905,E440,E440,Low / Unclassified,100
3218,UK_5014271330426,E440,E440,Low / Unclassified,100
3219,UK_0043647410016,E330,Citric Acid,Low,100
3220,UK_0043647410016,E440,E440,Low / Unclassified,100
3221,UK_5054269765397,E330,Citric Acid,Low,100
3222,UK_5054269765397,E331,E331,Low / Unclassified,100
3223,UK_5054269765397,E440,E440,Low / Unclassified,100
3224,UK_0637793004931,E330,Citric Acid,Low,100
3225,UK_0637793004931,E440,E440,Low / Unclassified,100
3226,UK_5057967306596,E150,E150,Low / Unclassified,100
3227,UK_5057967306596,E330,Citric Acid,Low,100
3228,UK_5057967306596,E331,E331,Low / Unclassified,100
3229,UK_5057967306596,E440,E440,Low / Unclassified,100
3230,UK_4088600522692,E330,Citric Acid,Low,100
3231,UK_4088600522692,E331,E331,Low / Unclassified,100
3232,UK_4088600522692,E440,E440,Low / Unclassified,100
3233,UK_4088600334608,E330,Citric Acid,Low,100
3234,UK_4088600334608,E440,E440,Low / Unclassified,100
3235,UK_5035660136627,E330,Citric Acid,Low,100
3236,UK_5035660136627,E331,E331,Low / Unclassified,100
3237,UK_5035660136627,E440,E440,Low / Unclassified,100
3238,UK_5000128742283,E330,Citric Acid,Low,100
3239,UK_5000128742283,E331,E331,Low / Unclassified,100
3240,UK_5000128742283,E440,E440,Low / Unclassified,100
3241,UK_29078677,E330,Citric Acid,Low,100
3242,UK_29078677,E440,E440,Low / Unclassified,100
3243,UK_4061461340384,E440,E440,Low / Unclassified,100
3244,UK_5000354168567,E330,Citric Acid,Low,100
3245,UK_5000354168567,E331,E331,Low / Unclassified,100
3246,UK_5000354168567,E440,E440,Low / Unclassified,100
3247,UK_00427616,E330,Citric Acid,Low,100
3248,UK_00427616,E440,E440,Low / Unclassified,100
3249,UK_5010251755524,E330,Citric Acid,Low,100
3250,UK_5010251755524,E331,E331,Low / Unclassified,100
3251,UK_5010251755524,E440,E440,Low / Unclassified,100
3252,UK_0637793002500,E330,Citric Acid,Low,100
3253,UK_0637793002500,E440,E440,Low / Unclassified,100
3254,UK_00881944,E330,Citric Acid,Low,100
3255,UK_00881944,E331,E331,Low / Unclassified,100
3256,UK_5000119450012,E330,Citric Acid,Low,100
3257,UK_5000119450012,E331,E331,Low / Unclassified,100
3258,UK_5000119450012,E440,E440,Low / Unclassified,100
3259,UK_0043647190017,E331,E331,Low / Unclassified,100
3260,UK_0043647190017,E440,E440,Low / Unclassified,100
3261,UK_50354061,E330,Citric Acid,Low,100
3262,UK_50354061,E331,E331,Low / Unclassified,100
3263,UK_50354061,E440,E440,Low / Unclassified,100
3264,UK_00030182,E330,Citric Acid,Low,100
3265,UK_00030182,E331,E331,Low / Unclassified,100
3266,UK_00030182,E440,E440,Low / Unclassified,100
3267,UK_00819473,E330,Citric Acid,Low,100
3268,UK_00819473,E331,E331,Low / Unclassified,100
3269,UK_00819473,E440,E440,Low / Unclassified,100
3270,UK_4088600369044,E440,E440,Low / Unclassified,100
3271,UK_4088600098760,E300,E300,Low / Unclassified,100
3272,UK_4088600098760,E440,E440,Low / Unclassified,100
3273,UK_4061461340438,E440,E440,Low / Unclassified,100
3274,UK_50183364,E141,E141,Low / Unclassified,100
3275,UK_50183364,E141,E141,Low / Unclassified,100
3276,UK_50183364,E161,E161,Low / Unclassified,100
3277,UK_50183364,E330,Citric Acid,Low,100
3278,UK_50183364,E331,E331,Low / Unclassified,100
3279,UK_50183364,E440,E440,Low / Unclassified,100
3280,UK_01135459,E330,Citric Acid,Low,100
3281,UK_01135459,E331,E331,Low / Unclassified,100
3282,UK_01135459,E440,E440,Low / Unclassified,100
3283,UK_4088600479910,E330,Citric Acid,Low,100
3284,UK_4088600479910,E331,E331,Low / Unclassified,100
3285,UK_4088600479910,E440,E440,Low / Unclassified,100
3286,UK_4088600438597,E330,Citric Acid,Low,100
3287,UK_4088600438597,E440,E440,Low / Unclassified,100
3288,UK_1103086260005,E330,Citric Acid,Low,100
3289,UK_1103086260005,E440,E440,Low / Unclassified,100
3290,UK_00074896,E330,Citric Acid,Low,100
3291,UK_00074896,E331,E331,Low / Unclassified,100
3292,UK_00074896,E440,E440,Low / Unclassified,100
3293,UK_1105729420005,E330,Citric Acid,Low,100
3294,UK_1105729420005,E440,E440,Low / Unclassified,100
3295,UK_00847957,E330,Citric Acid,Low,100
3296,UK_00847957,E331,E331,Low / Unclassified,100
3297,UK_00847957,E440,E440,Low / Unclassified,100
3298,UK_29077243,E330,Citric Acid,Low,100
3299,UK_29077243,E331,E331,Low / Unclassified,100
3300,UK_29077243,E440,E440,Low / Unclassified,100
3301,UK_5057967306619,E330,Citric Acid,Low,100
3302,UK_5057967306619,E331,E331,Low / Unclassified,100
3303,UK_5057967306619,E440,E440,Low / Unclassified,100
3304,UK_00457651,E330,Citric Acid,Low,100
3305,UK_00457651,E331,E331,Low / Unclassified,100
3306,UK_00457651,E440,E440,Low / Unclassified,100
3307,UK_4061461898519,E330,Citric Acid,Low,100
3308,UK_4061461898519,E331,E331,Low / Unclassified,100
3309,UK_4061461898519,E440,E440,Low / Unclassified,100
3310,UK_4088600116983,E330,Citric Acid,Low,100
3311,UK_4088600116983,E331,E331,Low / Unclassified,100
3312,UK_4088600116983,E440,E440,Low / Unclassified,100
3313,UK_5060391629513,E330,Citric Acid,Low,100
3314,UK_5060391629513,E440,E440,Low / Unclassified,100
3315,UK_50354078,E330,Citric Acid,Low,100
3316,UK_50354078,E331,E331,Low / Unclassified,100
3317,UK_50354078,E440,E440,Low / Unclassified,100
3318,UK_00176415,E440,E440,Low / Unclassified,100
3319,UK_00819626,E330,Citric Acid,Low,100
3320,UK_00819626,E331,E331,Low / Unclassified,100
3321,UK_00819626,E440,E440,Low / Unclassified,100
3322,UK_01206234,E330,Citric Acid,Low,100
3323,UK_01206234,E440,E440,Low / Unclassified,100
3324,UK_00390125,E440,E440,Low / Unclassified,100
3325,UK_3045320505535,E440,E440,Low / Unclassified,100
3326,UK_5057172824540,E330,Citric Acid,Low,100
3327,UK_5057172824540,E331,E331,Low / Unclassified,100
3328,UK_5057172824540,E440,E440,Low / Unclassified,100
3329,UK_0043647130013,E331,E331,Low / Unclassified,100
3330,UK_0043647130013,E440,E440,Low / Unclassified,100
3331,UK_5000169151266,E440,E440,Low / Unclassified,100
3332,UK_5000436288459,E330,Citric Acid,Low,100
3333,UK_5000436288459,E331,E331,Low / Unclassified,100
3334,UK_5000436288459,E440,E440,Low / Unclassified,100
3335,UK_7622201693916,E330,Citric Acid,Low,100
3336,UK_7622201693916,E412,Guar Gum,Low,100
3337,UK_7622201695521,E330,Citric Acid,Low,100
3338,UK_7622201695521,E412,Guar Gum,Low,100
3339,UK_5000187130946,E270,E270,Low / Unclassified,100
3340,UK_5000187130946,E330,Citric Acid,Low,100
3341,UK_4088600046648,E407,E407,Low / Unclassified,100
3342,UK_4088600046648,E412,Guar Gum,Low,100
3343,UK_7622201693954,E330,Citric Acid,Low,100
3344,UK_7622201693954,E407,E407,Low / Unclassified,100
3345,UK_7622201693954,E410,E410,Low / Unclassified,100
3346,UK_5000187130908,E270,E270,Low / Unclassified,100
3347,UK_5000187130908,E330,Citric Acid,Low,100
3348,UK_7622201693930,E330,Citric Acid,Low,100
3349,UK_7622201693930,E410,E410,Low / Unclassified,100
3350,UK_7622201694104,E330,Citric Acid,Low,100
3351,UK_7622201694104,E412,Guar Gum,Low,100
3352,UK_20103354,E412,Guar Gum,Low,100
3353,UK_5202390013836,E575,E575,Low / Unclassified,100
3354,UK_20103286,E412,Guar Gum,Low,100
3355,UK_7622201694777,E330,Citric Acid,Low,100
3356,UK_7622201694777,E407,E407,Low / Unclassified,100
3357,UK_7622201694777,E412,Guar Gum,Low,100
3358,UK_4088600046662,E407,E407,Low / Unclassified,100
3359,UK_4088600046662,E412,Guar Gum,Low,100
3360,UK_5000295157408,E160,E160,Low / Unclassified,100
3361,UK_5000295157408,E270,E270,Low / Unclassified,100
3362,UK_5000295157408,E406,E406,Low / Unclassified,100
3363,UK_3023290025338,E330,Citric Acid,Low,100
3364,UK_3023290025338,E333,E333,Low / Unclassified,100
3365,UK_3023290025338,E440,E440,Low / Unclassified,100
3366,UK_3023290025338,E950,E950,Low / Unclassified,100
3367,UK_3023290025338,E951,E951,Low / Unclassified,100
3368,UK_3023290018415,E330,Citric Acid,Low,100
3369,UK_3023290018415,E950,E950,Low / Unclassified,100
3370,UK_3023290018415,E951,E951,Low / Unclassified,100
3371,UK_5057545828847,E330,Citric Acid,Low,100
3372,UK_3073781160031,E451,E451,Low / Unclassified,100
3373,UK_3073781160031,E452,E452,Low / Unclassified,100
3374,UK_01304893,E330,Citric Acid,Low,100
3375,UK_4056489720164,E330,Citric Acid,Low,100
3376,UK_4088600258775,E202,E202,Low / Unclassified,100
3377,UK_3228023190042,E202,E202,Low / Unclassified,100
3378,UK_3228023190042,E331,E331,Low / Unclassified,100
3379,UK_3228023190042,E440,E440,Low / Unclassified,100
3380,UK_3228023190042,E450,E450,Low / Unclassified,100
3381,UK_3228023190042,E452,E452,Low / Unclassified,100
3382,UK_01483246,E330,Citric Acid,Low,100
3383,UK_4061462209802,E1105,E1105,Low / Unclassified,100
3384,UK_50513024,E270,E270,Low / Unclassified,100
3385,UK_50513024,E450,E450,Low / Unclassified,100
3386,UK_50513024,E452,E452,Low / Unclassified,100
3387,UK_5012262004011,E401,E401,Low / Unclassified,100
3388,UK_5012262004011,E412,Guar Gum,Low,100
3389,UK_5012262004011,E422,E422,Low / Unclassified,100
3390,UK_5012262004011,E471,E471,Low / Unclassified,100
3391,UK_5010238020355,E160,E160,Low / Unclassified,100
3392,UK_5010238020355,E410,E410,Low / Unclassified,100
3393,UK_5010238020355,E412,Guar Gum,Low,100
3394,UK_5010238020355,E471,E471,Low / Unclassified,100
3395,UK_8711327529793,E160,E160,Low / Unclassified,100
3396,UK_8711327529793,E410,E410,Low / Unclassified,100
3397,UK_8711327529793,E412,Guar Gum,Low,100
3398,UK_8711327529793,E417,E417,Low / Unclassified,100
3399,UK_8711327529793,E471,E471,Low / Unclassified,100
3400,UK_8714100590430,E160,E160,Low / Unclassified,100
3401,UK_8714100590430,E407,E407,Low / Unclassified,100
3402,UK_8714100590430,E410,E410,Low / Unclassified,100
3403,UK_8714100590430,E412,Guar Gum,Low,100
3404,UK_8714100590430,E471,E471,Low / Unclassified,100
3405,UK_3415581113921,E322,Lecithin,Low,100
3406,UK_3415581113921,E322,Lecithin,Low,100
3407,UK_3415581114928,E322,Lecithin,Low,100
3408,UK_3415581114928,E322,Lecithin,Low,100
3409,UK_3415581114928,E440,E440,Low / Unclassified,100
3410,UK_5012262004516,E401,E401,Low / Unclassified,100
3411,UK_5012262004516,E412,Guar Gum,Low,100
3412,UK_5012262004516,E422,E422,Low / Unclassified,100
3413,UK_5012262004516,E471,E471,Low / Unclassified,100
3414,UK_5012262004516,E500,E500,Low / Unclassified,100
3415,UK_5012262004516,E500,E500,Low / Unclassified,100
3416,UK_8711327373013,E322,Lecithin,Low,100
3417,UK_8711327373013,E322,Lecithin,Low,100
3418,UK_8711327373013,E412,Guar Gum,Low,100
3419,UK_8711327373013,E440,E440,Low / Unclassified,100
3420,UK_3415581176025,E440,E440,Low / Unclassified,100
3421,UK_3415581176025,E500,E500,Low / Unclassified,100
3422,UK_3415581176025,E500,E500,Low / Unclassified,100
3423,UK_5057967164523,E410,E410,Low / Unclassified,100
3424,UK_5012262004028,E400,E400,Low / Unclassified,100
3425,UK_5012262004028,E422,E422,Low / Unclassified,100
3426,UK_5012262004028,E471,E471,Low / Unclassified,100
3427,UK_8711327637696,E322,Lecithin,Low,100
3428,UK_8711327637696,E407,E407,Low / Unclassified,100
3429,UK_8711327637696,E412,Guar Gum,Low,100
3430,UK_5060081113735,E410,E410,Low / Unclassified,100
3431,UK_5060081113735,E412,Guar Gum,Low,100
3432,UK_8712566291144,E100,E100,Low / Unclassified,100
3433,UK_8712566291144,E160,E160,Low / Unclassified,100
3434,UK_8712566291144,E407,E407,Low / Unclassified,100
3435,UK_8712566291144,E410,E410,Low / Unclassified,100
3436,UK_8712566291144,E412,Guar Gum,Low,100
3437,UK_8712566291144,E417,E417,Low / Unclassified,100
3438,UK_8712566291144,E471,E471,Low / Unclassified,100
3439,UK_3415581152920,E500,E500,Low / Unclassified,100
3440,UK_5056285800151,E1200,E1200,Low / Unclassified,100
3441,UK_5056285800151,E322,Lecithin,Low,100
3442,UK_5056285800151,E410,E410,Low / Unclassified,100
3443,UK_5056285800151,E412,Guar Gum,Low,100
3444,UK_5056285800151,E422,E422,Low / Unclassified,100
3445,UK_5056285800151,E450,E450,Low / Unclassified,100
3446,UK_5056285800151,E471,E471,Low / Unclassified,100
3447,UK_5056285800151,E500,E500,Low / Unclassified,100
3448,UK_5056285800151,E960,E960,Low / Unclassified,100
3449,UK_5056285800151,E965,E965,Low / Unclassified,100
3450,UK_3415581153026,E440,E440,Low / Unclassified,100
3451,UK_5029728010004,E160,E160,Low / Unclassified,100
3452,UK_5029728010004,E322,Lecithin,Low,100
3453,UK_5029728010004,E500,E500,Low / Unclassified,100
3454,UK_5029728010004,E500,E500,Low / Unclassified,100
3455,UK_5029728010004,E954,E954,Low / Unclassified,100
3456,UK_5026646000452,E322,Lecithin,Low,100
3457,UK_5026646000452,E322,Lecithin,Low,100
3458,UK_5026646000452,E410,E410,Low / Unclassified,100
3459,UK_5026646020702,E160,E160,Low / Unclassified,100
3460,UK_5026646020702,E410,E410,Low / Unclassified,100
3461,UK_5026646020702,E412,Guar Gum,Low,100
3462,UK_5026646020702,E471,E471,Low / Unclassified,100
3463,UK_8711327574991,E160,E160,Low / Unclassified,100
3464,UK_8711327574991,E322,Lecithin,Low,100
3465,UK_8711327574991,E407,E407,Low / Unclassified,100
3466,UK_8711327574991,E410,E410,Low / Unclassified,100
3467,UK_8711327574991,E412,Guar Gum,Low,100
3468,UK_8711327574991,E471,E471,Low / Unclassified,100
3469,UK_8711327574991,E476,E476,Low / Unclassified,100
3470,UK_00393638,E322,Lecithin,Low,100
3471,UK_00393638,E322,Lecithin,Low,100
3472,UK_5000159560764,E322,Lecithin,Low,100
3473,UK_5000159560764,E322,Lecithin,Low,100
3474,UK_5000159560764,E407,E407,Low / Unclassified,100
3475,UK_5000159560764,E410,E410,Low / Unclassified,100
3476,UK_5000159560764,E412,Guar Gum,Low,100
3477,UK_5000159560764,E471,E471,Low / Unclassified,100
3478,UK_5063334007737,E163,E163,Low / Unclassified,100
3479,UK_3415581520927,E440,E440,Low / Unclassified,100
3480,UK_8711327318373,E322,Lecithin,Low,100
3481,UK_8711327318373,E407,E407,Low / Unclassified,100
3482,UK_8711327318373,E410,E410,Low / Unclassified,100
3483,UK_8711327318373,E412,Guar Gum,Low,100
3484,UK_8711327318373,E442,E442,Low / Unclassified,100
3485,UK_8711327318373,E471,E471,Low / Unclassified,100
3486,UK_4056489223368,E322,Lecithin,Low,100
3487,UK_4056489223368,E410,E410,Low / Unclassified,100
3488,UK_4056489223368,E412,Guar Gum,Low,100
3489,UK_4056489223368,E471,E471,Low / Unclassified,100
3490,UK_4056489223368,E476,E476,Low / Unclassified,100
3491,UK_5036589253419,E407,E407,Low / Unclassified,100
3492,UK_5036589253419,E410,E410,Low / Unclassified,100
3493,UK_5036589253419,E412,Guar Gum,Low,100
3494,UK_5000169263587,E270,E270,Low / Unclassified,100
3495,UK_8711327576957,E100,E100,Low / Unclassified,100
3496,UK_8711327576957,E140,E140,Low / Unclassified,100
3497,UK_8711327576957,E140,E140,Low / Unclassified,100
3498,UK_8711327576957,E330,Citric Acid,Low,100
3499,UK_8711327576957,E410,E410,Low / Unclassified,100
3500,UK_8711327576957,E412,Guar Gum,Low,100
3501,UK_8711327576957,E417,E417,Low / Unclassified,100
3502,UK_8711327576957,E471,E471,Low / Unclassified,100
3503,UK_8711327575011,E160,E160,Low / Unclassified,100
3504,UK_8711327575011,E322,Lecithin,Low,100
3505,UK_8711327575011,E407,E407,Low / Unclassified,100
3506,UK_8711327575011,E410,E410,Low / Unclassified,100
3507,UK_8711327575011,E412,Guar Gum,Low,100
3508,UK_8711327575011,E417,E417,Low / Unclassified,100
3509,UK_8711327575011,E471,E471,Low / Unclassified,100
3510,UK_5060392490006,E322,Lecithin,Low,100
3511,UK_8711327534001,E100,E100,Low / Unclassified,100
3512,UK_8711327534001,E330,Citric Acid,Low,100
3513,UK_8711327534001,E407,E407,Low / Unclassified,100
3514,UK_8711327534001,E410,E410,Low / Unclassified,100
3515,UK_8711327534001,E412,Guar Gum,Low,100
3516,UK_8711327534001,E417,E417,Low / Unclassified,100
3517,UK_8711327534001,E471,E471,Low / Unclassified,100
3518,UK_8711327611757,E160,E160,Low / Unclassified,100
3519,UK_8711327611757,E322,Lecithin,Low,100
3520,UK_8711327611757,E407,E407,Low / Unclassified,100
3521,UK_8711327611757,E410,E410,Low / Unclassified,100
3522,UK_8711327611757,E412,Guar Gum,Low,100
3523,UK_8711327611757,E417,E417,Low / Unclassified,100
3524,UK_8711327611757,E471,E471,Low / Unclassified,100
3525,UK_5060392490099,E150,E150,Low / Unclassified,100
3526,UK_5060392490099,E330,Citric Acid,Low,100
3527,UK_5060392490099,E440,E440,Low / Unclassified,100
3528,UK_4061462778940,E1200,E1200,Low / Unclassified,100
3529,UK_4061462778940,E150,E150,Low / Unclassified,100
3530,UK_4061462778940,E322,Lecithin,Low,100
3531,UK_4061462778940,E410,E410,Low / Unclassified,100
3532,UK_4061462778940,E412,Guar Gum,Low,100
3533,UK_4061462778940,E422,E422,Low / Unclassified,100
3534,UK_4061462778940,E471,E471,Low / Unclassified,100
3535,UK_4061462778940,E960,E960,Low / Unclassified,100
3536,UK_4061462778940,E968,E968,Low / Unclassified,100
3537,UK_3415584409922,E440,E440,Low / Unclassified,100
3538,UK_4056489223351,E322,Lecithin,Low,100
3539,UK_4056489223351,E412,Guar Gum,Low,100
3540,UK_4056489223351,E471,E471,Low / Unclassified,100
3541,UK_4056489223351,E476,E476,Low / Unclassified,100
3542,UK_4088600007304,E407,E407,Low / Unclassified,100
3543,UK_4088600007304,E410,E410,Low / Unclassified,100
3544,UK_4088600007304,E412,Guar Gum,Low,100
3545,UK_4088600007304,E471,E471,Low / Unclassified,100
3546,UK_8714100083529,E330,Citric Acid,Low,100
3547,UK_8714100083529,E407,E407,Low / Unclassified,100
3548,UK_8714100083529,E410,E410,Low / Unclassified,100
3549,UK_8714100083529,E412,Guar Gum,Low,100
3550,UK_8714100083529,E440,E440,Low / Unclassified,100
3551,UK_8714100083529,E471,E471,Low / Unclassified,100
3552,UK_5060081112639,E410,E410,Low / Unclassified,100
3553,UK_5060081112639,E412,Guar Gum,Low,100
3554,UK_5060081112639,E440,E440,Low / Unclassified,100
3555,UK_5060392490075,E410,E410,Low / Unclassified,100
3556,UK_5060198645716,E14XX,E14XX,Low / Unclassified,100
3557,UK_5060198645716,E163,E163,Low / Unclassified,100
3558,UK_5060198645716,E330,Citric Acid,Low,100
3559,UK_5060198645716,E331,E331,Low / Unclassified,100
3560,UK_5060198645716,E406,E406,Low / Unclassified,100
3561,UK_5060198645716,E471,E471,Low / Unclassified,100
3562,UK_5012262009931,E401,E401,Low / Unclassified,100
3563,UK_5012262009931,E412,Guar Gum,Low,100
3564,UK_5012262009931,E422,E422,Low / Unclassified,100
3565,UK_5012262009931,E471,E471,Low / Unclassified,100
3566,UK_8711327534322,E410,E410,Low / Unclassified,100
3567,UK_8711327534322,E412,Guar Gum,Low,100
3568,UK_8711327534322,E417,E417,Low / Unclassified,100
3569,UK_8711327534322,E442,E442,Low / Unclassified,100
3570,UK_8711327534322,E471,E471,Low / Unclassified,100
3571,UK_4088600105871,E330,Citric Acid,Low,100
3572,UK_4088600105871,E407,E407,Low / Unclassified,100
3573,UK_4088600105871,E410,E410,Low / Unclassified,100
3574,UK_4088600105871,E415,Xanthan Gum,Low,100
3575,UK_4088600105871,E389,E389,Low / Unclassified,100
3576,UK_8711327534377,E141,E141,Low / Unclassified,100
3577,UK_8711327534377,E141,E141,Low / Unclassified,100
3578,UK_8711327534377,E410,E410,Low / Unclassified,100
3579,UK_8711327534377,E412,Guar Gum,Low,100
3580,UK_8711327534377,E417,E417,Low / Unclassified,100
3581,UK_8711327534377,E442,E442,Low / Unclassified,100
3582,UK_8711327534377,E471,E471,Low / Unclassified,100
3583,UK_5000159560795,E322,Lecithin,Low,100
3584,UK_5000159560795,E322,Lecithin,Low,100
3585,UK_5000159560795,E401,E401,Low / Unclassified,100
3586,UK_5000159560795,E407,E407,Low / Unclassified,100
3587,UK_5000159560795,E412,Guar Gum,Low,100
3588,UK_5000159560795,E471,E471,Low / Unclassified,100
3589,UK_3415581162929,E440,E440,Low / Unclassified,100
3590,UK_00454230,E150,E150,Low / Unclassified,100
3591,UK_4335619016576,E322,Lecithin,Low,100
3592,UK_4335619016576,E410,E410,Low / Unclassified,100
3593,UK_4335619016576,E412,Guar Gum,Low,100
3594,UK_4335619016576,E471,E471,Low / Unclassified,100
3595,UK_4335619016576,E476,E476,Low / Unclassified,100
3596,UK_4061459440140,E160,E160,Low / Unclassified,100
3597,UK_4061459440140,E330,Citric Acid,Low,100
3598,UK_4061459440140,E410,E410,Low / Unclassified,100
3599,UK_4061459440140,E412,Guar Gum,Low,100
3600,UK_4061459440140,E415,Xanthan Gum,Low,100
3601,UK_4061459440140,E471,E471,Low / Unclassified,100
3602,UK_5052910791283,E100,E100,Low / Unclassified,100
3603,UK_5052910791283,E160,E160,Low / Unclassified,100
3604,UK_5052910791283,E160,E160,Low / Unclassified,100
3605,UK_5052910791283,E162,E162,Low / Unclassified,100
3606,UK_5052910791283,E410,E410,Low / Unclassified,100
3607,UK_5052910791283,E412,Guar Gum,Low,100
3608,UK_5052910791283,E471,E471,Low / Unclassified,100
3609,UK_40875125,E160,E160,Low / Unclassified,100
3610,UK_40875125,E412,Guar Gum,Low,100
3611,UK_40875125,E471,E471,Low / Unclassified,100
3612,UK_5060081116255,E410,E410,Low / Unclassified,100
3613,UK_5060081116255,E412,Guar Gum,Low,100
3614,UK_5060081116255,E471,E471,Low / Unclassified,100
3615,UK_5060081114039,E330,Citric Acid,Low,100
3616,UK_5060081114039,E410,E410,Low / Unclassified,100
3617,UK_5000169528655,E322,Lecithin,Low,100
3618,UK_5000169528655,E322,Lecithin,Low,100
3619,UK_5056285800175,E1200,E1200,Low / Unclassified,100
3620,UK_5056285800175,E322,Lecithin,Low,100
3621,UK_5056285800175,E410,E410,Low / Unclassified,100
3622,UK_5056285800175,E412,Guar Gum,Low,100
3623,UK_5056285800175,E471,E471,Low / Unclassified,100
3624,UK_5056285800175,E960,E960,Low / Unclassified,100
3625,UK_5056285800175,E968,E968,Low / Unclassified,100
3626,UK_4088600096155,E322,Lecithin,Low,100
3627,UK_4088600096155,E410,E410,Low / Unclassified,100
3628,UK_4088600096155,E412,Guar Gum,Low,100
3629,UK_4088600096155,E440,E440,Low / Unclassified,100
3630,UK_4088600096155,E471,E471,Low / Unclassified,100
3631,UK_5000169612033,E160,E160,Low / Unclassified,100
3632,UK_5000169612033,E401,E401,Low / Unclassified,100
3633,UK_5000169612033,E412,Guar Gum,Low,100
3634,UK_5000169612033,E471,E471,Low / Unclassified,100
3635,UK_5053947930836,E322,Lecithin,Low,100
3636,UK_5053947930836,E410,E410,Low / Unclassified,100
3637,UK_5053947930836,E412,Guar Gum,Low,100
3638,UK_5053947930836,E471,E471,Low / Unclassified,100
3639,UK_4088600165530,E100,E100,Low / Unclassified,100
3640,UK_4088600165530,E160,E160,Low / Unclassified,100
3641,UK_4088600165530,E160,E160,Low / Unclassified,100
3642,UK_4088600165530,E410,E410,Low / Unclassified,100
3643,UK_4088600165530,E412,Guar Gum,Low,100
3644,UK_4088600165530,E471,E471,Low / Unclassified,100
3645,UK_8711327533950,E160,E160,Low / Unclassified,100
3646,UK_8711327533950,E407,E407,Low / Unclassified,100
3647,UK_8711327533950,E410,E410,Low / Unclassified,100
3648,UK_8711327533950,E412,Guar Gum,Low,100
3649,UK_8711327533950,E417,E417,Low / Unclassified,100
3650,UK_8711327533950,E471,E471,Low / Unclassified,100
3651,UK_5060081113759,E150,E150,Low / Unclassified,100
3652,UK_5060081113759,E410,E410,Low / Unclassified,100
3653,UK_5060081113759,E412,Guar Gum,Low,100
3654,UK_00333047,E160,E160,Low / Unclassified,100
3655,UK_00333047,E410,E410,Low / Unclassified,100
3656,UK_00333047,E412,Guar Gum,Low,100
3657,UK_00333047,E471,E471,Low / Unclassified,100
3658,UK_8711327535138,E150,E150,Low / Unclassified,100
3659,UK_8711327535138,E410,E410,Low / Unclassified,100
3660,UK_8711327535138,E412,Guar Gum,Low,100
3661,UK_8711327535138,E420,E420,Low / Unclassified,100
3662,UK_8711327535138,E471,E471,Low / Unclassified,100
3663,UK_8711327326750,E163,E163,Low / Unclassified,100
3664,UK_8711327326750,E410,E410,Low / Unclassified,100
3665,UK_8711327326750,E412,Guar Gum,Low,100
3666,UK_8711327326750,E471,E471,Low / Unclassified,100
3667,UK_8711327374171,E330,Citric Acid,Low,100
3668,UK_8711327374171,E407,E407,Low / Unclassified,100
3669,UK_8711327374171,E412,Guar Gum,Low,100
3670,UK_8711327374171,E440,E440,Low / Unclassified,100
3671,UK_8711327483071,E322,Lecithin,Low,100
3672,UK_8711327483071,E407,E407,Low / Unclassified,100
3673,UK_8711327483071,E410,E410,Low / Unclassified,100
3674,UK_8711327483071,E412,Guar Gum,Low,100
3675,UK_8711327483071,E417,E417,Low / Unclassified,100
3676,UK_8711327483071,E471,E471,Low / Unclassified,100
3677,UK_8711327483071,E476,E476,Low / Unclassified,100
3678,UK_8711327483071,E500,E500,Low / Unclassified,100
3679,UK_3415581545920,E322,Lecithin,Low,100
3680,UK_3415581545920,E440,E440,Low / Unclassified,100
3681,UK_3415581545920,E500,E500,Low / Unclassified,100
3682,UK_3415581545920,E500,E500,Low / Unclassified,100
3683,UK_00738668,E322,Lecithin,Low,100
3684,UK_00738668,E322,Lecithin,Low,100
3685,UK_00738668,E500,E500,Low / Unclassified,100
3686,UK_00738668,E500,E500,Low / Unclassified,100
3687,UK_8711327539624,E322,Lecithin,Low,100
3688,UK_8711327539624,E407,E407,Low / Unclassified,100
3689,UK_8711327539624,E412,Guar Gum,Low,100
3690,UK_8711327539624,E500,E500,Low / Unclassified,100
3691,UK_8711327539624,E500,E500,Low / Unclassified,100
3692,UK_8711327539624,E503,E503,Low / Unclassified,100
3693,UK_8711327626638,E14XX,E14XX,Low / Unclassified,100
3694,UK_8711327626638,E170,E170,Low / Unclassified,100
3695,UK_8711327626638,E170,E170,Low / Unclassified,100
3696,UK_8711327626638,E290,E290,Low / Unclassified,100
3697,UK_8711327626638,E296,E296,Low / Unclassified,100
3698,UK_8711327626638,E322,Lecithin,Low,100
3699,UK_8711327626638,E407,E407,Low / Unclassified,100
3700,UK_8711327626638,E412,Guar Gum,Low,100
3701,UK_8711327626638,E440,E440,Low / Unclassified,100
3702,UK_8711327626638,E500,E500,Low / Unclassified,100
3703,UK_8711327626638,E500,E500,Low / Unclassified,100
3704,UK_4088600389134,E401,E401,Low / Unclassified,100
3705,UK_4088600389134,E471,E471,Low / Unclassified,100
3706,UK_4056489145141,E322,Lecithin,Low,100
3707,UK_4056489145141,E333,E333,Low / Unclassified,100
3708,UK_4056489145141,E407,E407,Low / Unclassified,100
3709,UK_4056489145141,E410,E410,Low / Unclassified,100
3710,UK_4056489145141,E412,Guar Gum,Low,100
3711,UK_4056489145141,E415,Xanthan Gum,Low,100
3712,UK_4056489145141,E570,E570,Low / Unclassified,100
3713,UK_00415736,E160,E160,Low / Unclassified,100
3714,UK_00415736,E162,E162,Low / Unclassified,100
3715,UK_00415736,E322,Lecithin,Low,100
3716,UK_00415736,E322,Lecithin,Low,100
3717,UK_00415736,E410,E410,Low / Unclassified,100
3718,UK_00415736,E412,Guar Gum,Low,100
3719,UK_00415736,E440,E440,Low / Unclassified,100
3720,UK_00415736,E471,E471,Low / Unclassified,100
3721,UK_5000157062673,E330,Citric Acid,Low,100
3722,UK_5391511420209,E330,Citric Acid,Low,100
3723,UK_5060430292760,E500,E500,Low / Unclassified,100
3724,UK_5060430292760,E500,E500,Low / Unclassified,100
3725,UK_5012427072206,E330,Citric Acid,Low,100
3726,UK_5000157062680,E160,E160,Low / Unclassified,100
3727,UK_5000157062680,E160,E160,Low / Unclassified,100
3728,UK_5000157062680,E339,E339,Low / Unclassified,100
3729,UK_5000157062680,E452,E452,Low / Unclassified,100
3730,UK_5060262485408,E1400,E1400,Low / Unclassified,100
3731,UK_4088600068367,E330,Citric Acid,Low,100
3732,UK_8712566479528,E392,E392,Low / Unclassified,100
3733,UK_8712566479528,E410,E410,Low / Unclassified,100
3734,UK_8712566479528,E415,Xanthan Gum,Low,100
3735,UK_5000157062758,E330,Citric Acid,Low,100
3736,UK_5060430292746,E160,E160,Low / Unclassified,100
3737,UK_5060430292746,E330,Citric Acid,Low,100
3738,UK_5012427141100,E330,Citric Acid,Low,100
3739,UK_5012427142701,E330,Citric Acid,Low,100
3740,UK_5012427142701,E452,E452,Low / Unclassified,100
3741,UK_5060960662309,E160,E160,Low / Unclassified,100
3742,UK_5000157146816,E330,Citric Acid,Low,100
3743,UK_5000157062697,E339,E339,Low / Unclassified,100
3744,UK_5000157062697,E452,E452,Low / Unclassified,100
3745,UK_00816359,E330,Citric Acid,Low,100
3746,UK_01221008,E330,Citric Acid,Low,100
3747,UK_5000157063441,E160,E160,Low / Unclassified,100
3748,UK_5000157063441,E160,E160,Low / Unclassified,100
3749,UK_29285976,E330,Citric Acid,Low,100
3750,UK_5056053305864,E250,Sodium Nitrite,High,25
3751,UK_00473682,E500,E500,Low / Unclassified,100
3752,UK_00473682,E500,E500,Low / Unclassified,100
3753,UK_5012427141407,E452,E452,Low / Unclassified,100
3754,UK_5000436960065,E330,Citric Acid,Low,100
3755,UK_5000157062727,E150,E150,Low / Unclassified,100
3756,UK_5000157074829,E101,E101,Low / Unclassified,100
3757,UK_5000157074829,E101,E101,Low / Unclassified,100
3758,UK_5000157074829,E160,E160,Low / Unclassified,100
3759,UK_5000157074829,E162,E162,Low / Unclassified,100
3760,UK_5000157074829,E330,Citric Acid,Low,100
3761,UK_5000157074829,E472,E472,Low / Unclassified,100
3762,UK_5012427143906,E250,Sodium Nitrite,High,25
3763,UK_5012427143906,E252,E252,Low / Unclassified,100
3764,UK_5012427143906,E301,E301,Low / Unclassified,100
3765,UK_01851083,E330,Citric Acid,Low,100
3766,UK_5014276432705,E415,Xanthan Gum,Low,100
3767,UK_5000157064448,E330,Citric Acid,Low,100
3768,UK_8445291301948,E160,E160,Low / Unclassified,100
3769,UK_8445291301948,E160,E160,Low / Unclassified,100
3770,UK_8445291301948,E160,E160,Low / Unclassified,100
3771,UK_8445291301948,E306,E306,Low / Unclassified,100
3772,UK_8445290345608,E160,E160,Low / Unclassified,100
3773,UK_8445290345608,E160,E160,Low / Unclassified,100
3774,UK_8445290345608,E160,E160,Low / Unclassified,100
3775,UK_8445290345608,E306,E306,Low / Unclassified,100
3776,UK_7613287157201,E160,E160,Low / Unclassified,100
3777,UK_7613287157201,E160,E160,Low / Unclassified,100
3778,UK_7613287157201,E160,E160,Low / Unclassified,100
3779,UK_7613287157201,E306,E306,Low / Unclassified,100
3780,UK_5000426171518,E1103,E1103,Low / Unclassified,100
3781,UK_5000426171518,E322,Lecithin,Low,100
3782,UK_5000426171518,E330,Citric Acid,Low,100
3783,UK_8002270576829,E290,E290,Low / Unclassified,100
3784,UK_8002270576829,E440,E440,Low / Unclassified,100
3785,UK_8002270576829,E960,E960,Low / Unclassified,100
3786,UK_8002270506833,E290,E290,Low / Unclassified,100
3787,UK_8002270506833,E330,Citric Acid,Low,100
3788,UK_8002270506833,E440,E440,Low / Unclassified,100
3789,UK_8002270506833,E960,E960,Low / Unclassified,100
3790,UK_7613287169990,E306,E306,Low / Unclassified,100
3791,UK_8002270000515,E290,E290,Low / Unclassified,100
3792,UK_3023290041703,E100,E100,Low / Unclassified,100
3793,UK_3023290041703,E160,E160,Low / Unclassified,100
3794,UK_3023290041703,E330,Citric Acid,Low,100
3795,UK_3023290041703,E950,E950,Low / Unclassified,100
3796,UK_3023290041703,E951,E951,Low / Unclassified,100
3797,UK_3023290624012,E322,Lecithin,Low,100
3798,UK_3023290624012,E322,Lecithin,Low,100
3799,UK_3023290624012,E401,E401,Low / Unclassified,100
3800,UK_3023290624012,E407,E407,Low / Unclassified,100
3801,UK_3023290624012,E428,E428,Low / Unclassified,100
3802,UK_3023290624012,E570,E570,Low / Unclassified,100
3803,UK_7613031513031,E322,Lecithin,Low,100
3804,UK_7613031513031,E322,Lecithin,Low,100
3805,UK_8002270396885,E290,E290,Low / Unclassified,100
3806,UK_8002270396885,E330,Citric Acid,Low,100
3807,UK_8002270396885,E440,E440,Low / Unclassified,100
3808,UK_8002270396885,E960,E960,Low / Unclassified,100
3809,UK_8002270586835,E160,E160,Low / Unclassified,100
3810,UK_8002270586835,E163,E163,Low / Unclassified,100
3811,UK_8002270586835,E290,E290,Low / Unclassified,100
3812,UK_8002270586835,E330,Citric Acid,Low,100
3813,UK_8002270586835,E440,E440,Low / Unclassified,100
3814,UK_8002270586835,E960,E960,Low / Unclassified,100
3815,UK_8445290856296,E101,E101,Low / Unclassified,100
3816,UK_8445290856296,E101,E101,Low / Unclassified,100
3817,UK_8445290856296,E170,E170,Low / Unclassified,100
3818,UK_8445290856296,E331,E331,Low / Unclassified,100
3819,UK_8445290856296,E340,E340,Low / Unclassified,100
3820,UK_8445290856296,E452,E452,Low / Unclassified,100
3821,UK_8445290856296,E471,E471,Low / Unclassified,100
3822,UK_8445290856296,E472,E472,Low / Unclassified,100
3823,UK_7613287170149,E306,E306,Low / Unclassified,100
3824,UK_8445290146434,E270,E270,Low / Unclassified,100
3825,UK_8445290146434,E322,Lecithin,Low,100
3826,UK_8445290146434,E471,E471,Low / Unclassified,100
3827,UK_8445290856272,E101,E101,Low / Unclassified,100
3828,UK_8445290856272,E101,E101,Low / Unclassified,100
3829,UK_8445290856272,E170,E170,Low / Unclassified,100
3830,UK_8445290856272,E331,E331,Low / Unclassified,100
3831,UK_8445290856272,E340,E340,Low / Unclassified,100
3832,UK_8445290856272,E452,E452,Low / Unclassified,100
3833,UK_8445290856272,E471,E471,Low / Unclassified,100
3834,UK_8445290856272,E472,E472,Low / Unclassified,100
3835,UK_8445291609181,E270,E270,Low / Unclassified,100
3836,UK_8445291609181,E322,Lecithin,Low,100
3837,UK_8445291609181,E471,E471,Low / Unclassified,100
3838,UK_7613031513611,E162,E162,Low / Unclassified,100
3839,UK_3023290453674,E120,E120,Low / Unclassified,100
3840,UK_3023290453674,E150,E150,Low / Unclassified,100
3841,UK_3023290453674,E330,Citric Acid,Low,100
3842,UK_3023290453674,E331,E331,Low / Unclassified,100
3843,UK_3023290453674,E410,E410,Low / Unclassified,100
3844,UK_3023290453674,E412,Guar Gum,Low,100
3845,UK_3023290453674,E415,Xanthan Gum,Low,100
3846,UK_7613036193047,E322,Lecithin,Low,100
3847,UK_5011476102131,E160,E160,Low / Unclassified,100
3848,UK_5011476102131,E160,E160,Low / Unclassified,100
3849,UK_5011476102131,E306,E306,Low / Unclassified,100
3850,UK_5011476102131,E322,Lecithin,Low,100
3851,UK_5011476102131,E322,Lecithin,Low,100
3852,UK_7613031418947,E162,E162,Low / Unclassified,100
3853,UK_7613031418947,E412,Guar Gum,Low,100
3854,UK_7613287579706,E100,E100,Low / Unclassified,100
3855,UK_7613287579706,E160,E160,Low / Unclassified,100
3856,UK_7613287579706,E162,E162,Low / Unclassified,100
3857,UK_7613287579706,E322,Lecithin,Low,100
3858,UK_7613287579706,E901,E901,Low / Unclassified,100
3859,UK_7613287579706,E903,E903,Low / Unclassified,100
3860,UK_5000243729091,E160,E160,Low / Unclassified,100
3861,UK_5000243729091,E306,E306,Low / Unclassified,100
3862,UK_7613035220065,E322,Lecithin,Low,100
3863,UK_7613035220065,E322,Lecithin,Low,100
3864,UK_7613035220065,E500,E500,Low / Unclassified,100
3865,UK_7613035220065,E500,E500,Low / Unclassified,100
3866,UK_7613287238474,E322,Lecithin,Low,100
3867,UK_7613287238474,E322,Lecithin,Low,100
3868,UK_8445291254107,E306,E306,Low / Unclassified,100
3869,UK_8445291254107,E500,E500,Low / Unclassified,100
3870,UK_8445291254107,E500,E500,Low / Unclassified,100
3871,UK_7613034043870,E14XX,E14XX,Low / Unclassified,100
3872,UK_7613034043870,E322,Lecithin,Low,100
3873,UK_7613034043870,E322,Lecithin,Low,100
3874,UK_7613034043870,E500,E500,Low / Unclassified,100
3875,UK_7613034043870,E500,E500,Low / Unclassified,100
3876,UK_7613034043870,E503,E503,Low / Unclassified,100
3877,UK_7613034043870,E503,E503,Low / Unclassified,100
3878,UK_7613036099400,E322,Lecithin,Low,100
3879,UK_7613036099400,E500,E500,Low / Unclassified,100
3880,UK_7613036099400,E500,E500,Low / Unclassified,100
3881,UK_7613287194367,E160,E160,Low / Unclassified,100
3882,UK_7613287194367,E160,E160,Low / Unclassified,100
3883,UK_7613287194367,E160,E160,Low / Unclassified,100
3884,UK_7613287194367,E306,E306,Low / Unclassified,100
3885,UK_7613031513062,E322,Lecithin,Low,100
3886,UK_7613031513062,E322,Lecithin,Low,100
3887,UK_8445290420930,E296,E296,Low / Unclassified,100
3888,UK_8445290420930,E331,E331,Low / Unclassified,100
3889,UK_8445290420930,E331,E331,Low / Unclassified,100
3890,UK_8445290420930,E333,E333,Low / Unclassified,100
3891,UK_8445290420930,E422,E422,Low / Unclassified,100
3892,UK_8888082140706,E339,E339,Low / Unclassified,100
3893,UK_8888082140706,E341,E341,Low / Unclassified,100
3894,UK_8888082140706,E341,E341,Low / Unclassified,100
3895,UK_8002270616839,E290,E290,Low / Unclassified,100
3896,UK_8002270616839,E440,E440,Low / Unclassified,100
3897,UK_8002270616839,E960,E960,Low / Unclassified,100
3898,UK_7613033126390,E322,Lecithin,Low,100
3899,UK_8000300430493,E322,Lecithin,Low,100
3900,UK_50251797,E420,E420,Low / Unclassified,100
3901,UK_50251797,E572,E572,Low / Unclassified,100
3902,UK_7613039869123,E100,E100,Low / Unclassified,100
3903,UK_7613039869123,E141,E141,Low / Unclassified,100
3904,UK_7613039869123,E141,E141,Low / Unclassified,100
3905,UK_7613039869123,E322,Lecithin,Low,100
3906,UK_7613039535042,E100,E100,Low / Unclassified,100
3907,UK_7613039535042,E160,E160,Low / Unclassified,100
3908,UK_7613039535042,E162,E162,Low / Unclassified,100
3909,UK_7613039535042,E322,Lecithin,Low,100
3910,UK_7613039535042,E903,E903,Low / Unclassified,100
3911,UK_7613034872630,E322,Lecithin,Low,100
3912,UK_7613034872630,E322,Lecithin,Low,100
3913,UK_8445291524545,E322,Lecithin,Low,100
3914,UK_8445291524545,E500,E500,Low / Unclassified,100
3915,UK_8445291524545,E500,E500,Low / Unclassified,100
3916,UK_7613287195210,E160,E160,Low / Unclassified,100
3917,UK_7613287195210,E160,E160,Low / Unclassified,100
3918,UK_7613287195210,E160,E160,Low / Unclassified,100
3919,UK_7613287195210,E306,E306,Low / Unclassified,100
3920,UK_5011476100885,E150,E150,Low / Unclassified,100
3921,UK_5011476100885,E160,E160,Low / Unclassified,100
3922,UK_5011476100885,E160,E160,Low / Unclassified,100
3923,UK_5011476100885,E306,E306,Low / Unclassified,100
3924,UK_5011476100885,E340,E340,Low / Unclassified,100
3925,UK_5011476100885,E340,E340,Low / Unclassified,100
3926,UK_7613037889857,E333,E333,Low / Unclassified,100
3927,UK_7613037889857,E422,E422,Low / Unclassified,100
3928,UK_7613037889857,E440,E440,Low / Unclassified,100
3929,UK_7613287430984,E322,Lecithin,Low,100
3930,UK_7613287430984,E500,E500,Low / Unclassified,100
3931,UK_7613287430984,E500,E500,Low / Unclassified,100
3932,UK_7613035220263,E322,Lecithin,Low,100
3933,UK_7613035220263,E322,Lecithin,Low,100
3934,UK_7613035220263,E500,E500,Low / Unclassified,100
3935,UK_7613035220263,E500,E500,Low / Unclassified,100
3936,UK_5900085011029,E330,Citric Acid,Low,100
3937,UK_5900085011029,E385,E385,Low / Unclassified,100
3938,UK_8002270336850,E290,E290,Low / Unclassified,100
3939,UK_8002270336850,E330,Citric Acid,Low,100
3940,UK_8002270336850,E440,E440,Low / Unclassified,100
3941,UK_8002270336850,E960,E960,Low / Unclassified,100
3942,UK_7613036241755,E500,E500,Low / Unclassified,100
3943,UK_7613036241755,E500,E500,Low / Unclassified,100
3944,UK_5010238015252,E100,E100,Low / Unclassified,100
3945,UK_5010238015252,E160,E160,Low / Unclassified,100
3946,UK_5010238015252,E162,E162,Low / Unclassified,100
3947,UK_5010238015252,E322,Lecithin,Low,100
3948,UK_5010238015252,E322,Lecithin,Low,100
3949,UK_5010238015252,E330,Citric Acid,Low,100
3950,UK_5010238015252,E401,E401,Low / Unclassified,100
3951,UK_5010238015252,E407,E407,Low / Unclassified,100
3952,UK_5010238015252,E412,Guar Gum,Low,100
3953,UK_5010238015252,E414,E414,Low / Unclassified,100
3954,UK_5010238015252,E471,E471,Low / Unclassified,100
3955,UK_5010238015252,E901,E901,Low / Unclassified,100
3956,UK_7613034989253,E322,Lecithin,Low,100
3957,UK_7613034989253,E407,E407,Low / Unclassified,100
3958,UK_7613034989253,E500,E500,Low / Unclassified,100
3959,UK_7613034989253,E500,E500,Low / Unclassified,100
3960,UK_7613038977638,E322,Lecithin,Low,100
3961,UK_7613038977638,E500,E500,Low / Unclassified,100
3962,UK_7613038977638,E500,E500,Low / Unclassified,100
3963,UK_7613036099387,E322,Lecithin,Low,100
3964,UK_7613036099387,E322,Lecithin,Low,100
3965,UK_7613036099387,E500,E500,Low / Unclassified,100
3966,UK_7613036099387,E500,E500,Low / Unclassified,100
3967,UK_5010346000010,E339,E339,Low / Unclassified,100
3968,UK_5010346000010,E407,E407,Low / Unclassified,100
3969,UK_3023290062777,E100,E100,Low / Unclassified,100
3970,UK_3023290062777,E160,E160,Low / Unclassified,100
3971,UK_3023290062777,E950,E950,Low / Unclassified,100
3972,UK_3023290062777,E951,E951,Low / Unclassified,100
3973,UK_7613036193061,E322,Lecithin,Low,100
3974,UK_7613036193061,E322,Lecithin,Low,100
3975,UK_7613036193061,E330,Citric Acid,Low,100
3976,UK_11117780,E150,E150,Low / Unclassified,100
3977,UK_11117780,E322,Lecithin,Low,100
3978,UK_11117780,E322,Lecithin,Low,100
3979,UK_7613287430946,E100,E100,Low / Unclassified,100
3980,UK_7613287430946,E141,E141,Low / Unclassified,100
3981,UK_7613287430946,E141,E141,Low / Unclassified,100
3982,UK_7613287430946,E322,Lecithin,Low,100
3983,UK_3023290456330,E120,E120,Low / Unclassified,100
3984,UK_3023290456330,E330,Citric Acid,Low,100
3985,UK_3023290456330,E331,E331,Low / Unclassified,100
3986,UK_3023290456330,E331,E331,Low / Unclassified,100
3987,UK_3023290456330,E410,E410,Low / Unclassified,100
3988,UK_3023290456330,E412,Guar Gum,Low,100
3989,UK_3023290456330,E428,E428,Low / Unclassified,100
3990,UK_3023290456330,E440,E440,Low / Unclassified,100
3991,UK_3023290456330,E472,E472,Low / Unclassified,100
3992,UK_7613287238498,E100,E100,Low / Unclassified,100
3993,UK_7613287238498,E140,E140,Low / Unclassified,100
3994,UK_7613287238498,E140,E140,Low / Unclassified,100
3995,UK_7613287238498,E322,Lecithin,Low,100
3996,UK_7613287238498,E322,Lecithin,Low,100
3997,UK_7613287238498,E414,E414,Low / Unclassified,100
3998,UK_5900020030405,E160,E160,Low / Unclassified,100
3999,UK_5900020030405,E306,E306,Low / Unclassified,100
4000,UK_5900020030405,E322,Lecithin,Low,100
4001,UK_5900020030405,E322,Lecithin,Low,100
4002,UK_5900020030405,E422,E422,Low / Unclassified,100
4003,UK_5900020030405,E476,E476,Low / Unclassified,100
4004,UK_8593893776081,E1103,E1103,Low / Unclassified,100
4005,UK_8593893776081,E160,E160,Low / Unclassified,100
4006,UK_8593893776081,E322,Lecithin,Low,100
4007,UK_8593893776081,E330,Citric Acid,Low,100
4008,UK_8593893776081,E422,E422,Low / Unclassified,100
4009,UK_8593893776081,E476,E476,Low / Unclassified,100
4010,UK_3023290080184,E440,E440,Low / Unclassified,100
4011,UK_3023290080184,E524,E524,Low / Unclassified,100
4012,UK_3023290080184,E950,E950,Low / Unclassified,100
4013,UK_3023290080184,E955,E955,Low / Unclassified,100
4014,UK_8445291401242,E322,Lecithin,Low,100
4015,UK_8445291255999,E322,Lecithin,Low,100
4016,UK_8445291255999,E500,E500,Low / Unclassified,100
4017,UK_8445291255999,E500,E500,Low / Unclassified,100
4018,UK_5010346000003,E339,E339,Low / Unclassified,100
4019,UK_5059319013473,E330,Citric Acid,Low,100
4020,UK_5059319013473,E422,E422,Low / Unclassified,100
4021,UK_5059319013473,E440,E440,Low / Unclassified,100
4022,UK_5050083197840,E160,E160,Low / Unclassified,100
4023,UK_5050083197840,E160,E160,Low / Unclassified,100
4024,UK_5050083197840,E304,E304,Low / Unclassified,100
4025,UK_5050083197840,E304,E304,Low / Unclassified,100
4026,UK_5050083197840,E307,E307,Low / Unclassified,100
4027,UK_5059319002781,E420,E420,Low / Unclassified,100
4028,UK_5059319002781,E428,E428,Low / Unclassified,100
4029,UK_5059319035741,E306,E306,Low / Unclassified,100
4030,UK_5053827111348,E322,Lecithin,Low,100
4031,UK_5053827111348,E322,Lecithin,Low,100
4032,UK_5059319035895,E306,E306,Low / Unclassified,100
4033,UK_5059319002811,E422,E422,Low / Unclassified,100
4034,UK_5059319036137,E304,E304,Low / Unclassified,100
4035,UK_5059319036137,E304,E304,Low / Unclassified,100
4036,UK_5059319036137,E307,E307,Low / Unclassified,100
4037,UK_5059319022437,E304,E304,Low / Unclassified,100
4038,UK_5059319022437,E304,E304,Low / Unclassified,100
4039,UK_5059319022437,E307,E307,Low / Unclassified,100
4040,UK_5059319022437,E322,Lecithin,Low,100
4041,UK_5059319022437,E322,Lecithin,Low,100
4042,UK_5059319016481,E322,Lecithin,Low,100
4043,UK_5059319016481,E322,Lecithin,Low,100
4044,UK_5059319015279,E101,E101,Low / Unclassified,100
4045,UK_5059319015279,E101,E101,Low / Unclassified,100
4046,UK_5059319015279,E160,E160,Low / Unclassified,100
4047,UK_5059319015279,E160,E160,Low / Unclassified,100
4048,UK_5059319015279,E160,E160,Low / Unclassified,100
4049,UK_5059319015279,E304,E304,Low / Unclassified,100
4050,UK_5059319015279,E304,E304,Low / Unclassified,100
4051,UK_5059319015279,E307,E307,Low / Unclassified,100
4052,UK_5059319015279,E322,Lecithin,Low,100
4053,UK_5059319015279,E322,Lecithin,Low,100
4054,UK_5059319015279,E330,Citric Acid,Low,100
4055,UK_5059319034997,E330,Citric Acid,Low,100
4056,UK_5059319034997,E422,E422,Low / Unclassified,100
4057,UK_5059319034997,E440,E440,Low / Unclassified,100
4058,UK_5059319013442,E330,Citric Acid,Low,100
4059,UK_5059319013442,E422,E422,Low / Unclassified,100
4060,UK_5059319013442,E440,E440,Low / Unclassified,100
4061,UK_5059321004636,E170,E170,Low / Unclassified,100
4062,UK_5059321004636,E170,E170,Low / Unclassified,100
4063,UK_5059321004636,E306,E306,Low / Unclassified,100
4064,UK_5059321004636,E322,Lecithin,Low,100
4065,UK_5059321004636,E322,Lecithin,Low,100
4066,UK_5059321004636,E330,Citric Acid,Low,100
4067,UK_5059321004636,E420,E420,Low / Unclassified,100
4068,UK_5059321004636,E422,E422,Low / Unclassified,100
4069,UK_5059319022406,E304,E304,Low / Unclassified,100
4070,UK_5059319022406,E304,E304,Low / Unclassified,100
4071,UK_5059319022406,E307,E307,Low / Unclassified,100
4072,UK_5059319022406,E322,Lecithin,Low,100
4073,UK_5059319022406,E322,Lecithin,Low,100
4074,UK_5059319015200,E160,E160,Low / Unclassified,100
4075,UK_5059319015200,E160,E160,Low / Unclassified,100
4076,UK_5059319015200,E160,E160,Low / Unclassified,100
4077,UK_5059319015200,E304,E304,Low / Unclassified,100
4078,UK_5059319015200,E304,E304,Low / Unclassified,100
4079,UK_5059319015200,E307,E307,Low / Unclassified,100
4080,UK_5059319015200,E322,Lecithin,Low,100
4081,UK_5059319015200,E322,Lecithin,Low,100
4082,UK_5050083542787,E14XX,E14XX,Low / Unclassified,100
4083,UK_5050083542787,E160,E160,Low / Unclassified,100
4084,UK_5050083542787,E163,E163,Low / Unclassified,100
4085,UK_5050083542787,E170,E170,Low / Unclassified,100
4086,UK_5050083542787,E170,E170,Low / Unclassified,100
4087,UK_5050083542787,E296,E296,Low / Unclassified,100
4088,UK_5050083542787,E322,Lecithin,Low,100
4089,UK_5050083542787,E322,Lecithin,Low,100
4090,UK_5050083542787,E330,Citric Acid,Low,100
4091,UK_5050083542787,E401,E401,Low / Unclassified,100
4092,UK_5050083542787,E415,Xanthan Gum,Low,100
4093,UK_5050083542787,E422,E422,Low / Unclassified,100
4094,UK_5050083542787,E461,E461,Low / Unclassified,100
4095,UK_5050083542787,E501,E501,Low / Unclassified,100
4096,UK_5050083542787,E501,E501,Low / Unclassified,100
4097,UK_5000127731257,E320,BHA,High,25
4098,UK_5000127731257,E428,E428,Low / Unclassified,100
4099,UK_5000127731257,E472,E472,Low / Unclassified,100
4100,UK_5000127731257,E472,E472,Low / Unclassified,100
4101,UK_5053827197182,E100,E100,Low / Unclassified,100
4102,UK_5053827197182,E140,E140,Low / Unclassified,100
4103,UK_5053827197182,E296,E296,Low / Unclassified,100
4104,UK_5053827197182,E300,E300,Low / Unclassified,100
4105,UK_5053827197182,E330,Citric Acid,Low,100
4106,UK_5053827197182,E331,E331,Low / Unclassified,100
4107,UK_5053827197182,E440,E440,Low / Unclassified,100
4108,UK_5053827197182,E471,E471,Low / Unclassified,100
4109,UK_5059320000011,E14XX,E14XX,Low / Unclassified,100
4110,UK_5059320000011,E160,E160,Low / Unclassified,100
4111,UK_5059320000011,E160,E160,Low / Unclassified,100
4112,UK_5059320000011,E162,E162,Low / Unclassified,100
4113,UK_5059320000011,E322,Lecithin,Low,100
4114,UK_5059320000011,E322,Lecithin,Low,100
4115,UK_5059320000011,E330,Citric Acid,Low,100
4116,UK_5059320000011,E331,E331,Low / Unclassified,100
4117,UK_5059320000011,E341,E341,Low / Unclassified,100
4118,UK_5059320000011,E415,Xanthan Gum,Low,100
4119,UK_5059320000011,E428,E428,Low / Unclassified,100
4120,UK_5059320000011,E440,E440,Low / Unclassified,100
4121,UK_5059320000011,E450,E450,Low / Unclassified,100
4122,UK_5059320000011,E500,E500,Low / Unclassified,100
4123,UK_5059320000011,E500,E500,Low / Unclassified,100
4124,UK_5059320000424,E160,E160,Low / Unclassified,100
4125,UK_5059320000424,E170,E170,Low / Unclassified,100
4126,UK_5059320000424,E170,E170,Low / Unclassified,100
4127,UK_5059320000424,E322,Lecithin,Low,100
4128,UK_5059320000424,E322,Lecithin,Low,100
4129,UK_5059320000424,E330,Citric Acid,Low,100
4130,UK_5059320000424,E415,Xanthan Gum,Low,100
4131,UK_5059320000424,E422,E422,Low / Unclassified,100
4132,UK_5059320000424,E428,E428,Low / Unclassified,100
4133,UK_5059320000424,E450,E450,Low / Unclassified,100
4134,UK_5059320000424,E500,E500,Low / Unclassified,100
4135,UK_5059320000424,E500,E500,Low / Unclassified,100
4136,UK_5000127730175,E320,BHA,High,25
4137,UK_5000127730175,E322,Lecithin,Low,100
4138,UK_5000127730175,E322,Lecithin,Low,100
4139,UK_5000127730175,E339,E339,Low / Unclassified,100
4140,UK_5000127730175,E406,E406,Low / Unclassified,100
4141,UK_5000127730175,E422,E422,Low / Unclassified,100
4142,UK_5053827197212,E296,E296,Low / Unclassified,100
4143,UK_5053827197212,E300,E300,Low / Unclassified,100
4144,UK_5053827197212,E330,Citric Acid,Low,100
4145,UK_5053827197212,E331,E331,Low / Unclassified,100
4146,UK_5053827197212,E440,E440,Low / Unclassified,100
4147,UK_5053827197212,E471,E471,Low / Unclassified,100
4148,UK_5050083449048,E320,BHA,High,25
4149,UK_5050083449048,E322,Lecithin,Low,100
4150,UK_5050083449048,E322,Lecithin,Low,100
4151,UK_5050083449048,E422,E422,Low / Unclassified,100
4152,UK_5050083449048,E428,E428,Low / Unclassified,100
4153,UK_5050083449048,E472,E472,Low / Unclassified,100
4154,UK_5050083449048,E472,E472,Low / Unclassified,100
4155,UK_5059319002750,E304,E304,Low / Unclassified,100
4156,UK_5059319002750,E304,E304,Low / Unclassified,100
4157,UK_5059319002750,E307,E307,Low / Unclassified,100
4158,UK_5059319002750,E322,Lecithin,Low,100
4159,UK_5059319002750,E322,Lecithin,Low,100
4160,UK_5053827105453,E306,E306,Low / Unclassified,100
4161,UK_5053827105453,E464,E464,Low / Unclassified,100
4162,UK_5053827105453,E471,E471,Low / Unclassified,100
4163,UK_5059319031088,E160,E160,Low / Unclassified,100
4164,UK_5059319031088,E160,E160,Low / Unclassified,100
4165,UK_5000127780064,E322,Lecithin,Low,100
4166,UK_5000127780064,E322,Lecithin,Low,100
4167,UK_5000127780064,E420,E420,Low / Unclassified,100
4168,UK_5000127780064,E422,E422,Low / Unclassified,100
4169,UK_5050083344756,E14XX,E14XX,Low / Unclassified,100
4170,UK_5050083344756,E296,E296,Low / Unclassified,100
4171,UK_5050083344756,E300,E300,Low / Unclassified,100
4172,UK_5050083344756,E322,Lecithin,Low,100
4173,UK_5050083344756,E322,Lecithin,Low,100
4174,UK_5050083344756,E412,Guar Gum,Low,100
4175,UK_5050083344756,E472,E472,Low / Unclassified,100
4176,UK_5050083344756,E475,E475,Low / Unclassified,100
4177,UK_5050083344756,E500,E500,Low / Unclassified,100
4178,UK_5050083344756,E500,E500,Low / Unclassified,100
4179,UK_5050083542732,E322,Lecithin,Low,100
4180,UK_5050083542732,E322,Lecithin,Low,100
4181,UK_5050083542732,E330,Citric Acid,Low,100
4182,UK_5050083542732,E422,E422,Low / Unclassified,100
4183,UK_5050083542732,E461,E461,Low / Unclassified,100
4184,UK_5050083542732,E501,E501,Low / Unclassified,100
4185,UK_5050083542732,E501,E501,Low / Unclassified,100
4186,UK_5059320001087,E160,E160,Low / Unclassified,100
4187,UK_5059320001087,E160,E160,Low / Unclassified,100
4188,UK_5059320001087,E170,E170,Low / Unclassified,100
4189,UK_5059320001087,E170,E170,Low / Unclassified,100
4190,UK_5059320001087,E281,E281,Low / Unclassified,100
4191,UK_5059320001087,E322,Lecithin,Low,100
4192,UK_5059320001087,E322,Lecithin,Low,100
4193,UK_5059320001087,E330,Citric Acid,Low,100
4194,UK_5059320001087,E415,Xanthan Gum,Low,100
4195,UK_5059320001087,E422,E422,Low / Unclassified,100
4196,UK_5059320001087,E428,E428,Low / Unclassified,100
4197,UK_5059320001087,E450,E450,Low / Unclassified,100
4198,UK_5059320001087,E500,E500,Low / Unclassified,100
4199,UK_5059320001087,E500,E500,Low / Unclassified,100
4200,UK_5059319022550,E306,E306,Low / Unclassified,100
4201,UK_5059319022550,E322,Lecithin,Low,100
4202,UK_5059319022550,E322,Lecithin,Low,100
4203,UK_5050083449031,E320,BHA,High,25
4204,UK_5050083449031,E322,Lecithin,Low,100
4205,UK_5050083449031,E322,Lecithin,Low,100
4206,UK_5050083449031,E422,E422,Low / Unclassified,100
4207,UK_5050083449031,E428,E428,Low / Unclassified,100
4208,UK_5059319022581,E101,E101,Low / Unclassified,100
4209,UK_5059319022581,E101,E101,Low / Unclassified,100
4210,UK_5059319022581,E160,E160,Low / Unclassified,100
4211,UK_5059319022581,E304,E304,Low / Unclassified,100
4212,UK_5059319022581,E304,E304,Low / Unclassified,100
4213,UK_5059319022581,E307,E307,Low / Unclassified,100
4214,UK_5059319022581,E322,Lecithin,Low,100
4215,UK_5053827186797,E322,Lecithin,Low,100
4216,UK_5053827186797,E322,Lecithin,Low,100
4217,UK_5053827186797,E422,E422,Low / Unclassified,100
4218,UK_5053827186797,E461,E461,Low / Unclassified,100
4219,UK_5053827186797,E501,E501,Low / Unclassified,100
4220,UK_5053827186797,E501,E501,Low / Unclassified,100
4221,UK_5050083344787,E14XX,E14XX,Low / Unclassified,100
4222,UK_5050083344787,E296,E296,Low / Unclassified,100
4223,UK_5050083344787,E306,E306,Low / Unclassified,100
4224,UK_5050083344787,E322,Lecithin,Low,100
4225,UK_5050083344787,E322,Lecithin,Low,100
4226,UK_5050083344787,E412,Guar Gum,Low,100
4227,UK_5050083344787,E471,E471,Low / Unclassified,100
4228,UK_5050083344787,E472,E472,Low / Unclassified,100
4229,UK_5050083344787,E475,E475,Low / Unclassified,100
4230,UK_5050083344787,E500,E500,Low / Unclassified,100
4231,UK_5000127730137,E320,BHA,High,25
4232,UK_5000127730137,E422,E422,Low / Unclassified,100
4233,UK_5000127730137,E428,E428,Low / Unclassified,100
4234,UK_5000127730137,E472,E472,Low / Unclassified,100
4235,UK_5000127730137,E472,E472,Low / Unclassified,100
4236,UK_5059321006760,E306,E306,Low / Unclassified,100
4237,UK_5059321006760,E422,E422,Low / Unclassified,100
4238,UK_5059321006760,E428,E428,Low / Unclassified,100
4239,UK_5059321006760,E472,E472,Low / Unclassified,100
4240,UK_5059321006760,E472,E472,Low / Unclassified,100
4241,UK_5059321007712,E322,Lecithin,Low,100
4242,UK_5059321007712,E322,Lecithin,Low,100
4243,UK_5059321007712,E392,E392,Low / Unclassified,100
4244,UK_5059321007712,E420,E420,Low / Unclassified,100
4245,UK_5059321007712,E422,E422,Low / Unclassified,100
4246,UK_5059320001452,E322,Lecithin,Low,100
4247,UK_5059320001452,E322,Lecithin,Low,100
4248,UK_5000127660069,E304,E304,Low / Unclassified,100
4249,UK_5000127660069,E304,E304,Low / Unclassified,100
4250,UK_5000127660069,E307,E307,Low / Unclassified,100
4251,UK_5000127660069,E322,Lecithin,Low,100
4252,UK_5000127660069,E322,Lecithin,Low,100
4253,UK_5000127660069,E420,E420,Low / Unclassified,100
4254,UK_5000127660069,E422,E422,Low / Unclassified,100
4255,UK_5000127660069,E450,E450,Low / Unclassified,100
4256,UK_5000127730168,E320,BHA,High,25
4257,UK_5000127730168,E322,Lecithin,Low,100
4258,UK_5000127730168,E322,Lecithin,Low,100
4259,UK_5000127730168,E406,E406,Low / Unclassified,100
4260,UK_5000127730168,E422,E422,Low / Unclassified,100
4261,UK_5000127730168,E450,E450,Low / Unclassified,100
4262,UK_5000127730168,E450,E450,Low / Unclassified,100
4263,UK_5059319023915,E160,E160,Low / Unclassified,100
4264,UK_5059319023915,E306,E306,Low / Unclassified,100
4265,UK_5059319023991,E160,E160,Low / Unclassified,100
4266,UK_5059321007743,E322,Lecithin,Low,100
4267,UK_5059321007743,E322,Lecithin,Low,100
4268,UK_5059321007743,E392,E392,Low / Unclassified,100
4269,UK_5059321007743,E420,E420,Low / Unclassified,100
4270,UK_5059321007743,E422,E422,Low / Unclassified,100
4271,UK_5059321004018,E163,E163,Low / Unclassified,100
4272,UK_5059321004018,E296,E296,Low / Unclassified,100
4273,UK_5059321004018,E300,E300,Low / Unclassified,100
4274,UK_5059321004018,E330,Citric Acid,Low,100
4275,UK_5059321004018,E331,E331,Low / Unclassified,100
4276,UK_5059321004018,E440,E440,Low / Unclassified,100
4277,UK_5059321004018,E471,E471,Low / Unclassified,100
4278,UK_5050083451751,E320,BHA,High,25
4279,UK_5050083451751,E422,E422,Low / Unclassified,100
4280,UK_5050083451751,E428,E428,Low / Unclassified,100
4281,UK_5050083451751,E472,E472,Low / Unclassified,100
4282,UK_5050083451751,E472,E472,Low / Unclassified,100
4283,UK_5053827182959,E322,Lecithin,Low,100
4284,UK_5053827182959,E322,Lecithin,Low,100
4285,UK_8901262010207,E160,E160,Low / Unclassified,100
4286,UK_8904063220578,E330,Citric Acid,Low,100
4287,UK_8715000029723,E621,E621,Low / Unclassified,100
4288,UK_8715000029723,E631,E631,Low / Unclassified,100
4289,UK_8445290163714,E330,Citric Acid,Low,100
4290,UK_8715000029716,E415,Xanthan Gum,Low,100
4291,UK_8715000029716,E621,E621,Low / Unclassified,100
4292,UK_8715000029716,E631,E631,Low / Unclassified,100
4293,UK_5000243726960,E211,Sodium Benzoate,High,25
4294,UK_5000243726960,E260,E260,Low / Unclassified,100
4295,UK_8445290163738,E330,Citric Acid,Low,100
4296,UK_4792024009331,E339,E339,Low / Unclassified,100
4297,UK_4792024009331,E339,E339,Low / Unclassified,100
4298,UK_0643435062795,E452,E452,Low / Unclassified,100
4299,UK_0643435062795,E452,E452,Low / Unclassified,100
4300,UK_0643435062795,E502,E502,Low / Unclassified,100
4301,UK_8445290163752,E330,Citric Acid,Low,100
4302,UK_8445291245822,E160,E160,Low / Unclassified,100
4303,UK_8445291245822,E330,Citric Acid,Low,100
4304,UK_8445291245822,E452,E452,Low / Unclassified,100
4305,UK_8445291245822,E452,E452,Low / Unclassified,100
4306,UK_8445291245822,E501,E501,Low / Unclassified,100
4307,UK_8445291245822,E621,E621,Low / Unclassified,100
4308,UK_9556001135957,E150,E150,Low / Unclassified,100
4309,UK_9556001135957,E160,E160,Low / Unclassified,100
4310,UK_9556001135957,E330,Citric Acid,Low,100
4311,UK_9556001135957,E412,Guar Gum,Low,100
4312,UK_9556001135957,E451,E451,Low / Unclassified,100
4313,UK_9556001135957,E500,E500,Low / Unclassified,100
4314,UK_9556001135957,E500,E500,Low / Unclassified,100
4315,UK_9556001135957,E501,E501,Low / Unclassified,100
4316,UK_9556001135957,E501,E501,Low / Unclassified,100
4317,UK_9556001135957,E551,E551,Low / Unclassified,100
4318,UK_9556001135957,E621,E621,Low / Unclassified,100
4319,UK_9556001135957,E627,E627,Low / Unclassified,100
4320,UK_9556001135957,E631,E631,Low / Unclassified,100
4321,UK_9556001135957,E633,E633,Low / Unclassified,100
4322,UK_5000243678702,E211,Sodium Benzoate,High,25
4323,UK_5000243678702,E260,E260,Low / Unclassified,100
4324,UK_5000243678702,E415,Xanthan Gum,Low,100
4325,UK_5900085011937,E621,E621,Low / Unclassified,100
4326,UK_5900085011180,E621,E621,Low / Unclassified,100
4327,UK_5900085011180,E635,E635,Low / Unclassified,100
4328,UK_9556001255693,E150,E150,Low / Unclassified,100
4329,UK_9556001255693,E412,Guar Gum,Low,100
4330,UK_9556001255693,E452,E452,Low / Unclassified,100
4331,UK_9556001255693,E452,E452,Low / Unclassified,100
4332,UK_9556001255693,E501,E501,Low / Unclassified,100
4333,UK_9556001255693,E501,E501,Low / Unclassified,100
4334,UK_9556001255693,E508,E508,Low / Unclassified,100
4335,UK_9556001255693,E621,E621,Low / Unclassified,100
4336,UK_9556001255693,E635,E635,Low / Unclassified,100
4337,UK_8445290435712,E101,E101,Low / Unclassified,100
4338,UK_8445290435712,E101,E101,Low / Unclassified,100
4339,UK_8445290435712,E412,Guar Gum,Low,100
4340,UK_8445290435712,E451,E451,Low / Unclassified,100
4341,UK_8445290435712,E500,E500,Low / Unclassified,100
4342,UK_8445290435712,E501,E501,Low / Unclassified,100
4343,UK_7613033583360,E330,Citric Acid,Low,100
4344,UK_7613036394611,E330,Citric Acid,Low,100
4345,UK_12187117,E452,E452,Low / Unclassified,100
4346,UK_12187117,E452,E452,Low / Unclassified,100
4347,UK_12187117,E501,E501,Low / Unclassified,100
4348,UK_7613287554376,E452,E452,Low / Unclassified,100
4349,UK_7613287554376,E452,E452,Low / Unclassified,100
4350,UK_7613287554376,E501,E501,Low / Unclassified,100
4351,UK_8901058867381,E14XX,E14XX,Low / Unclassified,100
4352,UK_8901058867381,E211,Sodium Benzoate,High,25
4353,UK_8901058867381,E260,E260,Low / Unclassified,100
4354,UK_8901058867381,E415,Xanthan Gum,Low,100
4355,UK_8585002432742,E322,Lecithin,Low,100
4356,UK_8585002432742,E322,Lecithin,Low,100
4357,UK_6151100034786,E322,Lecithin,Low,100
4358,UK_6151100034786,E322,Lecithin,Low,100
4359,UK_6151100034786,E621,E621,Low / Unclassified,100
4360,UK_7613034991935,E452,E452,Low / Unclassified,100
4361,UK_7613034991935,E501,E501,Low / Unclassified,100
4362,UK_7613033488146,E509,E509,Low / Unclassified,100
4363,UK_1060203890807,E621,E621,Low / Unclassified,100
4364,UK_1060203890807,E631,E631,Low / Unclassified,100
4365,UK_7613035283770,E392,E392,Low / Unclassified,100
4366,UK_7613035283770,E621,E621,Low / Unclassified,100
4367,UK_7613035898370,E160,E160,Low / Unclassified,100
4368,UK_7613035898370,E330,Citric Acid,Low,100
4369,UK_7613035898370,E452,E452,Low / Unclassified,100
4370,UK_7613035898370,E501,E501,Low / Unclassified,100
4371,UK_7613035898370,E621,E621,Low / Unclassified,100
4372,UK_7613035017580,E452,E452,Low / Unclassified,100
4373,UK_7613035017580,E452,E452,Low / Unclassified,100
4374,UK_7613035017580,E501,E501,Low / Unclassified,100
4375,UK_77782717,E452,E452,Low / Unclassified,100
4376,UK_77782717,E452,E452,Low / Unclassified,100
4377,UK_77782717,E501,E501,Low / Unclassified,100
4378,UK_7613287555595,E452,E452,Low / Unclassified,100
4379,UK_7613287555595,E452,E452,Low / Unclassified,100
4380,UK_8585002431349,E330,Citric Acid,Low,100
4381,UK_9556001322128,E500,E500,Low / Unclassified,100
4382,UK_9556001322128,E500,E500,Low / Unclassified,100
4383,UK_6151100038289,E322,Lecithin,Low,100
4384,UK_6151100038289,E322,Lecithin,Low,100
4385,UK_6151100038289,E621,E621,Low / Unclassified,100
4386,UK_6151100038289,E627,E627,Low / Unclassified,100
4387,UK_6151100038289,E631,E631,Low / Unclassified,100
4388,UK_5000159523752,E322,Lecithin,Low,100
4389,UK_5000159523752,E322,Lecithin,Low,100
4390,UK_5000159523752,E341,E341,Low / Unclassified,100
4391,UK_5000159523752,E440,E440,Low / Unclassified,100
4392,UK_5000159523752,E492,E492,Low / Unclassified,100
4393,UK_5000159523752,E500,E500,Low / Unclassified,100
4394,UK_5000159523752,E501,E501,Low / Unclassified,100
4395,UK_5000159551823,E322,Lecithin,Low,100
4396,UK_5000159551823,E322,Lecithin,Low,100
4397,UK_5900951313592,E322,Lecithin,Low,100
4398,UK_5900951313592,E322,Lecithin,Low,100
4399,UK_5900951313592,E500,E500,Low / Unclassified,100
4400,UK_5000159566971,E322,Lecithin,Low,100
4401,UK_5000159566971,E322,Lecithin,Low,100
4402,UK_5000159566971,E341,E341,Low / Unclassified,100
4403,UK_5000159566971,E422,E422,Low / Unclassified,100
4404,UK_5000159566971,E471,E471,Low / Unclassified,100
4405,UK_5000159566971,E500,E500,Low / Unclassified,100
4406,UK_5000159566971,E501,E501,Low / Unclassified,100
4407,UK_5000159571067,E1400,E1400,Low / Unclassified,100
4408,UK_5000159571067,E14XX,E14XX,Low / Unclassified,100
4409,UK_5000159571067,E160,E160,Low / Unclassified,100
4410,UK_5000159571067,E163,E163,Low / Unclassified,100
4411,UK_5000159571067,E322,Lecithin,Low,100
4412,UK_5000159571067,E322,Lecithin,Low,100
4413,UK_5000159571067,E330,Citric Acid,Low,100
4414,UK_5000159571067,E331,E331,Low / Unclassified,100
4415,UK_5000159571067,E341,E341,Low / Unclassified,100
4416,UK_5000159571067,E440,E440,Low / Unclassified,100
4417,UK_5000159571067,E492,E492,Low / Unclassified,100
4418,UK_5000159571067,E500,E500,Low / Unclassified,100
4419,UK_5000159571067,E501,E501,Low / Unclassified,100
4420,UK_5000159572088,E322,Lecithin,Low,100
4421,UK_5000159572088,E322,Lecithin,Low,100
4422,UK_5000159572088,E341,E341,Low / Unclassified,100
4423,UK_5000159572088,E414,E414,Low / Unclassified,100
4424,UK_5000159572088,E476,E476,Low / Unclassified,100
4425,UK_5000159572088,E500,E500,Low / Unclassified,100
4426,UK_5000159572088,E501,E501,Low / Unclassified,100
4427,UK_5060402902697,E14XX,E14XX,Low / Unclassified,100
4428,UK_5060402902697,E339,E339,Low / Unclassified,100
4429,UK_5060402902697,E418,E418,Low / Unclassified,100
4430,UK_5060402902697,E460,E460,Low / Unclassified,100
4431,UK_5060402902697,E466,E466,Low / Unclassified,100
4432,UK_5060402902697,E950,E950,Low / Unclassified,100
4433,UK_5060402902697,E955,E955,Low / Unclassified,100
4434,UK_6221134013696,E322,Lecithin,Low,100
4435,UK_6221134013696,E322,Lecithin,Low,100
4436,UK_6221134013696,E476,E476,Low / Unclassified,100
4437,UK_5000159530750,E100,E100,Low / Unclassified,100
4438,UK_5000159530750,E1400,E1400,Low / Unclassified,100
4439,UK_5000159530750,E153,E153,Low / Unclassified,100
4440,UK_5000159530750,E162,E162,Low / Unclassified,100
4441,UK_5000159530750,E322,Lecithin,Low,100
4442,UK_5000159530750,E322,Lecithin,Low,100
4443,UK_5000159530750,E903,E903,Low / Unclassified,100
4444,UK_4009900542128,E100,E100,Low / Unclassified,100
4445,UK_4009900542128,E132,E132,Low / Unclassified,100
4446,UK_4009900542128,E133,Brilliant Blue FCF,Medium,75
4447,UK_4009900542128,E1400,E1400,Low / Unclassified,100
4448,UK_4009900542128,E14XX,E14XX,Low / Unclassified,100
4449,UK_4009900542128,E160,E160,Low / Unclassified,100
4450,UK_4009900542128,E162,E162,Low / Unclassified,100
4451,UK_4009900542128,E163,E163,Low / Unclassified,100
4452,UK_4009900542128,E170,E170,Low / Unclassified,100
4453,UK_4009900542128,E296,E296,Low / Unclassified,100
4454,UK_4009900542128,E330,Citric Acid,Low,100
4455,UK_4009900542128,E331,E331,Low / Unclassified,100
4456,UK_4009900542128,E331,E331,Low / Unclassified,100
4457,UK_4009900542128,E903,E903,Low / Unclassified,100
4458,UK_4009900545907,E100,E100,Low / Unclassified,100
4459,UK_4009900545907,E132,E132,Low / Unclassified,100
4460,UK_4009900545907,E133,Brilliant Blue FCF,Medium,75
4461,UK_4009900545907,E1400,E1400,Low / Unclassified,100
4462,UK_4009900545907,E14XX,E14XX,Low / Unclassified,100
4463,UK_4009900545907,E160,E160,Low / Unclassified,100
4464,UK_4009900545907,E162,E162,Low / Unclassified,100
4465,UK_4009900545907,E163,E163,Low / Unclassified,100
4466,UK_4009900545907,E170,E170,Low / Unclassified,100
4467,UK_4009900545907,E296,E296,Low / Unclassified,100
4468,UK_4009900545907,E330,Citric Acid,Low,100
4469,UK_4009900545907,E331,E331,Low / Unclassified,100
4470,UK_4009900545907,E331,E331,Low / Unclassified,100
4471,UK_4009900545907,E903,E903,Low / Unclassified,100
4472,UK_5000159554657,E322,Lecithin,Low,100
4473,UK_5000159554657,E322,Lecithin,Low,100
4474,UK_5000159554657,E341,E341,Low / Unclassified,100
4475,UK_5000159554657,E500,E500,Low / Unclassified,100
4476,UK_5000159554657,E501,E501,Low / Unclassified,100
4477,UK_4009900532457,E141,E141,Low / Unclassified,100
4478,UK_4009900532457,E320,BHA,High,25
4479,UK_4009900532457,E322,Lecithin,Low,100
4480,UK_4009900532457,E322,Lecithin,Low,100
4481,UK_4009900532457,E414,E414,Low / Unclassified,100
4482,UK_4009900532457,E420,E420,Low / Unclassified,100
4483,UK_4009900532457,E421,E421,Low / Unclassified,100
4484,UK_4009900532457,E422,E422,Low / Unclassified,100
4485,UK_4009900532457,E903,E903,Low / Unclassified,100
4486,UK_4009900532457,E950,E950,Low / Unclassified,100
4487,UK_4009900532457,E951,E951,Low / Unclassified,100
4488,UK_4009900532457,E953,E953,Low / Unclassified,100
4489,UK_4009900532457,E965,E965,Low / Unclassified,100
4490,UK_4009900532457,E965,E965,Low / Unclassified,100
4491,UK_4009900539302,E1400,E1400,Low / Unclassified,100
4492,UK_4009900539302,E14XX,E14XX,Low / Unclassified,100
4493,UK_4009900539302,E153,E153,Low / Unclassified,100
4494,UK_4009900539302,E160,E160,Low / Unclassified,100
4495,UK_4009900539302,E160,E160,Low / Unclassified,100
4496,UK_4009900539302,E163,E163,Low / Unclassified,100
4497,UK_4009900539302,E322,Lecithin,Low,100
4498,UK_4009900539302,E322,Lecithin,Low,100
4499,UK_4009900539302,E330,Citric Acid,Low,100
4500,UK_5000159565028,E322,Lecithin,Low,100
4501,UK_5000159565028,E322,Lecithin,Low,100
4502,UK_5056357905654,E422,E422,Low / Unclassified,100
4503,UK_5056357905654,E471,E471,Low / Unclassified,100
4504,UK_5000159418843,E322,Lecithin,Low,100
4505,UK_5000159418843,E322,Lecithin,Low,100
4506,UK_5000159418843,E341,E341,Low / Unclassified,100
4507,UK_5000159418843,E422,E422,Low / Unclassified,100
4508,UK_5000159418843,E471,E471,Low / Unclassified,100
4509,UK_5000159418843,E500,E500,Low / Unclassified,100
4510,UK_5000159418843,E501,E501,Low / Unclassified,100
4511,UK_5000159603676,E1400,E1400,Low / Unclassified,100
4512,UK_5000159603676,E14XX,E14XX,Low / Unclassified,100
4513,UK_5000159603676,E160,E160,Low / Unclassified,100
4514,UK_5000159603676,E163,E163,Low / Unclassified,100
4515,UK_5000159603676,E322,Lecithin,Low,100
4516,UK_5000159603676,E322,Lecithin,Low,100
4517,UK_5000159603676,E330,Citric Acid,Low,100
4518,UK_5000159603676,E331,E331,Low / Unclassified,100
4519,UK_5000159603676,E341,E341,Low / Unclassified,100
4520,UK_5000159603676,E440,E440,Low / Unclassified,100
4521,UK_5000159603676,E492,E492,Low / Unclassified,100
4522,UK_5000159603676,E500,E500,Low / Unclassified,100
4523,UK_5000159603676,E501,E501,Low / Unclassified,100
4524,UK_40111216,E322,Lecithin,Low,100
4525,UK_40111216,E322,Lecithin,Low,100
4526,UK_40111216,E422,E422,Low / Unclassified,100
4527,UK_40111216,E471,E471,Low / Unclassified,100
4528,UK_5000159520089,E1400,E1400,Low / Unclassified,100
4529,UK_5000159520089,E14XX,E14XX,Low / Unclassified,100
4530,UK_5000159520089,E160,E160,Low / Unclassified,100
4531,UK_5000159520089,E163,E163,Low / Unclassified,100
4532,UK_5000159520089,E322,Lecithin,Low,100
4533,UK_5000159520089,E322,Lecithin,Low,100
4534,UK_5000159520089,E341,E341,Low / Unclassified,100
4535,UK_5000159520089,E440,E440,Low / Unclassified,100
4536,UK_5000159520089,E492,E492,Low / Unclassified,100
4537,UK_5000159520089,E500,E500,Low / Unclassified,100
4538,UK_5000159520089,E501,E501,Low / Unclassified,100
4539,UK_5000159520164,E100,E100,Low / Unclassified,100
4540,UK_5000159520164,E120,E120,Low / Unclassified,100
4541,UK_5000159520164,E133,Brilliant Blue FCF,Medium,75
4542,UK_5000159520164,E1400,E1400,Low / Unclassified,100
4543,UK_5000159520164,E160,E160,Low / Unclassified,100
4544,UK_5000159520164,E160,E160,Low / Unclassified,100
4545,UK_5000159520164,E170,E170,Low / Unclassified,100
4546,UK_5000159520164,E322,Lecithin,Low,100
4547,UK_5000159520164,E322,Lecithin,Low,100
4548,UK_5000159520164,E414,E414,Low / Unclassified,100
4549,UK_5000159520164,E903,E903,Low / Unclassified,100
4550,UK_5000159470476,E322,Lecithin,Low,100
4551,UK_5000159470476,E322,Lecithin,Low,100
4552,UK_5000159022521,E322,Lecithin,Low,100
4553,UK_5000159022521,E322,Lecithin,Low,100
4554,UK_5000159022521,E476,E476,Low / Unclassified,100
4555,UK_5056357909065,E322,Lecithin,Low,100
4556,UK_4009900538947,E1400,E1400,Low / Unclassified,100
4557,UK_4009900538947,E14XX,E14XX,Low / Unclassified,100
4558,UK_4009900538947,E160,E160,Low / Unclassified,100
4559,UK_4009900538947,E160,E160,Low / Unclassified,100
4560,UK_4009900538947,E163,E163,Low / Unclassified,100
4561,UK_4009900538947,E296,E296,Low / Unclassified,100
4562,UK_5000159521406,E315,E315,Low / Unclassified,100
4563,UK_5000159521406,E322,Lecithin,Low,100
4564,UK_5000159521406,E322,Lecithin,Low,100
4565,UK_5060402907944,E322,Lecithin,Low,100
4566,UK_5060402907944,E322,Lecithin,Low,100
4567,UK_5060402907944,E341,E341,Low / Unclassified,100
4568,UK_5060402907944,E500,E500,Low / Unclassified,100
4569,UK_5060402907944,E501,E501,Low / Unclassified,100
4570,UK_4009900538824,E1400,E1400,Low / Unclassified,100
4571,UK_4009900538824,E14XX,E14XX,Low / Unclassified,100
4572,UK_4009900538824,E160,E160,Low / Unclassified,100
4573,UK_4009900538824,E160,E160,Low / Unclassified,100
4574,UK_4009900538824,E163,E163,Low / Unclassified,100
4575,UK_4009900538824,E296,E296,Low / Unclassified,100
4576,UK_4009900538824,E300,E300,Low / Unclassified,100
4577,UK_4009900538824,E322,Lecithin,Low,100
4578,UK_4009900538824,E322,Lecithin,Low,100
4579,UK_4009900538824,E330,Citric Acid,Low,100
4580,UK_5000159461177,E322,Lecithin,Low,100
4581,UK_5000159461177,E322,Lecithin,Low,100
4582,UK_4002359663239,E410,E410,Low / Unclassified,100
4583,UK_5000159510745,E322,Lecithin,Low,100
4584,UK_5000159510745,E322,Lecithin,Low,100
4585,UK_4009900526814,E1400,E1400,Low / Unclassified,100
4586,UK_4009900526814,E14XX,E14XX,Low / Unclassified,100
4587,UK_4009900526814,E153,E153,Low / Unclassified,100
4588,UK_4009900526814,E160,E160,Low / Unclassified,100
4589,UK_4009900526814,E160,E160,Low / Unclassified,100
4590,UK_4009900526814,E163,E163,Low / Unclassified,100
4591,UK_4009900526814,E322,Lecithin,Low,100
4592,UK_4009900526814,E322,Lecithin,Low,100
4593,UK_4009900526814,E330,Citric Acid,Low,100
4594,UK_5000159565004,E322,Lecithin,Low,100
4595,UK_5000159565004,E322,Lecithin,Low,100
4596,UK_4011100051300,E322,Lecithin,Low,100
4597,UK_4011100051300,E322,Lecithin,Low,100
4598,UK_4009900527101,E1400,E1400,Low / Unclassified,100
4599,UK_4009900527101,E141,E141,Low / Unclassified,100
4600,UK_4009900527101,E14XX,E14XX,Low / Unclassified,100
4601,UK_4009900527101,E153,E153,Low / Unclassified,100
4602,UK_4009900527101,E160,E160,Low / Unclassified,100
4603,UK_4009900527101,E162,E162,Low / Unclassified,100
4604,UK_4009900527101,E163,E163,Low / Unclassified,100
4605,UK_4009900527101,E296,E296,Low / Unclassified,100
4606,UK_4009900527101,E322,Lecithin,Low,100
4607,UK_4009900527101,E322,Lecithin,Low,100
4608,UK_4009900527101,E330,Citric Acid,Low,100
4609,UK_4009900534994,E100,E100,Low / Unclassified,100
4610,UK_4009900534994,E1400,E1400,Low / Unclassified,100
4611,UK_4009900534994,E14XX,E14XX,Low / Unclassified,100
4612,UK_4009900534994,E160,E160,Low / Unclassified,100
4613,UK_4009900534994,E160,E160,Low / Unclassified,100
4614,UK_4009900534994,E163,E163,Low / Unclassified,100
4615,UK_4009900534994,E296,E296,Low / Unclassified,100
4616,UK_4009900534994,E300,E300,Low / Unclassified,100
4617,UK_4009900534994,E322,Lecithin,Low,100
4618,UK_4009900534994,E322,Lecithin,Low,100
4619,UK_4009900534994,E330,Citric Acid,Low,100
4620,UK_5056357912539,E120,E120,Low / Unclassified,100
4621,UK_5056357912539,E150,E150,Low / Unclassified,100
4622,UK_5056357912539,E330,Citric Acid,Low,100
4623,UK_5056357912539,E420,E420,Low / Unclassified,100
4624,UK_5056357912539,E422,E422,Low / Unclassified,100
4625,UK_5056357912539,E471,E471,Low / Unclassified,100
4626,UK_5056357912539,E965,E965,Low / Unclassified,100
4627,UK_5000159300766,E322,Lecithin,Low,100
4628,UK_5000159300766,E322,Lecithin,Low,100
4629,UK_5000159344371,E322,Lecithin,Low,100
4630,UK_5000159344371,E322,Lecithin,Low,100
4631,UK_5000159344371,E407,E407,Low / Unclassified,100
4632,UK_5000159344371,E410,E410,Low / Unclassified,100
4633,UK_5000159344371,E412,Guar Gum,Low,100
4634,UK_5000159344371,E471,E471,Low / Unclassified,100
4635,UK_5000159344371,E477,E477,Low / Unclassified,100
4636,UK_5000159483278,E500,E500,Low / Unclassified,100
4637,UK_50159284,E322,Lecithin,Low,100
4638,UK_50159284,E322,Lecithin,Low,100
4639,UK_5060402901232,E407,E407,Low / Unclassified,100
4640,UK_5060402901232,E412,Guar Gum,Low,100
4641,UK_5900951257049,E322,Lecithin,Low,100
4642,UK_5900951257049,E322,Lecithin,Low,100
4643,UK_5000159501460,E100,E100,Low / Unclassified,100
4644,UK_5000159501460,E120,E120,Low / Unclassified,100
4645,UK_5000159501460,E133,Brilliant Blue FCF,Medium,75
4646,UK_5000159501460,E1400,E1400,Low / Unclassified,100
4647,UK_5000159501460,E160,E160,Low / Unclassified,100
4648,UK_5000159501460,E160,E160,Low / Unclassified,100
4649,UK_5000159501460,E171,E171,Low / Unclassified,100
4650,UK_5000159501460,E322,Lecithin,Low,100
4651,UK_5000159501460,E322,Lecithin,Low,100
4652,UK_5000159501460,E903,E903,Low / Unclassified,100
4653,UK_5000159526937,E322,Lecithin,Low,100
4654,UK_5000159526937,E322,Lecithin,Low,100
4655,UK_5000159526937,E500,E500,Low / Unclassified,100
4656,UK_4009900526388,E171,E171,Low / Unclassified,100
4657,UK_4009900526388,E320,BHA,High,25
4658,UK_4009900526388,E322,Lecithin,Low,100
4659,UK_4009900526388,E322,Lecithin,Low,100
4660,UK_4009900526388,E414,E414,Low / Unclassified,100
4661,UK_4009900526388,E420,E420,Low / Unclassified,100
4662,UK_4009900526388,E421,E421,Low / Unclassified,100
4663,UK_4009900526388,E422,E422,Low / Unclassified,100
4664,UK_4009900526388,E903,E903,Low / Unclassified,100
4665,UK_4009900526388,E950,E950,Low / Unclassified,100
4666,UK_4009900526388,E951,E951,Low / Unclassified,100
4667,UK_4009900526388,E955,E955,Low / Unclassified,100
4668,UK_4009900526388,E967,E967,Low / Unclassified,100
4669,UK_5000159503914,E14XX,E14XX,Low / Unclassified,100
4670,UK_5000159503914,E163,E163,Low / Unclassified,100
4671,UK_5000159503914,E322,Lecithin,Low,100
4672,UK_5000159503914,E322,Lecithin,Low,100
4673,UK_5000159503914,E331,E331,Low / Unclassified,100
4674,UK_5000159503914,E341,E341,Low / Unclassified,100
4675,UK_5000159503914,E500,E500,Low / Unclassified,100
4676,UK_5000159503914,E501,E501,Low / Unclassified,100
4677,UK_5000159520195,E100,E100,Low / Unclassified,100
4678,UK_5000159520195,E120,E120,Low / Unclassified,100
4679,UK_5000159520195,E133,Brilliant Blue FCF,Medium,75
4680,UK_5000159520195,E1400,E1400,Low / Unclassified,100
4681,UK_5000159520195,E160,E160,Low / Unclassified,100
4682,UK_5000159520195,E160,E160,Low / Unclassified,100
4683,UK_5000159520195,E170,E170,Low / Unclassified,100
4684,UK_5000159520195,E322,Lecithin,Low,100
4685,UK_5000159520195,E322,Lecithin,Low,100
4686,UK_5000159520195,E414,E414,Low / Unclassified,100
4687,UK_5000159520195,E903,E903,Low / Unclassified,100
4688,UK_4009900538602,E100,E100,Low / Unclassified,100
4689,UK_4009900538602,E327,E327,Low / Unclassified,100
4690,UK_4009900538602,E331,E331,Low / Unclassified,100
4691,UK_4009900538602,E331,E331,Low / Unclassified,100
4692,UK_4009900538602,E428,E428,Low / Unclassified,100
4693,UK_4009900538602,E440,E440,Low / Unclassified,100
4694,UK_5000159537964,E322,Lecithin,Low,100
4695,UK_5000159537964,E322,Lecithin,Low,100
4696,UK_5000159537964,E341,E341,Low / Unclassified,100
4697,UK_5000159537964,E500,E500,Low / Unclassified,100
4698,UK_5000159537964,E501,E501,Low / Unclassified,100
4699,UK_5056357909409,E340,E340,Low / Unclassified,100
4700,UK_5056357909409,E407,E407,Low / Unclassified,100
4701,UK_5056357909409,E460,E460,Low / Unclassified,100
4702,UK_5056357909409,E466,E466,Low / Unclassified,100
4703,UK_5056357909409,E950,E950,Low / Unclassified,100
4704,UK_5056357909409,E955,E955,Low / Unclassified,100
4705,UK_6294001815266,E322,Lecithin,Low,100
4706,UK_6294001815266,E476,E476,Low / Unclassified,100
4707,UK_0040000402657,E102,Tartrazine,High,25
4708,UK_0040000402657,E110,Sunset Yellow,High,25
4709,UK_0040000402657,E129,Allura Red AC,High,25
4710,UK_0040000402657,E132,E132,Low / Unclassified,100
4711,UK_0040000402657,E133,Brilliant Blue FCF,Medium,75
4712,UK_0040000402657,E1400,E1400,Low / Unclassified,100
4713,UK_0040000402657,E322,Lecithin,Low,100
4714,UK_0040000402657,E322,Lecithin,Low,100
4715,UK_0040000402657,E414,E414,Low / Unclassified,100
4716,UK_0040000402657,E500,E500,Low / Unclassified,100
4717,UK_0040000402657,E500,E500,Low / Unclassified,100
4718,UK_0040000402657,E503,E503,Low / Unclassified,100
4719,UK_0040000402657,E503,E503,Low / Unclassified,100
4720,UK_0040000473671,E102,Tartrazine,High,25
4721,UK_0040000473671,E110,Sunset Yellow,High,25
4722,UK_0040000473671,E129,Allura Red AC,High,25
4723,UK_0040000473671,E132,E132,Low / Unclassified,100
4724,UK_0040000473671,E133,Brilliant Blue FCF,Medium,75
4725,UK_0040000473671,E1400,E1400,Low / Unclassified,100
4726,UK_0040000473671,E322,Lecithin,Low,100
4727,UK_0040000473671,E322,Lecithin,Low,100
4728,UK_0040000473671,E414,E414,Low / Unclassified,100
4729,UK_5020411121151,E322,Lecithin,Low,100
4730,UK_80177128,E322,Lecithin,Low,100
4731,UK_80177128,E322,Lecithin,Low,100
4732,UK_5020411121281,E322,Lecithin,Low,100
4733,UK_8000500397459,E322,Lecithin,Low,100
4734,UK_8000500330067,E414,E414,Low / Unclassified,100
4735,UK_8000500330067,E420,E420,Low / Unclassified,100
4736,UK_8000500330067,E470,E470,Low / Unclassified,100
4737,UK_8000500330067,E903,E903,Low / Unclassified,100
4738,UK_8000500330067,E960,E960,Low / Unclassified,100
4739,UK_8000500330067,E967,E967,Low / Unclassified,100
4740,UK_8000500096017,E322,Lecithin,Low,100
4741,UK_2000000028573,E322,Lecithin,Low,100
4742,UK_2000000028573,E322,Lecithin,Low,100
4743,UK_2000000028573,E500,E500,Low / Unclassified,100
4744,UK_2000000028573,E500,E500,Low / Unclassified,100
4745,UK_2000000028573,E503,E503,Low / Unclassified,100
4746,UK_2000000028573,E503,E503,Low / Unclassified,100
4747,UK_2000000028573,E503,E503,Low / Unclassified,100
4748,UK_3017620401473,E322,Lecithin,Low,100
4749,UK_3017620401473,E322,Lecithin,Low,100
4750,UK_8000500144862,E162,E162,Low / Unclassified,100
4751,UK_8000500144862,E296,E296,Low / Unclassified,100
4752,UK_8000500144862,E330,Citric Acid,Low,100
4753,UK_8000500144862,E334,E334,Low / Unclassified,100
4754,UK_8000500144862,E414,E414,Low / Unclassified,100
4755,UK_8000500144862,E903,E903,Low / Unclassified,100
4756,UK_8000500168554,E322,Lecithin,Low,100
4757,UK_8000500168554,E322,Lecithin,Low,100
4758,UK_8000500209806,E322,Lecithin,Low,100
4759,UK_80951216,E414,E414,Low / Unclassified,100
4760,UK_80951216,E470,E470,Low / Unclassified,100
4761,UK_80951216,E903,E903,Low / Unclassified,100
4762,UK_42218678,E322,Lecithin,Low,100
4763,UK_5060360506128,E440,E440,Low / Unclassified,100
4764,UK_5060058330868,E14XX,E14XX,Low / Unclassified,100
4765,UK_5060058330868,E330,Citric Acid,Low,100
4766,UK_5060058330868,E331,E331,Low / Unclassified,100
4767,UK_5060360506166,E150,E150,Low / Unclassified,100
4768,UK_5060360506166,E440,E440,Low / Unclassified,100
4769,UK_5411188082583,E304,E304,Low / Unclassified,100
4770,UK_5411188082583,E306,E306,Low / Unclassified,100
4771,UK_5411188082583,E330,Citric Acid,Low,100
4772,UK_5411188082583,E331,E331,Low / Unclassified,100
4773,UK_5411188082583,E440,E440,Low / Unclassified,100
4774,UK_5060360507590,E339,E339,Low / Unclassified,100
4775,UK_5060360507590,E452,E452,Low / Unclassified,100
4776,UK_5060360507590,E955,E955,Low / Unclassified,100
4777,UK_5060058331735,E440,E440,Low / Unclassified,100
4778,UK_5060360506180,E163,E163,Low / Unclassified,100
4779,UK_5060360506180,E407,E407,Low / Unclassified,100
4780,UK_5060360506180,E440,E440,Low / Unclassified,100
4781,UK_5060360506180,E950,E950,Low / Unclassified,100
4782,UK_5060360506203,E270,E270,Low / Unclassified,100
4783,UK_5060360506203,E331,E331,Low / Unclassified,100
4784,UK_5060360506203,E440,E440,Low / Unclassified,100
4785,UK_5060360506203,E950,E950,Low / Unclassified,100
4786,UK_5060360506203,E955,E955,Low / Unclassified,100
4787,UK_5060360501758,E270,E270,Low / Unclassified,100
4788,UK_5060360501758,E331,E331,Low / Unclassified,100
4789,UK_5060360501758,E333,E333,Low / Unclassified,100
4790,UK_5060360501758,E407,E407,Low / Unclassified,100
4791,UK_5060360501758,E440,E440,Low / Unclassified,100
4792,UK_5060360501758,E950,E950,Low / Unclassified,100
4793,UK_5060360501758,E955,E955,Low / Unclassified,100
4794,UK_5060360500362,E330,Citric Acid,Low,100
4795,UK_5060360500362,E331,E331,Low / Unclassified,100
4796,UK_5060360506302,E330,Citric Acid,Low,100
4797,UK_5060360506302,E331,E331,Low / Unclassified,100
4798,UK_5060360506302,E407,E407,Low / Unclassified,100
4799,UK_5016769993724,E440,E440,Low / Unclassified,100
4800,UK_5060360501819,E160,E160,Low / Unclassified,100
4801,UK_5060360501819,E270,E270,Low / Unclassified,100
4802,UK_5060360501819,E331,E331,Low / Unclassified,100
4803,UK_5060360501819,E407,E407,Low / Unclassified,100
4804,UK_5060360501819,E950,E950,Low / Unclassified,100
4805,UK_5060360501819,E955,E955,Low / Unclassified,100
4806,UK_5060058333166,E440,E440,Low / Unclassified,100
4807,UK_5060058333166,E950,E950,Low / Unclassified,100
4808,UK_5060058333166,E955,E955,Low / Unclassified,100
4809,UK_5060058333128,E330,Citric Acid,Low,100
4810,UK_5060058333128,E331,E331,Low / Unclassified,100
4811,UK_5060058333128,E440,E440,Low / Unclassified,100
4812,UK_5060058333128,E950,E950,Low / Unclassified,100
4813,UK_5060058333128,E955,E955,Low / Unclassified,100
4814,UK_5410146407024,E14XX,E14XX,Low / Unclassified,100
4815,UK_5410146407024,E330,Citric Acid,Low,100
4816,UK_5410146407024,E331,E331,Low / Unclassified,100
4817,UK_5060360507736,E14XX,E14XX,Low / Unclassified,100
4818,UK_5060360507736,E150,E150,Low / Unclassified,100
4819,UK_5060360507736,E296,E296,Low / Unclassified,100
4820,UK_5060360507736,E440,E440,Low / Unclassified,100
4821,UK_5060360507736,E950,E950,Low / Unclassified,100
4822,UK_5060360507736,E955,E955,Low / Unclassified,100
4823,UK_5060058332152,E330,Citric Acid,Low,100
4824,UK_5060058332152,E331,E331,Low / Unclassified,100
4825,UK_5060058332152,E440,E440,Low / Unclassified,100
4826,UK_5060058332152,E950,E950,Low / Unclassified,100
4827,UK_5060058332152,E955,E955,Low / Unclassified,100
4828,UK_5060360507750,E440,E440,Low / Unclassified,100
4829,UK_5060360507750,E950,E950,Low / Unclassified,100
4830,UK_5060360507750,E955,E955,Low / Unclassified,100
4831,UK_5060360508573,E14XX,E14XX,Low / Unclassified,100
4832,UK_5060360508573,E330,Citric Acid,Low,100
4833,UK_5060360508573,E440,E440,Low / Unclassified,100
4834,UK_5060360508573,E950,E950,Low / Unclassified,100
4835,UK_5060360508573,E955,E955,Low / Unclassified,100
4836,UK_5060360501772,E270,E270,Low / Unclassified,100
4837,UK_5060360501772,E331,E331,Low / Unclassified,100
4838,UK_5060360501772,E333,E333,Low / Unclassified,100
4839,UK_5060360501772,E412,Guar Gum,Low,100
4840,UK_5060360501772,E440,E440,Low / Unclassified,100
4841,UK_5060360501772,E950,E950,Low / Unclassified,100
4842,UK_5060360501772,E955,E955,Low / Unclassified,100
4843,UK_3057640535468,E212,E212,Low / Unclassified,100
4844,UK_3057640535468,E330,Citric Acid,Low,100
4845,UK_3057640535468,E950,E950,Low / Unclassified,100
4846,UK_3057640535468,E955,E955,Low / Unclassified,100
4847,UK_3057640492983,E212,E212,Low / Unclassified,100
4848,UK_3057640492983,E950,E950,Low / Unclassified,100
4849,UK_3057640492983,E955,E955,Low / Unclassified,100
4850,UK_3057640569043,E212,E212,Low / Unclassified,100
4851,UK_3057640569043,E950,E950,Low / Unclassified,100
4852,UK_3057640569043,E955,E955,Low / Unclassified,100
4853,UK_5060360506289,E270,E270,Low / Unclassified,100
4854,UK_5060360506289,E331,E331,Low / Unclassified,100
4855,UK_5060360506289,E407,E407,Low / Unclassified,100
4856,UK_5060360506289,E440,E440,Low / Unclassified,100
4857,UK_5060360506289,E950,E950,Low / Unclassified,100
4858,UK_5060360506289,E955,E955,Low / Unclassified,100
4859,UK_5060058338888,E290,E290,Low / Unclassified,100
4860,UK_5060360502410,E331,E331,Low / Unclassified,100
4861,UK_5060360502410,E407,E407,Low / Unclassified,100
4862,UK_5060360502410,E412,Guar Gum,Low,100
4863,UK_3057640600128,E330,Citric Acid,Low,100
4864,UK_3057640600128,E950,E950,Low / Unclassified,100
4865,UK_3057640600128,E955,E955,Low / Unclassified,100
4866,UK_5060360509235,E14XX,E14XX,Low / Unclassified,100
4867,UK_5060360505503,E100,E100,Low / Unclassified,100
4868,UK_5060360505503,E330,Citric Acid,Low,100
4869,UK_5060360505503,E331,E331,Low / Unclassified,100
4870,UK_5060360505503,E440,E440,Low / Unclassified,100
4871,UK_5060360505503,E950,E950,Low / Unclassified,100
4872,UK_5060360505503,E955,E955,Low / Unclassified,100
4873,UK_5060360509112,E440,E440,Low / Unclassified,100
4874,UK_59052227,E14XX,E14XX,Low / Unclassified,100
4875,UK_59052227,E428,E428,Low / Unclassified,100
4876,UK_5060360505480,E333,E333,Low / Unclassified,100
4877,UK_5060360505480,E333,E333,Low / Unclassified,100
4878,UK_5060360503387,E150,E150,Low / Unclassified,100
4879,UK_5060360503387,E440,E440,Low / Unclassified,100
4880,UK_3033491117084,E270,E270,Low / Unclassified,100
4881,UK_3033491117084,E331,E331,Low / Unclassified,100
4882,UK_3033491117084,E440,E440,Low / Unclassified,100
4883,UK_3033491117084,E950,E950,Low / Unclassified,100
4884,UK_3033491117084,E955,E955,Low / Unclassified,100
4885,UK_5060360500164,E330,Citric Acid,Low,100
4886,UK_5060360500164,E331,E331,Low / Unclassified,100
4887,UK_5060360500164,E333,E333,Low / Unclassified,100
4888,UK_5060360500164,E412,Guar Gum,Low,100
4889,UK_5060360500164,E440,E440,Low / Unclassified,100
4890,UK_5060360501598,E330,Citric Acid,Low,100
4891,UK_5060360501857,E330,Citric Acid,Low,100
4892,UK_5060360501857,E331,E331,Low / Unclassified,100
4893,UK_5060360501857,E415,Xanthan Gum,Low,100
4894,UK_5060360501857,E950,E950,Low / Unclassified,100
4895,UK_5060360501857,E955,E955,Low / Unclassified,100
4896,UK_5060360503240,E163,E163,Low / Unclassified,100
4897,UK_5060360503240,E331,E331,Low / Unclassified,100
4898,UK_5060360503240,E407,E407,Low / Unclassified,100
4899,UK_5060360503240,E440,E440,Low / Unclassified,100
4900,UK_5060360503240,E950,E950,Low / Unclassified,100
4901,UK_5060360503240,E955,E955,Low / Unclassified,100
4902,UK_3033491377006,E1442,E1442,Low / Unclassified,100
4903,UK_3033491377006,E14XX,E14XX,Low / Unclassified,100
4904,UK_3033491377006,E150,E150,Low / Unclassified,100
4905,UK_3033491377006,E160,E160,Low / Unclassified,100
4906,UK_3033491377006,E160,E160,Low / Unclassified,100
4907,UK_3033491377006,E322,Lecithin,Low,100
4908,UK_3033491377006,E322,Lecithin,Low,100
4909,UK_3033491377006,E340,E340,Low / Unclassified,100
4910,UK_3033491377006,E340,E340,Low / Unclassified,100
4911,UK_3033491377006,E407,E407,Low / Unclassified,100
4912,UK_5060360507675,E418,E418,Low / Unclassified,100
4913,UK_5060360507675,E452,E452,Low / Unclassified,100
4914,UK_5060360507675,E466,E466,Low / Unclassified,100
4915,UK_5060360507675,E955,E955,Low / Unclassified,100
4916,UK_5060058331346,E150,E150,Low / Unclassified,100
4917,UK_5060058331346,E330,Citric Acid,Low,100
4918,UK_5060058331346,E331,E331,Low / Unclassified,100
4919,UK_5060058331346,E333,E333,Low / Unclassified,100
4920,UK_5060058335528,E330,Citric Acid,Low,100
4921,UK_5060058335528,E331,E331,Low / Unclassified,100
4922,UK_5060058335528,E407,E407,Low / Unclassified,100
4923,UK_5060058335528,E950,E950,Low / Unclassified,100
4924,UK_5060058335528,E955,E955,Low / Unclassified,100
4925,UK_5060058332725,E270,E270,Low / Unclassified,100
4926,UK_5060058332725,E327,E327,Low / Unclassified,100
4927,UK_5060058332725,E331,E331,Low / Unclassified,100
4928,UK_5060058332725,E415,Xanthan Gum,Low,100
4929,UK_5060058332725,E440,E440,Low / Unclassified,100
4930,UK_5060058331988,E330,Citric Acid,Low,100
4931,UK_5060058331988,E341,E341,Low / Unclassified,100
4932,UK_5060058331988,E440,E440,Low / Unclassified,100
4933,UK_5060058339359,E331,E331,Low / Unclassified,100
4934,UK_5060058339359,E407,E407,Low / Unclassified,100
4935,UK_5060058339359,E412,Guar Gum,Low,100
4936,UK_5060058339373,E331,E331,Low / Unclassified,100
4937,UK_5060058339373,E407,E407,Low / Unclassified,100
4938,UK_5060058339373,E412,Guar Gum,Low,100
4939,UK_5060058339397,E331,E331,Low / Unclassified,100
4940,UK_5060058339397,E412,Guar Gum,Low,100
4941,UK_5060058339397,E440,E440,Low / Unclassified,100
4942,UK_5060360500768,E950,E950,Low / Unclassified,100
4943,UK_5060360500768,E955,E955,Low / Unclassified,100
4944,UK_3033491426179,E14XX,E14XX,Low / Unclassified,100
4945,UK_3033491426179,E270,E270,Low / Unclassified,100
4946,UK_3033491426179,E330,Citric Acid,Low,100
4947,UK_3033491426179,E331,E331,Low / Unclassified,100
4948,UK_3033491426179,E407,E407,Low / Unclassified,100
4949,UK_3033491426179,E415,Xanthan Gum,Low,100
4950,UK_3033491426179,E440,E440,Low / Unclassified,100
4951,UK_3033491426179,E950,E950,Low / Unclassified,100
4952,UK_3033491426179,E955,E955,Low / Unclassified,100
4953,UK_3033491426179,E960,E960,Low / Unclassified,100
4954,UK_5449000109613,E330,Citric Acid,Low,100
4955,UK_5449000109613,E331,E331,Low / Unclassified,100
4956,UK_5449000109613,E950,E950,Low / Unclassified,100
4957,UK_5449000109613,E951,E951,Low / Unclassified,100
4958,UK_5000112684650,E330,Citric Acid,Low,100
4959,UK_5000112684650,E331,E331,Low / Unclassified,100
4960,UK_5000112684650,E334,E334,Low / Unclassified,100
4961,UK_5000112684650,E950,E950,Low / Unclassified,100
4962,UK_5000112684650,E951,E951,Low / Unclassified,100
4963,UK_5000112684650,E955,E955,Low / Unclassified,100
4964,UK_5000112575071,E330,Citric Acid,Low,100
4965,UK_5000112575071,E331,E331,Low / Unclassified,100
4966,UK_5000112575071,E950,E950,Low / Unclassified,100
4967,UK_5000112575071,E951,E951,Low / Unclassified,100
4968,UK_5449000132505,E331,E331,Low / Unclassified,100
4969,UK_5449000132505,E951,E951,Low / Unclassified,100
4970,UK_41207109,E330,Citric Acid,Low,100
4971,UK_41207109,E331,E331,Low / Unclassified,100
4972,UK_41207109,E950,E950,Low / Unclassified,100
4973,UK_41207109,E951,E951,Low / Unclassified,100
4974,UK_5449000011527,E160,E160,Low / Unclassified,100
4975,UK_5449000011527,E202,E202,Low / Unclassified,100
4976,UK_5449000011527,E412,Guar Gum,Low,100
4977,UK_40822938,E160,E160,Low / Unclassified,100
4978,UK_40822938,E160,E160,Low / Unclassified,100
4979,UK_40822938,E290,E290,Low / Unclassified,100
4980,UK_40822938,E300,E300,Low / Unclassified,100
4981,UK_40822938,E412,Guar Gum,Low,100
4982,UK_54491397,E110,Sunset Yellow,High,25
4983,UK_54491397,E330,Citric Acid,Low,100
4984,UK_5449000004840,E202,E202,Low / Unclassified,100
4985,UK_5449000004840,E296,E296,Low / Unclassified,100
4986,UK_5449000004840,E300,E300,Low / Unclassified,100
4987,UK_5449000004840,E330,Citric Acid,Low,100
4988,UK_5449000004840,E331,E331,Low / Unclassified,100
4989,UK_5449000004840,E414,E414,Low / Unclassified,100
4990,UK_5449000004840,E444,E444,Low / Unclassified,100
4991,UK_5449000004840,E950,E950,Low / Unclassified,100
4992,UK_5449000004840,E951,E951,Low / Unclassified,100
4993,UK_5449000004840,E959,E959,Low / Unclassified,100
4994,UK_5449000006004,E160,E160,Low / Unclassified,100
4995,UK_5449000006004,E160,E160,Low / Unclassified,100
4996,UK_5449000006004,E202,E202,Low / Unclassified,100
4997,UK_5449000006004,E296,E296,Low / Unclassified,100
4998,UK_5449000006004,E300,E300,Low / Unclassified,100
4999,UK_5449000006004,E330,Citric Acid,Low,100
5000,UK_5449000006004,E331,E331,Low / Unclassified,100
5001,UK_5449000006004,E414,E414,Low / Unclassified,100
5002,UK_5449000006004,E950,E950,Low / Unclassified,100
5003,UK_5449000006004,E951,E951,Low / Unclassified,100
5004,UK_54493957,E202,E202,Low / Unclassified,100
5005,UK_54493957,E330,Citric Acid,Low,100
5006,UK_54493957,E950,E950,Low / Unclassified,100
5007,UK_5449000006011,E202,E202,Low / Unclassified,100
5008,UK_5449000006011,E296,E296,Low / Unclassified,100
5009,UK_5449000006011,E300,E300,Low / Unclassified,100
5010,UK_5449000006011,E330,Citric Acid,Low,100
5011,UK_5449000006011,E414,E414,Low / Unclassified,100
5012,UK_5449000006011,E445,E445,Low / Unclassified,100
5013,UK_5449000006011,E576,E576,Low / Unclassified,100
5014,UK_5449000006011,E950,E950,Low / Unclassified,100
5015,UK_5449000006011,E951,E951,Low / Unclassified,100
5016,UK_5449000120984,E202,E202,Low / Unclassified,100
5017,UK_5449000120984,E296,E296,Low / Unclassified,100
5018,UK_5449000120984,E300,E300,Low / Unclassified,100
5019,UK_5449000120984,E330,Citric Acid,Low,100
5020,UK_5449000120984,E412,Guar Gum,Low,100
5021,UK_5449000120984,E950,E950,Low / Unclassified,100
5022,UK_5449000120984,E951,E951,Low / Unclassified,100
5023,UK_54492578,E160,E160,Low / Unclassified,100
5024,UK_54492578,E202,E202,Low / Unclassified,100
5025,UK_54492578,E950,E950,Low / Unclassified,100
5026,UK_5449000089359,E160,E160,Low / Unclassified,100
5027,UK_5449000089359,E202,E202,Low / Unclassified,100
5028,UK_5449000089359,E300,E300,Low / Unclassified,100
5029,UK_5449000089359,E330,Citric Acid,Low,100
5030,UK_5449000089359,E412,Guar Gum,Low,100
5031,UK_5449000089359,E414,E414,Low / Unclassified,100
5032,UK_5449000089359,E444,E444,Low / Unclassified,100
5033,UK_5449000089359,E445,E445,Low / Unclassified,100
5034,UK_5449000089359,E950,E950,Low / Unclassified,100
5035,UK_5449000089359,E951,E951,Low / Unclassified,100
5036,UK_5449000089359,E954,E954,Low / Unclassified,100
5037,UK_5449000335319,E161,E161,Low / Unclassified,100
5038,UK_5449000335319,E202,E202,Low / Unclassified,100
5039,UK_5449000335319,E300,E300,Low / Unclassified,100
5040,UK_5449000335319,E330,Citric Acid,Low,100
5041,UK_5449000335319,E950,E950,Low / Unclassified,100
5042,UK_5449000335319,E955,E955,Low / Unclassified,100
5043,UK_5449000042156,E202,E202,Low / Unclassified,100
5044,UK_5449000042156,E296,E296,Low / Unclassified,100
5045,UK_5449000042156,E330,Citric Acid,Low,100
5046,UK_5449000042156,E412,Guar Gum,Low,100
5047,UK_5449000042156,E445,E445,Low / Unclassified,100
5048,UK_5449000042156,E950,E950,Low / Unclassified,100
5049,UK_5449000042156,E951,E951,Low / Unclassified,100
5050,UK_42358367,E202,E202,Low / Unclassified,100
5051,UK_42358367,E330,Citric Acid,Low,100
5052,UK_42358367,E445,E445,Low / Unclassified,100
5053,UK_5449000090485,E160,E160,Low / Unclassified,100
5054,UK_5449000090485,E202,E202,Low / Unclassified,100
5055,UK_5449000090485,E300,E300,Low / Unclassified,100
5056,UK_5449000090485,E330,Citric Acid,Low,100
5057,UK_5449000090485,E331,E331,Low / Unclassified,100
5058,UK_5449000090485,E412,Guar Gum,Low,100
5059,UK_5449000090485,E445,E445,Low / Unclassified,100
5060,UK_5449000090485,E950,E950,Low / Unclassified,100
5061,UK_5449000090485,E951,E951,Low / Unclassified,100
5062,UK_5000112673944,E160,E160,Low / Unclassified,100
5063,UK_5000112673944,E202,E202,Low / Unclassified,100
5064,UK_5000112673944,E300,E300,Low / Unclassified,100
5065,UK_5000112673944,E330,Citric Acid,Low,100
5066,UK_5000112673944,E412,Guar Gum,Low,100
5067,UK_5000112673944,E414,E414,Low / Unclassified,100
5068,UK_5000112673944,E444,E444,Low / Unclassified,100
5069,UK_5000112673944,E445,E445,Low / Unclassified,100
5070,UK_5000112673944,E950,E950,Low / Unclassified,100
5071,UK_5000112673944,E951,E951,Low / Unclassified,100
5072,UK_5000112673944,E954,E954,Low / Unclassified,100
5073,UK_5000112677324,E202,E202,Low / Unclassified,100
5074,UK_5000112677324,E296,E296,Low / Unclassified,100
5075,UK_5000112677324,E330,Citric Acid,Low,100
5076,UK_5000112677324,E950,E950,Low / Unclassified,100
5077,UK_5000112677324,E952,E952,Low / Unclassified,100
5078,UK_5000112677324,E955,E955,Low / Unclassified,100
5079,UK_5449000341846,E150,E150,Low / Unclassified,100
5080,UK_5449000341846,E202,E202,Low / Unclassified,100
5081,UK_5449000341846,E296,E296,Low / Unclassified,100
5082,UK_5449000341846,E330,Citric Acid,Low,100
5083,UK_5449000341846,E331,E331,Low / Unclassified,100
5084,UK_5449000341846,E950,E950,Low / Unclassified,100
5085,UK_5449000341846,E952,E952,Low / Unclassified,100
5086,UK_5449000341846,E955,E955,Low / Unclassified,100
5087,UK_54492493,E296,E296,Low / Unclassified,100
5088,UK_54492493,E330,Citric Acid,Low,100
5089,UK_54492493,E576,E576,Low / Unclassified,100
5090,UK_54492493,E950,E950,Low / Unclassified,100
5091,UK_54492493,E951,E951,Low / Unclassified,100
5092,UK_5449000295804,E133,Brilliant Blue FCF,Medium,75
5093,UK_5449000295804,E202,E202,Low / Unclassified,100
5094,UK_5449000295804,E296,E296,Low / Unclassified,100
5095,UK_5449000295804,E330,Citric Acid,Low,100
5096,UK_5449000295804,E950,E950,Low / Unclassified,100
5097,UK_5449000295804,E952,E952,Low / Unclassified,100
5098,UK_5449000295804,E955,E955,Low / Unclassified,100
5099,UK_5449000119056,E300,E300,Low / Unclassified,100
5100,UK_5449000119056,E576,E576,Low / Unclassified,100
5101,UK_5449000119056,E950,E950,Low / Unclassified,100
5102,UK_5449000119056,E955,E955,Low / Unclassified,100
5103,UK_5449000138316,E202,E202,Low / Unclassified,100
5104,UK_5449000138316,E330,Citric Acid,Low,100
5105,UK_5449000138316,E331,E331,Low / Unclassified,100
5106,UK_5449000138316,E950,E950,Low / Unclassified,100
5107,UK_5449000138316,E952,E952,Low / Unclassified,100
5108,UK_5449000138316,E955,E955,Low / Unclassified,100
5109,UK_5449000218162,E202,E202,Low / Unclassified,100
5110,UK_5449000218162,E211,Sodium Benzoate,High,25
5111,UK_5449000218162,E296,E296,Low / Unclassified,100
5112,UK_5449000218162,E330,Citric Acid,Low,100
5113,UK_5449000218162,E960,E960,Low / Unclassified,100
5114,UK_5449000330932,E133,Brilliant Blue FCF,Medium,75
5115,UK_5449000330932,E330,Citric Acid,Low,100
5116,UK_5449000330932,E331,E331,Low / Unclassified,100
5117,UK_5449000330932,E950,E950,Low / Unclassified,100
5118,UK_5449000330932,E952,E952,Low / Unclassified,100
5119,UK_5449000330932,E955,E955,Low / Unclassified,100
5120,UK_5449000215789,E202,E202,Low / Unclassified,100
5121,UK_5449000215789,E296,E296,Low / Unclassified,100
5122,UK_5449000215789,E300,E300,Low / Unclassified,100
5123,UK_5449000215789,E330,Citric Acid,Low,100
5124,UK_5449000215789,E331,E331,Low / Unclassified,100
5125,UK_5449000215789,E412,Guar Gum,Low,100
5126,UK_5449000215789,E950,E950,Low / Unclassified,100
5127,UK_5449000215789,E955,E955,Low / Unclassified,100
5128,UK_5000112552119,E296,E296,Low / Unclassified,100
5129,UK_5000112552119,E330,Citric Acid,Low,100
5130,UK_5000112552119,E955,E955,Low / Unclassified,100
5131,UK_5942321000213,E202,E202,Low / Unclassified,100
5132,UK_5942321000213,E290,E290,Low / Unclassified,100
5133,UK_5942321000213,E296,E296,Low / Unclassified,100
5134,UK_5942321000213,E576,E576,Low / Unclassified,100
5135,UK_5449000029423,E160,E160,Low / Unclassified,100
5136,UK_5449000029423,E296,E296,Low / Unclassified,100
5137,UK_5449000029423,E300,E300,Low / Unclassified,100
5138,UK_5449000029423,E327,E327,Low / Unclassified,100
5139,UK_5449000029423,E330,Citric Acid,Low,100
5140,UK_5449000029423,E412,Guar Gum,Low,100
5141,UK_5449000029423,E578,E578,Low / Unclassified,100
5142,UK_5449000029423,E950,E950,Low / Unclassified,100
5143,UK_5449000029423,E952,E952,Low / Unclassified,100
5144,UK_5449000029423,E954,E954,Low / Unclassified,100
5145,UK_5000112649932,E202,E202,Low / Unclassified,100
5146,UK_5000112649932,E296,E296,Low / Unclassified,100
5147,UK_5000112649932,E300,E300,Low / Unclassified,100
5148,UK_5000112649932,E330,Citric Acid,Low,100
5149,UK_5000112649932,E331,E331,Low / Unclassified,100
5150,UK_5000112649932,E412,Guar Gum,Low,100
5151,UK_5000112649932,E950,E950,Low / Unclassified,100
5152,UK_5000112649932,E955,E955,Low / Unclassified,100
5153,UK_5000112673739,E133,Brilliant Blue FCF,Medium,75
5154,UK_5000112673739,E290,E290,Low / Unclassified,100
5155,UK_5000112673739,E950,E950,Low / Unclassified,100
5156,UK_5000112684780,E202,E202,Low / Unclassified,100
5157,UK_5000112684780,E296,E296,Low / Unclassified,100
5158,UK_5000112684780,E330,Citric Acid,Low,100
5159,UK_5000112684780,E412,Guar Gum,Low,100
5160,UK_5000112684780,E445,E445,Low / Unclassified,100
5161,UK_5000112684780,E950,E950,Low / Unclassified,100
5162,UK_5000112684780,E951,E951,Low / Unclassified,100
5163,UK_5000112685404,E202,E202,Low / Unclassified,100
5164,UK_5000112685404,E296,E296,Low / Unclassified,100
5165,UK_5000112685404,E300,E300,Low / Unclassified,100
5166,UK_5000112685404,E330,Citric Acid,Low,100
5167,UK_5000112685404,E414,E414,Low / Unclassified,100
5168,UK_5000112685404,E445,E445,Low / Unclassified,100
5169,UK_5000112685404,E576,E576,Low / Unclassified,100
5170,UK_5000112685404,E950,E950,Low / Unclassified,100
5171,UK_5000112685404,E951,E951,Low / Unclassified,100
5172,UK_5000112685411,E202,E202,Low / Unclassified,100
5173,UK_5000112685411,E296,E296,Low / Unclassified,100
5174,UK_5000112685411,E300,E300,Low / Unclassified,100
5175,UK_5000112685411,E330,Citric Acid,Low,100
5176,UK_5000112685411,E414,E414,Low / Unclassified,100
5177,UK_5000112685411,E445,E445,Low / Unclassified,100
5178,UK_5000112685411,E576,E576,Low / Unclassified,100
5179,UK_5000112685411,E950,E950,Low / Unclassified,100
5180,UK_5000112685411,E951,E951,Low / Unclassified,100
5181,UK_5449000348494,E202,E202,Low / Unclassified,100
5182,UK_5449000348494,E296,E296,Low / Unclassified,100
5183,UK_5449000348494,E300,E300,Low / Unclassified,100
5184,UK_5449000348494,E330,Citric Acid,Low,100
5185,UK_5449000348494,E331,E331,Low / Unclassified,100
5186,UK_5449000348494,E412,Guar Gum,Low,100
5187,UK_5449000348494,E414,E414,Low / Unclassified,100
5188,UK_5449000348494,E950,E950,Low / Unclassified,100
5189,UK_5449000348494,E952,E952,Low / Unclassified,100
5190,UK_5449000348494,E955,E955,Low / Unclassified,100
