nutrition_id,product_id,basis,energy_kcal,protein_g,fat_g,saturated_fat_g,sugars_g,fiber_g,sodium_mg,uk_npm_nutrition_score
1,IN_8901719134845,per_100g,454.0,6.9,13.0,6.0,25.5,,296.0,40.0
2,IN_8901719134852,per_100g,3.4,6.9,13.0,6.0,25.5,0.0,0.0,52.73
3,IN_8901063139329,per_100g,492.0,4.7,19.9,7.7,37.0,,118000.0,16.36
4,IN_8906010500764,per_100g,514.0,7.0,25.0,12.0,2.0,4.0,868.0,34.55
5,IN_8901063093522,per_100g,512.0,7.0,24.0,11.0,22.0,0.0,0.0,36.36
6,IN_8901063162914,per_100g,445.0,7.9,10.6,5.1,21.2,0.0,316.0,41.82
7,IN_8906010500245,per_100g,482.0,10.9,23.2,10.5,9.4,7.0,811.0,32.73
8,IN_7622202225512,per_100g,483.0,5.2,19.6,9.7,38.9,,420.0,23.64
9,IN_8901063092853,per_100g,504.0,7.0,24.0,11.0,22.0,,218.0,32.73
10,IN_8901719129988,per_100g,469.0,6.1,15.9,8.6,31.0,0.0,205.0,34.55
11,IN_8901063029255,per_100g,483.0,5.0,19.0,9.5,32.9,0.0,211000.0,14.55
12,IN_8901719135248,per_100g,489.0,6.8,19.9,9.4,19.6,,371.0,30.91
13,IN_8996001312506,per_100g,491.0,7.7,22.8,15.3,16.5,,543.0,27.27
14,IN_8901058005233,per_100g,438.0,6.4,24.8,24.5,35.1,0.0,97.4,30.91
15,IN_8901063023901,per_100g,445.0,8.4,10.7,5.2,21.9,,319.0,41.82
16,IN_8901719135118,per_100g,492.0,7.9,20.9,9.7,8.4,0.0,0.0,52.73
17,IN_8901063162532,per_100g,445.0,7.9,10.6,5.1,21.2,0.0,0.0,47.27
18,IN_8906032018513,per_100g,468.0,7.2,17.0,8.3,24.0,6.0,349.0,43.64
19,IN_8901719121630,per_100g,482.0,6.7,18.6,8.5,24.1,,240.0,34.55
20,IN_8901719105913,per_100g,479.0,5.9,18.0,9.4,32.2,0.0,0.0,34.55
21,IN_8901719130014,per_100g,489.0,5.5,20.1,10.6,31.0,0.0,0.0,43.64
22,IN_7622202225550,per_100g,,,,,,,0.0,70.91
23,IN_8901719117183,per_100g,470.0,5.9,18.6,9.4,32.5,,114.0,32.73
24,IN_8901719135217,per_100g,489.0,,19.9,9.4,19.6,,371.0,30.91
25,IN_8901063093287,per_100g,504.0,7.0,24.0,11.0,22.0,0.0,0.0,36.36
26,IN_8901063014411,per_100g,,,,,,,0.0,72.73
27,IN_8901725015275,per_100g,507.0,7.3,27.3,12.7,35.7,,181.5,27.27
28,IN_8906010500870,per_100g,,,,,,,0.0,72.73
29,IN_8901123001214,per_100g,433.0,4.0,17.0,13.0,37.0,,185.0,27.27
30,IN_8901063019188,per_100g,486.0,7.4,19.5,9.4,24.0,,0.0,36.36
31,IN_8901719135729,per_100g,,,,,,,0.0,70.91
32,IN_8901063139213,per_100g,493.5,5.0,20.3,10.1,37.0,,119.0,27.27
33,IN_8901063014299,per_100g,449.0,7.3,11.4,5.5,25.5,,255.0,41.82
34,IN_8901063019201,per_100g,486.0,7.4,19.5,9.4,24.0,,309.0,30.91
35,IN_8901063029279,per_100g,483.0,5.0,19.0,9.5,33.5,,214.0,29.09
36,IN_8901063016873,per_100g,,,,,,,0.0,72.73
37,IN_8901063142664,per_100g,483.0,9.3,20.8,10.3,12.7,6.7,362.0,41.82
38,IN_8901491100533,per_100g,562.0,5.6,35.1,15.8,2.0,,723.0,29.09
39,IN_8906010500030,per_100g,539.0,7.4,29.5,14.0,5.2,8.5,760.0,36.36
40,IN_8901725016296,per_100g,469.0,5.9,17.9,8.9,38.4,,55.0,34.55
41,IN_8901719130144,per_100g,474.0,5.8,17.0,11.4,32.6,,120.0,30.91
42,IN_8901063012868,per_100g,467.0,8.5,16.9,8.4,23.1,5.4,332000.0,30.91
43,IN_8901063162464,per_100g,,,,,,,0.0,50.0
44,IN_8901719100369,per_100g,161.3,3.0,3.3,2.5,29.6,,182.0,50.91
45,IN_8906010503550,per_100g,553.0,7.6,32.8,15.6,4.6,,524.0,32.73
46,IN_8901058005080,per_100g,430.0,5.6,23.2,22.6,34.3,,79.39999999999999,32.73
47,IN_19017198,per_100g,,9.2,,,0.0,0.0,40.0,81.82
48,IN_8909081005046,per_100g,504.347826086957,6.95652173913043,26.9565217391304,13.0434782608696,35.6521739130435,,181.739130434783,27.27
49,IN_8901725000622,per_100g,485.0,6.9,20.7,,22.2,,0.0,61.82
50,IN_8901063092822,per_100g,500.0,6.8,21.8,10.9,20.4,,223.0,32.73
51,IN_8901058022179,per_100g,435.0,6.0,23.4,23.1,32.9,,89.30000000000001,32.73
52,IN_8901063367173,per_100g,525.0,7.7,26.5,,9.8,,1065.0,40.0
53,IN_8901063142015,per_100g,481.0,9.1,20.9,10.4,13.1,7.3,0.0,49.09
54,IN_8901725012953,per_100g,,,,,,,0.0,72.73
55,IN_8901063017627,per_100g,,,,,,,0.0,72.73
56,IN_8906009803777,per_100g,470.8,5.4,16.5,7.0,47.1,,116.1,32.73
57,IN_8906010500269,per_100g,,5.8,25.0,,4.0,,1023.112,60.0
58,IN_8901719125348,per_100g,506.0,7.3,23.4,,10.5,,642.0,45.45
59,IN_8906009070834,per_100g,476.8,5.5,21.1,9.5,24.6,0.0,195.0,34.55
60,IN_8901063093089,per_100g,509.0,6.7,23.7,11.6,20.3,0.0,0.0,36.36
61,IN_8909081001123,per_100g,,,,,32.9,,70.0,60.0
62,IN_8901719129179,per_100g,469.0,6.5,16.1,8.3,26.2,,247000.0,30.91
63,IN_8901719126468,per_100g,490.0,6.4,20.2,9.3,24.4,0.0,0.0,36.36
64,IN_8906032018810,per_100g,468.0,7.2,17.0,8.3,24.0,6.0,349.0,41.82
65,IN_8901725015886,per_100g,507.0,7.3,27.3,12.7,35.7,,181.5,27.27
66,IN_8901058904741,per_100g,448.0,6.5,25.8,23.0,37.8,0.0,0.0,40.0
67,IN_8901063142244,per_100g,,,,,,,0.0,50.0
68,IN_8901719135156,per_100g,,,,,,,0.0,72.73
69,IN_8901719127106,per_100g,490.7,6.5,19.9,9.2,,1.2,251000.0,38.18
70,IN_8901063162648,per_100g,445.0,7.9,10.6,5.1,21.2,,316.0,41.82
71,IN_8906009079165,per_100g,471.0,5.8,19.5,12.2,29.0,,213.0,30.91
72,IN_8901725015015,per_100g,425.0,5.4,16.4,10.7,33.1,,146.8,30.91
73,IN_8901719135767,per_100g,469.0,6.4,16.5,7.6,27.3,0.0,268.0,36.36
74,IN_8909081005053,per_100g,507.0,7.3,27.3,12.7,35.7,,181.5,27.27
75,IN_8901063139336,per_100g,493.5,5.0,20.3,10.1,38.3,,47.6,29.09
76,IN_8901063142466,per_100g,497.0,8.6,21.0,10.2,14.4,6.0,0.0,47.27
77,IN_8908008674808,per_100g,473.0,7.0,17.0,10.0,34.0,,190.0,30.91
78,IN_8901063004139,per_100g,512.0,6.1,24.0,14.1,33.4,,204.0,27.27
79,IN_8901063028234,per_100g,463.0,6.0,15.0,8.0,28.8,,275.0,34.55
80,IN_8901719134937,per_100g,457.0,6.4,13.4,6.3,33.8,,0.0,40.0
81,IN_8901725016234,per_100g,,,,,,,0.0,72.73
82,IN_8906010500214,per_100g,507.0,10.9,23.4,11.0,0.0,5.0,808.0,38.18
83,IN_8901499008169,per_100g,373.0,9.0,3.0,1.2,27.5,7.0,250.0,56.36
84,IN_8901491103794,per_100g,407.0,11.8,9.5,1.9,1.8,10.0,9.5,80.0
85,IN_8901499010513,per_100g,955.0,8.1,5.1,0.9,21.8,6.4,140.0,74.55
86,IN_8901088068734,per_100g,365.789473684211,8.68421052631579,7.63157894736842,1.84210526315789,6.05263157894737,9.73684210526316,2088.94736842105,52.73
87,IN_8904335604150,per_100g,367.5,9.25,6.25,1.0,12.25,9.5,281.75,74.55
88,IN_8908005144632,per_100g,437.0,12.3,13.3,4.9,6.7,9.4,90.6,61.82
89,IN_8901491103800,per_100g,407.0,11.8,9.5,1.9,1.8,10.0,9.5,80.0
90,IN_8906136651968,per_100g,392.0,25.0,8.0,2.1,14.0,9.6,130.0,72.73
91,IN_8901499023339,per_100g,382.0,8.1,5.2,0.9,21.6,6.5,130.0,72.73
92,IN_8901491702188,per_100g,407.5,11.75,9.5,2.0,1.75,10.0,9.5,80.0
93,IN_8901088213608,per_100g,369.0,12.6,8.0,1.6,0.5,10.4,5.0,81.82
94,IN_8906113490887,per_100g,400.0,9.3,6.4,1.0,19.7,10.8,154.70000000000002,72.73
95,IN_8908005144618,per_100g,370.0,15.0,10.5,1.75,0.0,15.1,53.25,80.0
96,IN_8901499010483,per_100g,397.5,8.0,6.0,0.75,16.0,5.0,60.0,74.55
97,IN_8906127550850,per_100g,457.77,22.0,18.6,3.1,5.0,11.6,13.24,72.73
98,IN_8904335601869,per_100g,386.0,23.0,10.7,3.0,20.2,7.5,89.6,61.82
99,IN_8901499010742,per_100g,390.0,4.0,3.1,1.1,31.0,30.0,180.0,58.18
100,IN_8904335601951,per_100g,387.5,12.5,8.25,1.75,1.75,10.0,9.5,80.0
101,IN_8908005144649,per_100g,418.0,13.0,9.5,1.9,4.8,7.4,61.199999999999996,78.18
102,IN_8901499008800,per_100g,,,,,,,0.0,50.0
103,IN_8902710500752,per_100g,380.0,8.9,4.4,0.8,19.4,7.3,266.0,72.73
104,IN_8901088155496,per_100g,369.0,12.6,8.0,1.6,0.5,10.4,0.0,81.82
105,IN_8901088055772,per_100g,369.0,12.6,8.0,1.6,0.5,10.4,5.0,80.0
106,IN_8901499008244,per_100g,390.0,8.6,3.0,1.3,30.0,3.5,160.0,54.55
107,IN_8904335601890,per_100g,386.0,23.0,10.7,3.9,20.2,7.5,89.6,60.0
108,IN_8901499009043,per_100g,373.0,9.0,3.0,1.2,27.5,7.0,250.0,56.36
109,IN_8901499010728,per_100g,373.0,9.0,3.0,1.0,,,0.0,74.55
110,IN_8906136651951,per_100g,392.0,25.0,8.0,2.1,14.0,9.6,130.0,61.82
111,IN_8901499009708,per_100g,430.0,8.0,14.0,4.8,30.5,6.2,270.0,50.91
112,IN_8901491363020,per_100g,558.0,5.6,34.5,15.5,20.0,12.0,723.0,30.91
113,IN_8901499008183,per_100g,380.0,6.6666666666667,1.0,0.66666666666667,8.3333333333333,2.6666666666667,500.0,65.45
114,IN_8901499009623,per_100g,432.0,7.0,14.0,4.8,30.5,5.0,300.0,49.09
115,IN_8906080349652,per_100g,400.0,8.0,1.5,0.0,1.6,,100.0,70.91
116,IN_0641837433199,per_100g,393.47,27.04,8.15,2.08,14.52,9.75,132.78,61.82
117,IN_8906136651982,per_100g,390.0,24.0,8.0,1.6,17.0,10.0,158.0,72.73
118,IN_8901042967325,per_100g,249.0,4.8,7.2,3.0,2.7,1.8,320.0,63.64
119,IN_8901499010704,per_100g,384.0,9.6,2.6,1.0,24.0,,0.0,65.45
120,IN_8908002984958,per_100g,,,,,,,0.0,72.73
121,IN_8903363007643,per_100g,386.0,6.6,2.4,1.1,27.9,,100.0,50.91
122,IN_8904335600336,per_100g,417.5,13.0,9.5,2.0,4.75,7.5,61.25,78.18
123,IN_8901499010711,per_100g,387.0,9.0,2.9,1.2,30.5,5.0,132.0,60.0
124,IN_8901499011398,per_100g,389.0,8.0,5.9,1.0,21.7,6.8,0.0,74.55
125,IN_8901499006936,per_100g,387.0,9.0,2.9,1.2,30.0,5.0,330.0,54.55
126,IN_8906112662803,per_100g,425.4,13.5,10.9,3.5,0.0,11.5,0.0,76.36
127,IN_8906112662414,per_100g,410.9,12.0,10.0,2.9,0.0,9.5,5.4,78.18
128,IN_8904335600343,per_100g,437.5,12.25,13.25,5.0,6.75,9.5,90.5,61.82
129,IN_8901499008190,per_100g,378.0,6.7,1.0,0.6,9.2,2.5,490.0,56.36
130,IN_8901499009135,per_100g,378.0,6.7,1.0,0.6,9.2,2.5,490.0,56.36
131,IN_8901499010476,per_100g,382.0,9.3,5.2,0.8,10.7,6.4,0.0,80.0
132,IN_8901088213974,per_100g,370.0,12.5,8.0,1.5,0.5,10.5,5.0,81.82
133,IN_8901088772433,per_100g,377.142857142857,8.0,8.85714285714286,1.71428571428571,5.71428571428571,8.28571428571429,1285.71428571429,52.73
134,IN_8904335600800,per_100g,387.0,12.6,8.4,1.7,1.7,10.0,9.5,81.82
135,IN_8906136651975,per_100g,390.0,24.0,8.0,1.7,17.0,10.0,158.0,72.73
136,IN_8906008350500,per_100g,402.0,11.0,10.0,2.0,2.0,14.0,0.0,80.0
137,IN_8901499010216,per_100g,378.0,6.7,1.0,0.6,9.2,2.5,490.0,56.36
138,IN_8901491103787,per_100g,407.0,11.8,9.5,2.0,0.0,,3800.0,43.64
139,IN_8904335600756,per_100g,413.0,11.2,10.9,2.6,18.1,10.0,59.2,61.82
140,IN_8901499010773,per_100g,390.0,8.66666666666667,3.0,1.33333333333333,30.0,3.66666666666667,400.0,50.91
141,IN_8903363007636,per_100g,387.5,6.5,2.9,1.2,32.7,0.0,112.0,49.09
142,IN_8901499008893,per_100g,378.0,6.7,1.0,0.6,9.2,,400.0,61.82
143,IN_8901499008343,per_100g,409.0,6.2,8.7,4.0,30.0,1.8,430.0,41.82
144,IN_8904320002565,per_100g,398.0,17.83,7.38,1.31,1.0,14.1,0.00505,80.0
145,IN_8906127551086,per_100g,451.0,25.0,16.5,3.8,6.3,11.0,42.5,72.73
146,IN_8901499010230,per_100g,379.0,11.6,9.0,1.7,1.3,10.0,7.0,81.82
147,IN_8901058003970,per_100g,279.0,6.2,2.2,1.6,22.0,5.1,146400.0,49.09
148,IN_8906113490894,per_100g,405.0,8.8,5.7,1.6,16.0,8.7,185.0,61.82
149,IN_8901088759533,per_100g,365.789473684211,8.68421052631579,7.63157894736842,1.84210526315789,6.05263157894737,9.73684210526316,2088.94736842105,50.91
150,IN_8904335600329,per_100g,408.0,12.0,11.6,3.4,14.9,10.0,114.3,60.0
151,IN_8901499008299,per_100g,378.0,6.7,1.0,0.6,9.2,2.5,0.0,72.73
152,IN_8908002984965,per_100g,390.0,11.5,11.7,2.9,3.9,7.9,65.0,80.0
153,IN_8906113490801,per_100g,400.0,11.3,10.4,4.1,6.3,10.8,1900.0,47.27
154,IN_8901499011466,per_100g,409.0,6.2,6.7,4.0,30.0,1.8,430.0,41.82
155,IN_8904335600312,per_100g,418.0,13.0,9.5,1.9,4.8,7.4,61200.0,50.91
156,IN_8903363008770,per_100g,407.0,12.1,9.7,1.8,0.9,,2.7,70.91
157,IN_8904132928657,per_100g,428.0,12.2,9.1,1.8,1.3,10.7,5.7,80.0
158,IN_8908003833002,per_100g,357.0,7.0,,,,,0.0,72.73
159,IN_8901499011176,per_100g,391.0,6.5,3.0,,,,0.0,72.73
160,IN_8906127551437,per_100g,457.77,22.0,18.6,3.1,5.0,11.02,13240.0,45.45
161,IN_8901499011992,per_100g,444.0,7.7,15.5,6.8,26.9,6.0,227.0,49.09
162,IN_8904335602521,per_100g,437.0,12.3,13.3,4.3,6.7,9.4,90.6,61.82
163,IN_8904335603405,per_100g,386.0,23.0,10.7,3.9,20.2,7.5,89.6,60.0
164,IN_8901499008176,per_100g,,,,,,,0.0,72.73
165,IN_8906002348169,per_100g,390.0,,1.0,0.0,0.0,3.0,12.192,70.91
166,IN_8901499009289,per_100g,410.0,6.33333333333333,6.66666666666667,4.0,25.0,1.66666666666667,433.33333333333303,43.64
167,IN_8902710100150,per_100g,397.142857142857,14.2857142857143,8.57142857142857,1.42857142857143,0.0,10.2857142857143,4.85714285714286,81.82
168,IN_8901499009715,per_100g,444.0,7.0,16.0,5.0,28.0,5.0,300.0,49.09
169,IN_8906014903592,per_100g,344.0,8.2,2.2,0.04,12.0,6.3,77.5,80.0
170,IN_8901499010506,per_100g,395.0,8.3,6.5,0.7,21.5,6.0,100.0,74.55
171,IN_7622202334009,per_100g,525.0,6.8,27.9,18.7,58.8,0.0,107.0,23.64
172,IN_8901262070546,per_100g,526.0,5.3,29.3,28.3,56.6,,60.0,25.45
173,IN_7622202325960,per_100g,598.0,7.6,47.4,32.1,24.4,,0.0,32.73
174,IN_7622202318078,per_100g,444.0,3.3,15.9,10.1,55.5,,170.0,25.45
175,IN_8901262070676,per_100g,520.25202520252,6.40864086408641,33.1233123312331,18.5418541854185,43.024302430243,0.0,37.983798379838,27.27
176,IN_7622202272639,per_100g,504.761904761905,7.61904761904762,27.6190476190476,,,,0.0,69.09
177,IN_7622202324260,per_100g,531.0,7.9,29.0,19.6,57.0,,129.0,23.64
178,IN_8901058875577,per_100g,524.0,11.1,30.0,28.7,40.9,,117.1,25.45
179,IN_8901262071864,per_100g,552.0,14.7,40.8,23.1,1.2,,60.0,43.64
180,IN_8901058861921,per_100g,524.0,11.1,30.0,28.7,40.9,,117.0,25.45
181,IN_8901123005403,per_100g,434.478284553214,3.92857142857143,17.1428571428571,12.8571428571429,37.1428571428571,,764.285714285714,16.36
182,IN_8901058903966,per_100g,426.0,3.8,16.8,13.6,49.2,,86.4,27.27
183,IN_7622201762063,per_100g,531.0,7.9,29.0,19.6,57.0,,129.0,23.64
184,IN_7622202245558,per_100g,532.0,7.8,29.2,,,,0.0,69.09
185,IN_8901262070454,per_100g,521.0,6.4,33.1,18.6,42.0,,38.0,27.27
186,IN_8902433005763,per_100g,568.0,7.5,43.1,25.8,26.9,,6.4,34.55
187,IN_7622202307171,per_100g,475.0,1.6,18.2,18.0,73.4,,10.0,27.27
188,IN_8901262071048,per_100g,558.0,6.0,33.8,20.7,0.5,,38.0,43.64
189,IN_80135890,per_100g,550.0,8.2,32.0,14.5,51.0,,127.2,23.64
190,IN_7622202325991,per_100g,543.0,5.6,34.3,23.0,45.1,,15.8,25.45
191,IN_89008492,per_100g,496.0,5.0,15.1,13.6,52.0,,93100.0,9.09
192,IN_7622202324871,per_100g,520.0,8.5,28.4,16.4,54.4,,106.0,23.64
193,IN_8901058018639,per_100g,524.0,,,,,,0.0,61.82
194,IN_7622202346385,per_100g,531.0,7.9,29.0,19.6,57.0,0.0,0.0,25.45
195,IN_8901262070539,per_100g,499.0,7.2,32.5,16.2,38.3,,33.0,29.09
196,IN_7622202030819,per_100g,523.2,5.8,31.1,19.3,45.6,,14.0,25.45
197,IN_7622202025426,per_100g,532.0,7.8,29.2,19.6,57.0,1.0,1000.0,9.09
198,IN_7622202290428,per_100g,560.0,9.7,35.2,19.1,46.7,,1000.0,7.27
199,IN_7622202237942,per_100g,526.0,6.8,28.0,18.6,58.8,,107.0,23.64
200,IN_8000500126936,per_100g,584.0,8.0,40.0,16.0,40.0,0.0,80.0,27.27
201,IN_8901262071703,per_100g,554.0,6.2,34.0,20.8,44.2,,5.0,27.27
202,IN_7622202031618,per_100g,511.0,5.0,24.8,13.9,57.4,,117.0,23.64
203,IN_8906002484003,per_100g,477.0,7.2,22.65,10.2,55.9,,231.0,23.64
204,IN_8902433003134,per_100g,501.0,9.9,26.6,10.6,44.8,,200.0,23.64
205,IN_8901058009439,per_100g,464.646464646465,5.05050505050505,23.2323232323232,23.2323232323232,39.3939393939394,,84.8484848484848,30.91
206,IN_7622202326110,per_100g,563.0,6.0,34.8,22.3,48.9,,207.0,20.0
207,IN_7622202324604,per_100g,531.0,7.9,29.0,19.6,57.0,,129.0,23.64
208,IN_7622202329494,per_100g,531.0,7.9,29.0,19.6,57.0,,129.0,23.64
209,IN_7622202326202,per_100g,532.0,7.8,30.4,18.7,50.9,,104.0,23.64
210,IN_7622202818332,per_100g,524.0,6.8,27.7,18.7,58.9,0.0,0.0,25.45
211,IN_7622202030758,per_100g,543.5,5.6,34.3,23.0,45.1,,15.8,25.45
212,IN_7622202030840,per_100g,533.0,6.4,32.8,,,,0.0,67.27
213,IN_7622202294396,per_100g,533.0,6.4,32.8,19.9,44.2,,16.0,27.27
214,IN_8901262070836,per_100g,538.0,9.6,39.8,22.2,25.3,0.0,0.0,34.55
215,IN_8906051682207,per_100g,558.0,3.3,36.0,34.0,50.0,5.38,22.0,32.73
216,IN_8901262071130,per_100g,523.0,12.8,39.5,22.2,10.8,,58.0,40.0
217,IN_8909081000249,per_100g,474.0,4.9,18.2,46.5,192.0,,1765.0,9.09
218,IN_8901262070324,per_100g,558.0,6.0,33.8,20.7,0.5,,38.0,43.64
219,IN_7622202329555,per_100g,520.0,8.5,28.5,16.4,,,106.0,41.82
220,IN_7622202324758,per_100g,523.0,5.2,27.6,17.7,50.2,,192.0,21.82
221,IN_7622202325847,per_100g,520.3,5.2,28.7,19.2,24.0,,17000.0,25.45
222,IN_7622201710606,per_100g,444.0,3.3,15.9,10.1,55.5,,170.0,25.45
223,IN_8901058852165,per_100g,489.0,7.5,22.7,15.2,41.1,3.5,84.5,32.73
224,IN_8901058005905,per_100g,390.0,3.9,22.5,22.2,37.7,3.8,9.719999999999999,40.0
225,IN_8901262071086,per_100g,520.0,5.3,28.7,16.7,32.0,,20.0,30.91
226,IN_7622202398735,per_100g,532.0,7.8,29.2,,,,0.0,69.09
227,IN_8902433005688,per_100g,568.0,7.5,43.1,25.8,27.0,,6.4,34.55
228,IN_7622202292927,per_100g,543.0,7.6,31.2,21.5,55.3,,125.0,23.64
229,IN_7622202294426,per_100g,498.0,5.7,26.0,17.5,57.0,,82.3,25.45
230,IN_8906020491342,per_100g,560.0,3.0,37.0,17.0,38.0,,0.0,29.09
231,IN_7622202290756,per_100g,566.0,8.7,36.8,19.2,46.6,,104.0,21.82
232,IN_7622202320330,per_100g,521.0,4.4,28.1,21.8,48.2,,218.0,21.82
233,IN_7622202818301,per_100g,,,,,,,0.0,72.73
234,IN_7622202398698,per_100g,532.0,7.8,29.2,19.6,57.0,,129.0,23.64
235,IN_8902433005732,per_100g,,,,,,,0.0,72.73
236,IN_8902433003677,per_100g,,,,,,,0.0,72.73
237,IN_7622201415662,per_100g,,,,,,,0.0,72.73
238,IN_8906143890510,per_100g,576.7,8.1,39.0,21.0,29.7,9.7,13.299999999999999,40.0
239,IN_8901262072670,per_100g,521.0,6.4,33.1,18.6,43.0,,38.0,27.27
240,IN_8901262072267,per_100g,570.0,10.0,36.2,21.9,50.7,0.0,0.0,23.64
241,IN_6942836717957,per_100g,553.0,8.8,32.1,,51.8,,0.0,43.64
242,IN_7622202329586,per_100g,516.0,7.7,26.0,17.5,51.6,,236.0,21.82
243,IN_8906144680127,per_100g,547.0,7.9,32.0,,52.0,,0.0,43.64
244,IN_8906088701223,per_100g,600.0,10.0,45.0,29.0,12.0,15.0,30.0,49.09
245,IN_8901071704892,per_100g,504.854368932039,5.8252427184466,24.2718446601942,,,,150.48543689320402,65.45
246,IN_7622202326059,per_100g,553.0,8.7,35.1,22.5,46.1,,140.0,23.64
247,IN_8901233030548,per_100g,527.0,5.6,27.9,18.7,61.0,0.0,92.3,23.64
248,IN_7622201761530,per_100g,532.0,7.8,30.4,18.7,50.9,,104.0,23.64
249,IN_7622201150242,per_100g,522.0,8.5,28.6,16.4,52.3,0.0,0.0,25.45
250,IN_8902433003615,per_100g,539.0,6.8,32.3,20.1,54.7,0.0,0.0,25.45
251,IN_8901058000290,per_100g,,,,,,,0.0,72.73
252,IN_8901058000306,per_100g,442.857142857143,8.57142857142857,18.5714285714286,10.0,1.42857142857143,2.85714285714286,1028.57142857143,34.55
253,IN_8901058023787,per_100g,384.0,8.2,12.5,8.2,1.8,,1000.0,32.73
254,IN_8901058023800,per_100g,310.0,6.0,13.0,7.0,4.0,2.0,970.0,41.82
255,IN_8909081005251,per_100g,456.0,9.2,19.2,10.0,3.2,,1194.3999999999999,29.09
256,IN_8901058009729,per_100g,314.0,7.7,10.3,8.5,2.5,4.5,798.9000000000001,43.64
257,IN_8901725005986,per_100g,,,,,,,0.0,50.0
258,IN_8901058851298,per_100g,437.0,10.4,15.7,6.8,5.0,3.9,1232.2,40.0
259,IN_19010588,per_100g,434.0,8.5,15.6,7.2,1.7,2.0,1255.1000000000001,36.36
260,IN_8901595851218,per_100g,371.0,11.2,0.5,0.1,0.0,8.9,553.0,72.73
261,IN_8901058022193,per_100g,384.0,8.2,12.5,8.2,1.8,,1000000.0,32.73
262,IN_0941458000290,per_100g,442.857142857143,8.57142857142857,18.5714285714286,8.57142857142857,2.85714285714286,2.85714285714286,671.428571428571,41.82
263,IN_8901030976735,per_100g,418.0,9.4,14.1,6.6,3.7,5.0,1944.0,43.64
264,IN_8901058014235,per_100g,384.0,8.2,12.5,8.2,1.8,,1000.0,32.73
265,IN_8901014000159,per_100g,477.3,0.44,19.07,0.099,3.93,3.0,3324.0,50.91
266,IN_8901725005887,per_100g,459.0,9.0,20.1,10.7,3.0,0.0,498.84000000000003,36.36
267,IN_8901014000371,per_100g,,,,,,,0.0,72.73
268,IN_8901058008999,per_100g,384.0,8.2,12.5,8.2,1.8,2.85714285714286,1028.3,38.18
269,IN_8901058008050,per_100g,384.0,8.2,12.5,8.0,1.8,0.0,1028.3,34.55
270,IN_8901058022872,per_100g,314.48275862069,7.72413793103448,10.3448275862069,8.55172413793103,2.48275862068966,4.55172413793103,799.310344827586,43.64
271,IN_8901014000166,per_100g,476.96,6.78,19.04,8.19,4.54,,1876.31,29.09
272,IN_8906013030022,per_100g,470.0,10.0,21.0,9.5,2.1,,1680.0,29.09
273,IN_8901014000425,per_100g,493.4,5.38,22.13,,4.18,,0.0,67.27
274,IN_8901030865855,per_100g,437.0,10.2,15.8,7.6,10.3,1.1,1910.0,30.91
275,IN_8901058019339,per_100g,384.0,8.2,12.5,8.2,1.8,,1028.3,32.73
276,IN_8801043054768,per_100g,102.697777230469,2.34375,3.1640625,1.5234375,1.15234375,,421.875,63.64
277,IN_8906078721965,per_100g,432.89,9.27,15.6,1.12,4.27,7.99,1367.25,52.73
278,IN_8901058009705,per_100g,,,,,,,0.0,72.73
279,IN_8901058017793,per_100g,384.0,9.0,,,9.0,,0.0,72.73
280,IN_8901014002061,per_100g,1.4285714285714,8.2,15.828571428571,7.7142857142857,1.7857142857143,,1232.14285714292,41.82
281,IN_8901058000191,per_100g,384.285714285714,8.14285714285714,12.5714285714286,8.14285714285714,1.85714285714286,,1028.2857142857101,32.73
282,IN_8901014004836,per_100g,468.0,8.5,18.0,9.23,3.0,,1400.0,29.09
283,IN_8901741000927,per_100g,495.0,10.7,21.5,9.7,2.1,,1680.0,29.09
284,IN_8906090575546,per_100g,438.0,9.0,15.9,4.1,6.7,,1920000.0,36.36
285,IN_8901014000470,per_100g,,,,,,,0.0,72.73
286,IN_8901058851328,per_100g,437.14285714286,10.42857170105,15.714285714286,7.1428571428571,3.4285715648106,,1232.14285714292,32.73
287,IN_8901595963348,per_100g,433.333333333333,9.66666666666667,15.6666666666667,9.0,4.16666666666667,8.83333333333333,1673.33333333333,40.0
288,IN_8901014004935,per_100g,463.0,10.7,18.4,9.38,1.6,0.0,1392.0,29.09
289,IN_8901014003181,per_100g,445.35,8.93,15.14,8.74,2.94,0.0,1742.37,30.91
290,IN_8901725006006,per_100g,448.0,9.6,18.6,9.6,3.6,,1485.3,29.09
291,IN_8901058003734,per_100g,321.111111111111,8.22222222222222,13.5555555555556,7.55555555555556,3.22222222222222,,0.0,52.73
292,IN_8901014004744,per_100g,493.14,10.3,21.02,10.5,2.76,,1468.8799999999999,25.45
293,IN_8906090575539,per_100g,431.0,11.4,13.7,3.7,4.0,,1852.0,40.0
294,IN_8901014012114,per_100g,484.62,12.19,20.26,,5.16,,1440.16,43.64
295,IN_8901058006148,per_100g,401.408450704225,7.74647887323944,11.830985915493,7.6056338028169,1.12676056338028,,999.859154929577,32.73
296,IN_8901725019754,per_100g,439.0,8.5,17.1,8.6,2.7,,1770.6,30.91
297,IN_8901014000609,per_100g,478.25,11.2,20.09,9.79,4.55,,940.51,27.27
298,IN_8906131682417,per_100g,195.7,6.2,1.8,0.3,1.5,6.0,659.6999999999999,70.91
299,IN_8901014004942,per_100g,,,,,,,0.0,72.73
300,IN_8901014000456,per_100g,,,,,,,0.0,72.73
301,IN_8901058002683,per_100g,331.0,7.7,12.1,8.2,1.9,0.0,1023.6,32.73
302,IN_8908017962248,per_100g,371.0,14.5,0.57,0.15,2.0,7.89,301.70000000000005,78.18
303,IN_8901058901511,per_100g,427.0,8.0,15.7,6.8,2.2,3.6,468.8,49.09
304,IN_8901014002054,per_100g,460.32,8.88,16.01,8.12,2.21,,2004.0,30.91
305,IN_8901725005214,per_100g,428.0,9.7,16.3,7.7,3.2,7.5,1446.7,41.82
306,IN_8901058901542,per_100g,389.0,8.2,13.5,8.2,1.8,2.0,1028.3,36.36
307,IN_8901058006292,per_100g,384.0,8.2,12.5,8.2,1.8,,1028.3,32.73
308,IN_8901741000910,per_100g,472.200012207031,9.0,19.0,,,3.0,0.0,78.18
309,IN_8906069406178,per_100g,,,,,,,0.0,72.73
310,IN_8994963003128,per_100g,473.0,10.0,20.0,10.0,7.0,,1012.0,27.27
311,IN_8908017962088,per_100g,466.782608695652,10.0434782608696,18.2753623188406,4.88405797101449,3.7536231884058,7.63768115942029,835.2028985507251,47.27
312,IN_8901058006100,per_100g,315.862068965517,8.82758620689655,10.8965517241379,,,,0.0,74.55
313,IN_8908006936007,per_100g,454.0,9.0,4.5,2.25,0.75,0.5,1178.0,41.82
314,IN_8947014692154,per_100g,,,,,,,0.0,72.73
315,IN_8909081006388,per_100g,457.0,9.0,19.1,6.8,3.1,,1182.1999999999998,34.55
316,IN_8901725005993,per_100g,448.0,9.6,18.6,9.6,,,1485.3,29.09
317,IN_6001068587209,per_100g,436.0,10.1,16.4,3.1,2.3,3.8,800.0,50.91
318,IN_8901058891430,per_100g,389.0,8.2,13.5,8.2,1.8,2.0,411.2,47.27
319,IN_8901058851304,per_100g,427.0,8.0,15.7,6.8,1.2,3.6,1172.3,40.0
320,IN_8901058890709,per_100g,387.23404255319,7.0921985815603,17.163120567376,12.198581560284,3.2624113475177,2.9787234042553,944.25531914896,34.55
321,IN_8901058902839,per_100g,393.0,8.0,13.0,7.5,2.7,4.8,821.0,45.45
322,IN_8901014004843,per_100g,488.89,10.7,21.46,10.74,2.69,,1566.24,25.45
323,IN_8901088205221,per_100g,432.0,14.9,16.98,3.96,7.73,6.6,1280.0,47.27
324,IN_8906032019169,per_100g,461.0,10.44,18.88,5.15,5.81,0.0,1410.0,34.55
325,IN_8901595963331,per_100g,433.333333333333,10.0,15.0,7.5,5.0,8.33333333333333,1666.6666666666702,40.0
326,IN_8901058901832,per_100g,458.333333333333,12.5,17.3611111111111,7.63888888888889,2.77777777777778,5.55555555555556,1111.11111111111,41.82
327,IN_8801043053181,per_100g,426.0,8.1,14.0,6.7,3.7,,1280.0,34.55
328,IN_8901058009712,per_100g,,,,,,,0.0,72.73
329,IN_8904300200622,per_100g,,,,,,,0.0,72.73
330,IN_8908017962224,per_100g,362.4,15.9,71.3,0.3,2.0,9.09,728.7,60.0
331,IN_8901014011124,per_100g,,,,,,,0.0,72.73
332,IN_8908017962095,per_100g,347.826086956522,14.4927536231884,1.44927536231884,0.173913043478261,2.89855072463768,7.2463768115942,1144.9275362318801,56.36
333,IN_8908016793768,per_100g,348.0,9.1,14.3,2.3,3.0,,969.0,43.64
334,IN_8901058891416,per_100g,389.0,8.2,13.5,8.2,1.8,2.0,1028.3,36.36
335,IN_8901725116729,per_100g,459.0,9.0,20.1,10.7,3.0,,1267.05,27.27
336,IN_8906013032187,per_100g,469.0,9.0,21.0,9.5,1.5,0.0,500.0,38.18
337,IN_8901058005851,per_100g,321.0,8.1,11.1,8.5,2.0,4.1,805.8,43.64
338,IN_8901058000450,per_100g,379.0,8.0,13.5,7.9,2.1,0.0,1137.1,34.55
339,IN_8901014011117,per_100g,455.15,11.16,15.02,7.92,3.81,10.54,1259300.0,41.82
340,IN_8901058008234,per_100g,402.0,0.0,11.8,7.6,1.1,0.0,400.0,43.64
341,IN_8901262010016,per_100g,714.28571,0.0,78.57143,50.0,0.0,0.0,821.428,23.64
342,IN_8901262200196,per_100g,28.5,1.5,1.5,0.95,1.8,,250.0,69.09
343,IN_8901262260121,per_100g,29.0,1.5,1.5,1.0,2.35,,20.0,72.73
344,IN_8901262010320,per_100g,724.0,1.0,80.0,48.0,0.0,0.0,0.0,38.18
345,IN_8906001023043,per_100g,,,,,,,0.0,72.73
346,IN_8904083303077,per_100g,61.8,3.5,3.0,1.9,5.2,,45.0,72.73
347,IN_8908000794023,per_100g,92.0,3.6,6.5,4.9,4.8,0.0,0.0,65.45
348,IN_8901262180115,per_100g,312.0,20.0,24.0,14.4,4.0,,9.6,49.09
349,IN_8902579002299,per_100g,83.8,2.3,1.8,1.2,13.7,,67.8,65.45
350,IN_8901262200189,per_100g,88.5,2.1,2.1,1.25,14.5,,30.0,65.45
351,IN_8906009501031,per_100g,69.0,3.6,3.8,2.7,4.7,,15.100000000000001,70.91
352,IN_8901262020039,per_100g,320.0,20.0,28.0,16.0,0.0,0.0,1400.0,29.09
353,IN_8906001023050,per_100g,,,,,,,0.0,72.73
354,IN_8901262200004,per_100g,,,,,,,0.0,72.73
355,IN_8901262151863,per_100g,,,,,,,0.0,72.73
356,IN_8901262020015,per_100g,311.0,20.0,25.0,16.0,1.5,,1200.0,30.91
357,IN_8901262150088,per_100g,58.0,3.0,3.0,2.0,4.8,0.0,37.0,70.91
358,IN_8901262151696,per_100g,87.0,2.0,2.0,1.2,14.0,,26.0,65.45
359,IN_8901262260107,per_100g,87.0,3.1,6.0,3.9,0.0,0.0,0.0,69.09
360,IN_8901262020046,per_100g,311.0,20.0,25.0,16.0,1.5,,1200.0,30.91
361,IN_8901262150064,per_100g,58.2,3.0,3.0,2.0,4.8,,37.0,70.91
362,IN_8901262010023,per_100g,724.0,1.0,80.0,48.0,0.0,,955.0,20.0
363,IN_8904083302292,per_100g,77.8,8.0,2.2,1.6,6.5,,67.0,76.36
364,IN_8902579002497,per_100g,83.8,2.3,1.8,1.2,13.7,,67.8,65.45
365,IN_8901262200622,per_100g,65.0,4.0,3.1,2.0,4.6,,50.0,72.73
366,IN_8908000794054,per_100g,67.2,3.1,4.0,2.9,4.7,0.0,0.0,69.09
367,IN_8901262202220,per_100g,65.0,4.0,3.1,,,,50.0,76.36
368,IN_8901262202244,per_100g,25.0,1.4,1.3,0.8,1.8,,230.0,69.09
369,IN_8902579003470,per_100g,15.74,1.27,0.86,0.57,0.58,,245.88,69.09
370,IN_8902579003456,per_100g,15.74,1.27,,,0.58,,245.88,69.09
371,IN_8906027712235,per_100g,,,,,,,0.0,72.73
372,IN_8901262152211,per_100g,139.0,5.7,2.7,1.6,23.0,0.0,75.0,65.45
373,IN_8901262200028,per_100g,61.5,4.0,3.1,2.0,,,0.0,74.55
374,IN_8902579003302,per_100g,83.2,1.6,1.6,1.0,13.4,,73.5,67.27
375,IN_8906016413792,per_100g,82.7,3.4,1.5,1.1,13.9,,48.300000000000004,67.27
376,IN_8901071732413,per_100g,90.0,1.77777777777778,1.88888888888889,1.38888888888889,16.7777777777778,0.0,51.6666666666667,65.45
377,IN_8902979001724,per_100g,21.2777777777778,0.722222222222222,1.38888888888889,0.944444444444444,1.16666666666667,,287.98,67.27
378,IN_8901262020558,per_100g,289.0,23.0,21.0,13.0,2.0,,400.0,41.82
379,IN_8908010900056,per_100g,639.0,30.0,49.0,7.0,3.0,9.0,19.0,56.36
380,IN_8901262060011,per_100g,276.0,11.2,20.0,13.2,0.0,,840.0,32.73
381,IN_8904083300021,per_100g,283.0,16.1,22.0,12.0,5.1,,125.0,45.45
382,IN_8904083302100,per_100g,103.5,3.6,3.1,1.3,15.3,,21.0,67.27
383,IN_8901262030243,per_100g,900.0,0.0,100.0,65.0,0.0,0.0,0.0,36.36
384,IN_8904089920490,per_100g,58.0,3.3,3.0,2.0,0.0,0.0,45.0,74.55
385,IN_8906009501017,per_100g,93.6,3.8,6.4,4.7,4.8,,14.7,65.45
386,IN_8901808000068,per_100g,358.0,1.0,0.0,0.0,0.0,,280.0,60.0
387,IN_8901262151368,per_100g,58.0,3.0,3.0,2.0,4.8,,37.0,70.91
388,IN_8901262153348,per_100g,53.5,7.5,0.85,0.5,1.6,,32.0,80.0
389,IN_8901058903959,per_100g,303.0,8.5,3.9,2.9,58.4,0.0,110.0,43.64
390,IN_8901262260947,per_100g,91.0,3.2,6.5,4.2,5.0,,50.0,63.64
391,IN_8906010090869,per_100g,284.0,24.5,20.5,12.9,0.5,,640.0,36.36
392,IN_8904083305071,per_100g,61.8,3.5,3.0,,,,45.0,76.36
393,IN_8906117360353,per_100g,90.0,3.2,6.5,3.8,4.9,,45.0,65.45
394,IN_8906041150501,per_100g,,1.36,,,,,89.42,72.73
395,IN_8901262151931,per_100g,176.0,6.7,8.7,5.2,20.0,,100.0,50.91
396,IN_8901262010344,per_100g,697.6,0.5,77.0,46.0,0.0,,950.0,21.82
397,IN_8906023416656,per_100g,82.0,3.3,2.0,1.2,12.4,,50.0,69.09
398,IN_8902579002329,per_100g,95.7,3.42,2.3,1.5,16.35,0.0,80.0,67.27
399,IN_8901262180016,per_100g,314.0,20.0,25.0,15.0,4.5,,22.0,49.09
400,IN_8901262260374,per_100g,68.0,3.1,4.0,2.4,4.9,0.0,47.0,69.09
401,IN_8906027713546,per_100g,60.0,3.6,3.0,0.0,0.0,0.0,0.0,76.36
402,IN_8904083300106,per_100g,189.3,25.0,7.0,4.8,6.7,,125.0,67.27
403,IN_8902979050913,per_100g,101.2,2.6,2.8,1.8,16.2,,93.0,63.64
404,IN_8901262152952,per_100g,54.0,7.5,0.5,0.3,4.0,,0.05,80.0
405,IN_8901030976063,per_100g,0.0,0.0,22.0,,,,0.0,72.73
406,IN_8901262040013,per_100g,234.0,5.0,5.0,3.0,42.0,,20.0,49.09
407,IN_8901262153331,per_100g,69.0,10.0,0.75,0.5,1.65,,20.0,81.82
408,IN_8906020580572,per_100g,301.72,18.0,23.0,15.37,0.0,,21.0,49.09
409,IN_8901030975530,per_100g,70.0,2.7,107.0,1.6,10.0,0.1,70000.0,49.09
410,IN_8901262010207,per_100g,724.0,1.0,80.0,48.0,0.0,,955.0,21.82
411,IN_8906036670212,per_100g,60.0,3.7,3.1,2.0,4.4,,50.0,74.55
412,IN_8906059635007,per_100g,63.5294117647059,7.64705882352941,2.23529411764706,1.41176470588235,4.70588235294118,,61.1764705882353,76.36
413,IN_8904057395503,per_100g,67.0,4.0,3.0,1.9,6.0,,50.0,72.73
414,IN_8901262152228,per_100g,90.5555555555556,3.11111111111111,3.11111111111111,1.88888888888889,12.5,,43.3333333333333,67.27
415,IN_8901262030700,per_100g,,,,,,,0.0,72.73
416,IN_8906010360085,per_100g,897.0,0.0,99.7,62.0,0.0,0.0,0.0,36.36
417,IN_8906001020196,per_100g,280.0,14.0,24.0,15.0,,,600.0,38.18
418,IN_8901262200011,per_100g,55.0,3.4,2.6,1.7,3.9,0.0,43.0,74.55
419,IN_8901063146457,per_100g,109.0,3.9,2.9,2.0,16.2,,65.19999999999999,67.27
420,IN_8901262260091,per_100g,58.0,3.0,3.0,2.0,4.7,,40.0,70.91
421,IN_8901262153607,per_100g,62.0,7.5,0.85,0.5,1.6,,32.0,80.0
422,IN_8901262202381,per_100g,53.0,3.0,3.0,2.0,3.5,,40.0,72.73
423,IN_8908023008022,per_100g,490.0,36.0,17.84,12.53,0.0,9.23,0.0,52.73
424,IN_8906056450320,per_100g,898.92,0.0,99.88,63.72,0.0,,0.0,36.36
425,IN_8901262200035,per_100g,65.0,4.0,3.1,2.0,4.6,,50.0,72.73
426,IN_8901262151726,per_100g,59.2,3.0,3.12,2.0,4.8,,42.0,70.91
427,IN_5000354908248,per_100g,,,,,,,0.0,72.73
428,IN_8901262200233,per_100g,29.0,1.5,1.5,1.04,1.8,,248.0,67.27
429,IN_8906036673602,per_100g,59.0,3.3,3.0,1.9,4.8,0.0,50.0,72.73
430,IN_0716270001660,per_100g,500.0,6.67,33.33,20.0,40.0,10.0,0.0,38.18
431,IN_8901786060504,per_100g,,,,,,,0.0,72.73
432,IN_8908012605003,per_100g,109.0,1.2,0.0,0.0,22.0,,400.0,56.36
433,IN_8901786120505,per_100g,,,,,,,0.0,72.73
434,IN_8901192000101,per_100g,0.0,0.0,0.0,0.0,0.0,0.0,38811.2,54.55
435,IN_8901786260508,per_100g,,,,,,,0.0,72.73
436,IN_8901207014642,per_100g,34.0,1.2,0.0,,4.6,,0.0,70.91
437,IN_8901030667756,per_100g,133.333333333333,1.33333333333333,0.666666666666667,0.0,29.3333333333333,0.666666666666667,960.0,41.82
438,IN_8901030653407,per_100g,,,,,,,0.0,72.73
439,IN_8902188801092,per_100g,435.01,14.12,19.33,2.86,6.89,31.07,401.0,60.0
440,IN_8939998813984,per_100g,,,,,,,0.0,72.73
441,IN_8939997630766,per_100g,,,,,,,0.0,72.73
442,IN_3258831003982,per_100g,198.0,8.0,16.0,1.0,2.0,,2438.4,50.91
443,IN_8906066200564,per_100g,,,,,,,0.0,50.0
444,IN_8939997630902,per_100g,,,,,,,0.0,50.0
445,IN_8901058101577,per_100g,139.0,1.2,0.0,0.0,30.8,,1026.09,41.82
446,IN_5411788046442,per_100g,96.0,12.0,0.0,0.0,1.7,0.9,4120.0,63.64
447,IN_6982494701059,per_100g,,,,,,,0.0,50.0
448,IN_8715700033235,per_100g,77.2,1.7,0.4,0.1,15.9,,920.0,47.27
449,IN_8901246002075,per_100g,156.0,2.0,0.0,0.0,25.0,,0.0,63.64
450,IN_8906023415017,per_100g,246.0,2.9,17.1,13.5,15.2,,0.0,43.64
451,IN_0747356051705,per_100g,,,,,,,0.0,72.73
452,IN_8906003653019,per_100g,,,,,,,0.0,72.73
453,IN_14018808,per_100g,0.0,0.0,0.0,0.0,0.0,0.0,39319.200000000004,54.55
454,IN_8901058842906,per_100g,177.0,0.6,0.0,0.0,42.1,1.3,1311.8000000000002,36.36
455,IN_8902188802099,per_100g,352.97,6.89,3.89,3.49,0.0,19.82,85.0,76.36
456,IN_8906069651349,per_100g,4.0,7.8,10.0,9.8,50.0,,0.0,38.18
457,IN_8902080000227,per_100g,28.0,0.0,0.0,0.0,6.8,,53.0,70.91
458,IN_5999884034469,per_100g,46.0,0.0,0.0,0.0,11.0,,200.0,65.45
459,IN_90162602,per_100g,45.0,0.0,0.0,0.0,11.0,,39.0,69.09
460,IN_4897036691427,per_100g,47.7142857142857,0.0,0.0,0.0,11.1428571428571,,77.1428571428571,69.09
461,IN_8902080364022,per_100g,49.0,0.0,0.0,0.0,12.3,0.0,8.0,69.09
462,IN_4897036692455,per_100g,2.57142857142857,0.0,0.0,,0.0,,78.8571428571429,72.73
463,IN_8902346050560,per_100g,360.0,0.0,0.0,,90.0,,950.0,18.18
464,IN_8901764048319,per_100g,30.0,0.0,0.0,,7.3,,8.6,70.91
465,IN_8901542016226,per_100g,360.0,0.0,0.0,0.0,0.0,,0.0,65.45
466,IN_8902346050133,per_100g,33.0,0.0,0.0,,8.27,,71.0,70.91
467,IN_8902080002337,per_100g,0.8,0.0,0.0,0.0,,,36.8,72.73
468,IN_8906098120601,per_100g,46.8,0.0,0.0,,11.7,,0.0,69.09
469,IN_8901542001703,per_100g,360.0,0.0,0.0,0.0,0.0,,0.0,65.45
470,IN_00001291,per_100g,352.0,5.0,0.0,0.0,61.0,,100.0,45.45
471,IN_90415470,per_100g,7.0,7.0,2.0,4.0,2.0,5.0,3200.0,58.18
472,IN_90448249,per_100g,45.0,0.0,0.0,,11.0,,35.0,69.09
473,IN_8903754313056,per_100g,30.5555555555556,0.0,0.0,,7.61111111111111,,37.7777777777778,70.91
474,IN_8908001658041,per_100g,42.0,0.5,0.0,,10.0,,5.0,69.09
475,IN_8908001658386,per_100g,48.0,0.0,0.0,0.0,11.0,0.0,0.0,69.09
476,IN_8902246015942,per_100g,42.0,0.1,0.1,,10.1,,88.0,69.09
477,IN_8939115680314,per_100g,46.0,0.0,0.0,,10.9,,0.0,69.09
478,IN_8901542008931,per_100g,368.0,0.0,0.0,0.0,45.0,0.0,0.0,56.36
479,IN_5056784900093,per_100g,27.4856596515,0.0,0.0,0.0,6.0,0.0,75.0,70.91
480,IN_8901138008116,per_100g,31.0,0.0,0.0,,7.6,,117.0,69.09
481,IN_8901012350041,per_100g,50.0,0.0,0.0,0.0,12.0,,117.0,67.27
482,IN_8901207017056,per_100g,360.0,0.0,0.0,0.0,90.0,,15.0,47.27
483,IN_8909106024564,per_100g,377.0,11.0,2.0,1.2,46.0,0.0,0.0,45.45
484,IN_5061013949910,per_100g,3.0,,,,,,80.0,72.73
485,IN_8908013140619,per_100g,45.0,0.0,0.0,0.0,11.0,,58.0,69.09
486,IN_8901542000553,per_100g,368.0,0.0,0.0,0.0,92.0,,71.0,47.27
487,IN_8908000589063,per_100g,48.31,0.3,0.0,,12.0,,6.0,69.09
488,IN_8902246014273,per_100g,39.0,0.0,0.0,0.0,9.0,,0.0,70.91
489,IN_8902346050379,per_100g,,,,,,,0.0,72.73
490,IN_8934588232114,per_100g,78.1875,0.0,0.0,0.0,19.53125,0.0,31.8125,65.45
491,IN_8902080495023,per_100g,28.0,0.0,0.0,0.0,6.8,,41.0,70.91
492,IN_4897036695678,per_100g,36.0,0.0,0.0,0.0,8.85714285714286,,14.5714285714286,70.91
493,IN_8906097590788,per_100g,102.22,0.36,0.38,0.1,5.39,,44.5,69.09
494,IN_8902080100491,per_100g,28.0,0.0,0.0,0.0,6.8,0.0,24.0,70.91
495,IN_8902080100415,per_100g,28.0,0.0,0.0,,6.8,,38.0,70.91
496,IN_0946590641530,per_100g,50.0,0.0,0.0,0.0,12.5,0.0,40.0,69.09
497,IN_8901030831690,per_100g,285.0,0.3,0.1,,68.1,0.8,51.0,49.09
498,IN_8904327600924,per_100g,637.0,23.0,50.0,12.0,12.0,9.0,54.4,47.27
499,IN_8901030922787,per_100g,285.3,0.3,0.1,0.0,68.1,0.7,51.0,49.09
500,IN_8901207025365,per_100g,320.0,0.0,0.0,0.0,80.0,,17.0,47.27
501,IN_8901595863280,per_100g,176.0,2.2,6.66667,2.0,8.0,0.0,1972.0,47.27
502,IN_8901030831706,per_100g,285.0,0.3,0.1,0.0,68.1,0.8,51.0,49.09
503,IN_8901207005527,per_100g,320.0,0.0,0.0,0.0,80.0,,17.0,49.09
504,IN_8901595863013,per_100g,176.0,2.2,11.2,3.8,8.0,,2260.0,43.64
505,IN_8904327600405,per_100g,625.0,26.0,50.0,10.0,10.0,,350.0,34.55
506,IN_8904327600948,per_100g,634.6,23.7,48.1,14.3,8.0,9.0,109.10000000000001,47.27
507,IN_8901207025372,per_100g,320.0,0.0,0.0,0.0,80.0,,17.272,49.09
508,IN_8901030980053,per_100g,612.0,25.7,49.5,9.3,10.1,8.6,253.0,43.64
509,IN_8908010900070,per_100g,639.0,30.0,49.0,7.0,3.0,9.0,19.0,58.18
510,IN_8904320015404,per_100g,612.5,26.0,49.0,9.0,9.0,4.2,132.5,49.09
511,IN_8906127550010,per_100g,625.0,30.0,49.0,12.0,3.0,6.0,25.0,50.91
512,IN_8901512144805,per_100g,619.0,26.0,48.0,11.5,9.2,4.0,142.0,43.64
513,IN_8906002006243,per_100g,,,,,,,0.0,72.73
514,IN_8901207005374,per_100g,320.0,0.0,0.0,0.0,80.0,0.0,68.0,49.09
515,IN_8901071701372,per_100g,10.0,50.0,2.0,25.0,250.0,2.0,800.0,25.45
516,IN_8906069401210,per_100g,630.78,26.35,50.02,3.41,7.89,,365.91,45.45
517,IN_8906029450548,per_100g,304.92,0.5,0.02,,69.13,,165.11999999999998,47.27
518,IN_8908010900063,per_100g,639.0,30.0,49.0,7.0,3.0,9.0,19.0,56.36
519,IN_8901207026553,per_100g,,,,,,,0.0,72.73
520,IN_8908010900162,per_100g,605.0,26.0,44.6,9.0,9.0,7.2,280.0,47.27
521,IN_8906002006236,per_100g,642.0,26.3,51.0,10.4,7.5,,0.0,38.18
522,IN_8906006720329,per_100g,,,,,,,0.0,72.73
523,IN_8901088882583,per_100g,,,,,,,0.0,72.73
524,IN_8901088069120,per_100g,325.0,0.25,0.0,0.0,81.0,,13.0,47.27
525,IN_8904320015398,per_100g,612.5,25.0,49.0,9.0,9.0,4.1875,132.5,49.09
526,IN_8901030944376,per_100g,,,,,,,0.0,72.73
527,IN_8904327600887,per_100g,634.6875,26.875,48.125,14.375,8.125,9.0625,109.0625,45.45
528,IN_8901088069106,per_100g,,,,,,,0.0,72.73
529,IN_8906069401388,per_100g,638.0,26.0,50.0,10.0,9.0,,400.0,34.55
530,IN_8908010900247,per_100g,583.0,30.0,38.0,7.0,15.5,6.2,14.0,52.73
531,IN_8908010900216,per_100g,580.0,18.6,40.0,11.0,19.0,5.2,15.0,43.64
532,IN_8908010900971,per_100g,583.0,30.0,38.0,7.0,15.5,6.2,14.0,52.73
533,IN_8904327600351,per_100g,627.8125,28.125,49.375,13.75,8.125,8.4375,434.375,41.82
534,IN_8904327600436,per_100g,640.0,22.0,52.0,13.0,,,0.0,41.82
535,IN_8904327600894,per_100g,632.0,21.0,49.0,12.0,10.0,8.0,176.0,43.64
536,IN_8904327600955,per_100g,200.7,8.4,15.4,4.3,2.7,,48.300000000000004,70.91
537,IN_8904327601969,per_100g,637.5,25.0,50.0,12.5,6.25,6.25,68.75,47.27
538,IN_8901512881205,per_100g,610.0,27.9,49.0,11.0,9.8,11.0,182.0,43.64
539,IN_8906143890053,per_100g,651.428571428571,25.1428571428571,53.4285714285714,5.14285714285714,3.42857142857143,8.57142857142857,26.0,58.18
540,IN_8904422700826,per_100g,320.0,0.0,0.0,,80.0,,20.0,49.09
541,IN_8908010900049,per_100g,639.0,30.0,49.0,7.0,3.0,9.0,19.0,56.36
542,IN_8904327600399,per_100g,625.0,26.0,50.0,10.0,10.0,5.0,350.0,43.64
543,IN_8901088069083,per_100g,325.0,0.25,0.0,0.0,81.0,,13.0,47.27
544,IN_8908010900209,per_100g,580.0,18.6,40.0,11.0,19.0,5.2,0.0,43.64
545,IN_8908010900223,per_100g,580.0,18.6,40.0,11.0,19.0,5.2,15.0,43.64
546,IN_8904320075446,per_100g,635.0,23.0,50.0,11.0,7.0,6.4,170.0,45.45
547,IN_8904109449222,per_100g,320.0,0.0,0.0,0.0,80.0,,80.0,47.27
548,IN_8901512144706,per_100g,647.0,26.8,55.0,14.8,11.7,7.8,215.0,41.82
549,IN_8906143890107,per_100g,590.285714285714,17.7142857142857,39.1428571428571,5.71428571428571,14.0,10.0,104.0,52.73
550,IN_8904327600931,per_100g,615.625,25.0,46.875,9.375,9.375,6.25,346.875,43.64
551,IN_8901088081313,per_100g,,,,,,,0.0,50.0
552,IN_8901088081344,per_100g,629.0,24.3,50.9,11.2,13.9,6.0,0.0,45.45
553,IN_8901030959776,per_100g,,,,,,,0.0,72.73
554,IN_8901248749039,per_100g,320.0,0.0,0.0,0.0,80.0,,18.0,49.09
555,IN_8901207045370,per_100g,,,,,,,0.0,72.73
556,IN_8908010900995,per_100g,584.375,30.0,38.125,6.875,15.625,6.25,14.0625,52.73
557,IN_8904327600382,per_100g,625.0,25.0,50.0,9.375,9.375,6.25,350.0,43.64
558,IN_8901044200284,per_100g,265.0,0.1,0.0,0.0,67.0,0.0,0.0,49.09
559,IN_8906002007455,per_100g,120.0,26.3,51.0,10.4,6.0,,0.0,40.0
560,IN_8901248749527,per_100g,,,,,,,0.0,72.73
561,IN_8906127550003,per_100g,625.0,30.0,49.0,12.0,3.0,6.0,25.0,50.91
562,IN_8901220600686,per_100g,,,,,,,0.0,72.73
563,IN_3017620425035,per_100g,539.0,6.3,30.9,10.6,56.3,,42.8,25.45
564,IN_8906002008537,per_100g,641.5,26.3,51.0,10.4,7.5,,323.90000000000003,32.73
565,IN_8904109449239,per_100g,320.0,0.0,0.0,0.0,80.0,0.0,20.0,54.55
566,IN_8904327600450,per_100g,625.0,26.0,50.0,10.0,10.0,5.0,350.0,43.64
567,IN_8901262030151,per_100g,897.0,0.0,99.7,63.0,0.0,,0.0,36.36
568,IN_8904083301813,per_100g,898.2,0.0,99.8,68.0,0.0,,6.0,36.36
569,IN_8901542002090,per_100g,897.0,0.0,99.7,65.0,0.0,,0.0,36.36
570,IN_8908009059291,per_100g,239.7,13.4,1.34285714285714,0.157142857142857,4.11428571428571,6.38571428571429,331.428571428571,80.0
571,IN_8901063325463,per_100g,432.0,9.2,8.0,3.7,20.3,,213.4,47.27
572,IN_8901808000020,per_100g,183.0,0.1,0.0,0.0,0.0,0.0,40.0,69.09
573,IN_8908002507409,per_100g,410.0,10.0,5.0,5.0,24.0,12.81,1054.0,38.18
574,IN_8908019552096,per_100g,,,,,,,0.0,72.73
575,IN_8907003513990,per_100g,518.0,,,,,,0.0,61.82
576,IN_8904043553542,per_100g,320.0,8.3,6.4,5.6,18.0,0.0,0.0,50.91
577,IN_8900017562619,per_100g,276.0,10.01,1.25,,10.1,,0.0,72.73
578,IN_8904092498023,per_100g,337.0,8.0,5.0,2.0,1.5,2.0,633.0,54.55
579,IN_8908007499648,per_100g,545.0,6.9,32.0,6.0,,1.0,0.0,54.55
580,IN_8904043551548,per_100g,264.444444444444,8.78,2.73,1.33,3.67,6.4,389.7,76.36
581,IN_8904043552644,per_100g,254.0,7.9,2.1,1.37,6.72,,467.0,61.82
582,IN_8901063338593,per_100g,245.0,8.3,2.0,0.6,1.5,4.4,478.6,74.55
583,IN_8908009059185,per_100g,241.4,13.41,1.32,0.2,4.1,6.31,340.96,80.0
584,IN_8906029110022,per_100g,235.812672176309,5.50964187327824,0.550964187327824,0.303030303030303,1.65289256198347,,469.421487603306,65.45
585,IN_8904043554716,per_100g,356.7,6.9,11.93,7.56,24.58,3.84,235.2,47.27
586,IN_8901063325036,per_100g,432.0,9.2,8.0,3.7,20.8,,213.0,47.27
587,IN_8904043551579,per_100g,266.0,10.3,4.75,0.7,3.35,9.3,0.0,85.45
588,IN_8906001387114,per_100g,310.55,11.21,3.09,1.1,4.74,10.27,435.0,74.55
589,IN_8901063341500,per_100g,250.0,7.4,1.2,,,,0.0,74.55
590,IN_8901063325760,per_100g,,,,,,,0.0,72.73
591,IN_8906001388609,per_100g,265.75,9.45,0.928571428571429,,,7.92857142857143,0.0,85.45
592,IN_8906007610124,per_100g,264.12,,,,,,0.0,67.27
593,IN_8908009059178,per_100g,238.17,12.91,1.53,0.22,4.41,7.37,365.91,78.18
594,IN_8908009059154,per_100g,241.49,13.47,1.33,0.14,4.13,6.31,347.12,80.0
595,IN_8904043551555,per_100g,243.06,9.9,2.34,1.06,4.38,8.4,495.59999999999997,74.55
596,IN_8904043551586,per_100g,244.13,7.78,2.68,1.31,3.77,5.38,407.22999999999996,74.55
597,IN_8901063343450,per_100g,248.0,7.9,1.5,0.4,1.9,3.0,562.0,69.09
598,IN_8904004411003,per_100g,418.0,7.16,6.93,3.05,16.3,0.78,384.6,45.45
599,IN_8906076132640,per_100g,253.0,10.0,2.0,0.3,11.0,10.0,425.0,74.55
600,IN_8903553002458,per_100g,,23.0,,,1.4,,1768000.0,52.73
601,IN_8901063338555,per_100g,245.0,8.3,2.0,0.6,1.5,4.4,0.0,83.64
602,IN_8906001381143,per_100g,281.0,10.59,2.03,0.47,5.61,9.97,474.0,74.55
603,IN_8908001032049,per_100g,242.0,6.0,2.0,0.8,20.0,,510.0,50.91
604,IN_8906020460676,per_100g,247.0,10.0,2.27,,4.0,6.38,0.0,85.45
605,IN_8906020460027,per_100g,227.0,6.57,0.52,0.1,3.0,2.9,497.0,72.73
606,IN_8901063344129,per_100g,245.0,8.3,2.0,0.6,1.5,4.4,478.6,74.55
607,IN_8904043551494,per_100g,285.0,6.8,3.6,2.3,10.2,0.0,307.0,61.82
608,IN_8901063342354,per_100g,250.3,7.2,1.3,0.2,2.6,,446.5,67.27
609,IN_8904043551524,per_100g,,,,,,,0.0,72.73
610,IN_8908009059307,per_100g,252.4,11.58,3.16,0.54,9.26,6.14,254.80000000000004,78.18
611,IN_8906031251225,per_100g,,,,,,,0.0,72.73
612,IN_8906007612913,per_100g,,,,,,,0.0,72.73
613,IN_8902027006169,per_100g,248.41,10.2,2.49,1.07,4.91,6.35,501.70000000000005,72.73
614,IN_8901063338623,per_100g,260.0,9.0,4.0,0.5,1.5,7.0,0.0,85.45
615,IN_8901063342934,per_100g,245.0,8.3,2.0,,,,0.0,76.36
616,IN_8906020580138,per_100g,256.0,8.0,4.0,2.0,1.43,3.0,270.0,74.55
617,IN_8908009059246,per_100g,242.0,15.24,1.68,0.22,3.34,4.88,356.38,80.0
618,IN_0760412594770,per_100g,,12.0,7.2,0.19,26.0,2.5,2800.0,49.09
619,IN_8901063341852,per_100g,279.0,6.9,1.8,0.7,,,242.0,70.91
620,IN_8901063325784,per_100g,432.0,9.0,8.0,3.7,21.0,,213.4,47.27
621,IN_8906020460010,per_100g,244.76,7.57,0.96,0.19,4.04,2.0,504.84,69.09
622,IN_8901063342910,per_100g,246.0,7.3,1.5,0.2,2.1,2.9,547.2,69.09
623,IN_8906001387039,per_100g,282.0,10.77,2.23,1.09,6.21,5.28,0.0,81.82
624,IN_8901063343276,per_100g,504.0,19.2,8.6,2.0,2.8,13.0,339.2,72.73
625,IN_8906029110060,per_100g,248.4,12.7,0.7,0.2,,7.98,0.0,85.45
626,IN_8904474000189,per_100g,,,,,,,0.0,72.73
627,IN_8908009059208,per_100g,246.03,12.28,1.43,0.17,3.65,7.3,353.68,80.0
628,IN_8906020461116,per_100g,317.26,7.02,7.7,4.06,20.28,3.2,357560.0,38.18
629,IN_8906076131698,per_100g,251.0,10.0,2.0,,,10.0,0.0,85.45
630,IN_8906076131223,per_100g,397.78,12.3,3.46,0.44,4.63,3.4,459.9,58.18
631,IN_8908002735321,per_100g,283.86,12.15,2.18,0.4,5.31,2.0,498.3,69.09
632,IN_8906117360032,per_100g,280.7,8.2,2.9,1.1,7.2,6.1,415.9,74.55
633,IN_8904067701387,per_100g,410.0,19.0,6.0,1.0,3.0,12.0,0.0,81.82
634,IN_8908002735055,per_100g,252.0,7.6,1.5,0.5,20.5,,0.0,67.27
635,IN_8906149280650,per_100g,,,,,,,0.0,72.73
636,IN_8904474000332,per_100g,306.0,10.2,5.31,0.74,4.2,6.4,524.0,76.36
637,IN_8901063338838,per_100g,246.0,7.6,0.0,,,,0.0,74.55
638,IN_8904043500072,per_100g,272.0,7.4,2.05,1.4,12.58,,395.0,61.82
639,IN_8906029605344,per_100g,270.0,11.39,1.66,1.2,0.3,,588.0,63.64
640,IN_8906020460683,per_100g,251.0,9.3,1.19,0.42,3.6,6.4,480.0,76.36
641,IN_8904043553054,per_100g,272.0,7.4,2.05,1.4,,,0.0,72.73
642,IN_8908001588560,per_100g,276.060606060606,8.48484848484848,4.24242424242424,1.21212121212121,0.0,19.0909090909091,650.0,61.82
643,IN_8901063338494,per_100g,,,,,,,0.0,72.73
644,IN_8908001032117,per_100g,249.22,14.42,1.1,0.32,4.18,6.68,320520.0,58.18
645,IN_8908001032124,per_100g,260.0,9.0,4.0,0.5,2.0,7.0,0.0,85.45
646,IN_8908002105117,per_100g,276.0,9.43,3.5,2.1,4.8,,0.0,70.91
647,IN_8904244300341,per_100g,,,,,,,0.0,72.73
648,IN_8904043551609,per_100g,255.0,7.3,1.49,0.78,11.61,1.8,369.40000000000003,65.45
649,IN_8901063325609,per_100g,433.0,9.0,8.3,3.9,23.0,0.0,222.0,45.45
650,IN_8906007702263,per_100g,307.0,9.69,5.33,2.53,4.16,2.73,112.0,74.55
651,IN_8901030535895,per_100g,,,,,,,0.0,72.73
652,IN_89009758,per_100g,,,,,,,0.0,72.73
653,IN_89009949,per_100g,600.0,100.0,,,,,0.0,69.09
654,IN_8901262151306,per_100g,110.0,3.5,5.0,3.05,12.0,0.5,57.5,65.45
655,IN_89080528,per_100g,56.0,2.2,1.5,1.3,6.7,0.0,0.0,70.91
656,IN_8901030904561,per_100g,,,,,,,0.0,72.73
657,IN_8901036162514,per_100g,,,,,,,0.0,72.73
658,IN_8901058898330,per_100g,69.0,3.2,1.6,1.3,8.1,0.0,82.69999999999999,70.91
659,IN_89008669,per_100g,,,,,,,0.0,72.73
660,IN_8901058867015,per_100g,,,,,,,0.0,72.73
661,IN_89080306,per_100g,,,,,,,0.0,72.73
662,IN_8904132946972,per_100g,,,,,,,0.0,72.73
663,IN_8901090328802,per_100g,,,,,,,0.0,72.73
664,IN_89006740,per_100g,,,,,,,0.0,72.73
665,IN_8906144490498,per_100g,,,,,,,0.0,72.73
666,IN_8901036163351,per_100g,,,,,,,0.0,72.73
667,IN_8909106013919,per_100g,,,,,,,0.0,50.0
668,IN_8906088701667,per_100g,17.0,10.0,0.0,0.0,0.0,0.0,0.0,78.18
669,IN_8904384814005,per_100g,,,,,,,0.0,72.73
670,IN_89080047,per_100g,,,,,,,0.0,72.73
671,IN_8901090326051,per_100g,,,,,,,0.0,72.73
672,IN_89006733,per_100g,,,,,,,0.0,72.73
673,IN_8909106009622,per_100g,,,,,,,0.0,50.0
674,IN_8906031933602,per_100g,,,,,,,0.0,72.73
675,IN_8901090328574,per_100g,,,,,,,0.0,72.73
676,IN_8901036173435,per_100g,,,,,,,0.0,72.73
677,IN_8801037006391,per_100g,416.66666666667,0.0,13.333333333333,13.333333333333,50.0,,83.33333333333199,27.27
678,IN_5050001665833,per_100g,354.0,21.0,0.0,,,,0.0,74.55
679,IN_8909106066410,per_100g,412.0,,5.4,,78.2,,239.2,41.82
680,IN_8901030733994,per_100g,,,,,,,0.0,50.0
681,IN_8906031934968,per_100g,,,,,,,0.0,72.73
682,IN_8906161170397,per_100g,,,,,,,0.0,72.73
683,IN_8901030625381,per_100g,,0.2,0.0,0.0,0.0,0.0,0.0,72.73
684,IN_8904293723153,per_100g,,,,,,,0.0,72.73
685,IN_8901030974618,per_100g,,,,,,,0.0,72.73
686,IN_8908002359107,per_100g,360.0,0.1,17.0,,,,0.0,65.45
687,IN_96831434,per_100g,92.3,0.79,3.0,3.0,11.6,1.5,63.90800000000001,65.45
688,IN_8906002770175,per_100g,92.0,3.4,2.8,2.1,9.0,,0.0,69.09
689,IN_8906020580916,per_100g,28.4,1.1,0.0,0.0,0.0,0.8,0.0,72.73
690,IN_8901725006402,per_100g,388.0,4.7,0.0,,62.8,,110.8,45.45
691,IN_8908011648414,per_100g,402.0,10.7,4.4,2.25,52.72,0.0,238.4,38.18
692,IN_8906144490474,per_100g,,,,,,,0.0,72.73
693,IN_4988563400498,per_100g,,,,,,,0.0,72.73
694,IN_8901030986888,per_100g,,,,,,,0.0,72.73
695,IN_8901058904192,per_100g,,,,,,,0.0,72.73
696,IN_8901058904321,per_100g,,,,,,,0.0,72.73
697,IN_5059603179281,per_100g,375.0,16.0,2.0,,,,0.0,74.55
698,IN_8998666003027,per_100g,434.0,5.6,9.7,9.6,62.0,,80.8,29.09
699,IN_8904293731158,per_100g,,,,,,,0.0,72.73
700,IN_8901058016055,per_100g,,,,,,,0.0,72.73
701,IN_8906150346598,per_100g,,,,,,,0.0,50.0
702,IN_3265490008012,per_100g,416.0,13.0,40.0,15.0,0.5,,720.0,32.73
703,IN_8901030717253,per_100g,,,,,,,0.0,50.0
704,IN_4260302890082,per_100g,,,,,,,0.0,72.73
705,IN_8901058895322,per_100g,,,,,,,0.0,50.0
706,IN_2000000133525,per_100g,,,,,,,0.0,50.0
707,IN_8908014388034,per_100g,23.5,1.17,0.1,0.0,0.0,0.0,0.0,72.73
708,IN_8904132917552,per_100g,,,,,,,0.0,72.73
709,IN_8901036393185,per_100g,,,,,,,0.0,72.73
710,IN_8906031932674,per_100g,,,,,,,0.0,72.73
711,IN_89080153,per_100g,166.0,4.2,2.9,,,,10916.0,50.91
712,IN_8901725123123,per_100g,0.0,0.0,0.0,0.0,0.0,0.0,15640.0,54.55
713,IN_0846203004885,per_100g,544.0,9.0,36.0,8.0,9.0,5.0,813.0,38.18
714,IN_89080672,per_100g,,,,,,,0.0,72.73
715,IN_8904004400014,per_100g,600.0,12.9411764705882,43.5294117647059,11.5294117647059,0.0,4.82352941176471,771.0,36.36
716,IN_8906066202476,per_100g,238.0,7.0,6.0,1.0,26.0,,0.0,65.45
717,IN_0840222000149,per_100g,348.0,10.14,1.6,0.0,0.0,,20.0,74.55
718,IN_8901786061006,per_100g,338.0,5.0,3.4,0.4,6.2,,20000.0,45.45
719,IN_8901786411009,per_100g,20.0,1.0,1.0,,,,0.0,72.73
720,IN_8903363002181,per_100g,333.4,26.2,5.8,0.77,0.55,,40.2,74.55
721,IN_8901786161003,per_100g,400.0,18.0,12.0,2.0,0.6,,2400.0,45.45
722,IN_8901662025061,per_100g,202.0,4.9,3.5,0.4,9.0,,16480.0,49.09
723,IN_8903363002693,per_100g,433.73,17.86,16.61,0.62,0.0,,0.0,72.73
724,IN_8904004400069,per_100g,592.0,12.93,43.5,11.5,0.0,,308.40000000000003,36.36
725,IN_8901192114006,per_100g,381.31,11.12,6.27,,1.66,,0.0,74.55
726,IN_8901725125141,per_100g,,,,,,,0.0,72.73
727,IN_8902901222517,per_100g,,,,,,,0.0,50.0
728,IN_8906190331516,per_100g,,,,,,,0.0,72.73
729,IN_8906021121156,per_100g,378.3,13.0,13.1,1.3,2.2,,2040.0,45.45
730,IN_8901725125349,per_100g,,,,,,,0.0,72.73
731,IN_8906066206115,per_100g,268.0,7.8,3.2,0.9,21.5,,14163.4,41.82
732,IN_8904109465826,per_100g,,,,,,,0.0,50.0
733,IN_8906030992099,per_100g,32.0,1.4,1.7,,0.1,3.2,30.4,78.18
734,IN_8906021123105,per_100g,,,,,,,0.0,72.73
735,IN_8902901231373,per_100g,,,,,,,0.0,72.73
736,IN_8904209304087,per_100g,,,,,,,0.0,72.73
737,IN_8903023005903,per_100g,,,,,,,0.0,72.73
738,IN_8906021120449,per_100g,,,,,,,0.0,72.73
739,IN_8906033531394,per_100g,394.4,17.7,9.0,2.2,,,358.70000000000005,65.45
740,IN_8906021120678,per_100g,,,,,,,0.0,72.73
741,IN_3948537078321,per_100g,,,,,,,0.0,72.73
742,IN_0000101403187,per_100g,,,,,,,0.0,72.73
743,IN_8901786380503,per_100g,,,,,,,0.0,72.73
744,IN_8902901222777,per_100g,,,,,,,0.0,50.0
745,IN_8908001105446,per_100g,247.0,3.99,1.24,0.35,0.0,,10.0,70.91
746,IN_8906056740025,per_100g,148.0,6.0,4.0,0.3,,,55.0,76.36
747,IN_8906021121859,per_100g,439.3,17.0,16.5,11.0,1.0,,55.5,45.45
748,IN_8904238400187,per_100g,190.0,12.0,40.0,,,,0.0,70.91
749,IN_8906001052005,per_100g,374.0,8.9,11.7,2.8,31.1,,3060.0,32.73
750,IN_8901042968711,per_100g,,,,,,,0.0,72.73
751,IN_8908001105231,per_100g,318.0,12.0,17.3,3.26,10.3,,30.0,67.27
752,IN_8904209302137,per_100g,,,,,,,0.0,50.0
753,IN_8906021122436,per_100g,,,,,,,0.0,72.73
754,IN_8902901222227,per_100g,246.0,15.9,6.2,1.1,0.7,,0.0,74.55
755,IN_8901662037828,per_100g,480.0,13.7,27.5,12.2,3.9,1.6,2230.0,27.27
756,IN_8902167000317,per_100g,304.0,11.5,6.8,0.0,0.0,,0.0,76.36
757,IN_8901440013099,per_100g,,,,,,,0.0,72.73
758,IN_8903023006047,per_100g,,,,,,,0.0,72.73
759,IN_8901440023166,per_100g,,,,,,,0.0,50.0
760,IN_8904209322067,per_100g,,,,,,,0.0,72.73
761,IN_9825809935039,per_100g,184.0,7.5,4.8,,0.0,,0.0,76.36
762,IN_8903023281727,per_100g,,,,,,,0.0,50.0
763,IN_8902901222654,per_100g,,,,,,,0.0,72.73
764,IN_8901725125370,per_100g,,,,,,,0.0,72.73
765,IN_8906044920231,per_100g,,,,,,,0.0,72.73
766,IN_8903023003466,per_100g,,,,,,,0.0,72.73
767,IN_8906108302478,per_100g,,,,,,,0.0,72.73
768,IN_8836473163230,per_100g,255.4,7.1,2.7,0.9,25.9,,13465.199999999999,40.0
769,IN_8904012501017,per_100g,369.0,8.7,1.8,0.2,0.6,,40.2,74.55
770,IN_8904043927428,per_100g,248.0,6.4,4.9,0.9,9.3,,10189.0,45.45
771,IN_8902901065824,per_100g,,,,,,,0.0,72.73
772,IN_8901537074354,per_100g,350.0,9.7,2.5,0.0,0.0,,0.0,74.55
773,IN_8904043902326,per_100g,722.0,12.0,2.6,,0.1,15.2,10200.0,47.27
774,IN_0690225101103,per_100g,344.0,6.7,0.5,,,0.0014,105.0,70.91
775,IN_8901537074934,per_100g,358.488888888889,8.33333333333333,0.511111111111111,0.0,0.0,3.02222222222222,0.0,80.0
776,IN_8901537007123,per_100g,359.377777777778,8.48888888888889,0.577777777777778,0.177777777777778,0.0,1.71111111111111,1.7111111111111101,76.36
777,IN_8901537074231,per_100g,350.0,8.8,0.47,0.1,0.0,1.6,1.7,76.36
778,IN_0690225101134,per_100g,354.0,9.0,0.45,,0.0,,0.5,74.55
779,IN_8906008812817,per_100g,361.3,7.4,1.6,0.7,0.5,4.3,0.9,80.0
780,IN_8904083504870,per_100g,378.0,8.0,1.7,0.0,0.0,2.7,100.0,74.55
781,IN_8901537007116,per_100g,384.0,8.2,0.5,0.1,0.0,1.9,0.75,76.36
782,IN_0690225309134,per_100g,344.0,6.7,0.5,,,,0.0,72.73
783,IN_8905532000400,per_100g,375.0,9.0,0.4,,,1.0,0.0,76.36
784,IN_8906008811766,per_100g,356.0,12.0,4.0,1.0,1.0,,0.0,74.55
785,IN_8939997880796,per_100g,350.0,10.04,0.44,,,0.88,0.0,74.55
786,IN_8904293725041,per_100g,,,,,,,0.0,50.0
787,IN_8901537078314,per_100g,,,,,,,0.0,72.73
788,IN_8906012230119,per_100g,356.7,8.05,0.94,,,8.05,0.0,83.64
789,IN_8904043902319,per_100g,354.0,7.0,1.4,0.3,0.5,6.0,4.8999999999999995,81.82
790,IN_8901047001055,per_100g,354.0,8.0,0.6,0.0,0.0,,0.0,72.73
791,IN_8906084410617,per_100g,387.35632183908,9.19540229885057,13.7931034482759,2.29885057471264,4.59770114942529,5.74712643678161,1991.95402298851,50.91
792,IN_8904049650580,per_100g,349.0,8.0,0.5,0.100000001490116,,1.5,0.0,74.55
793,IN_8901537076679,per_100g,126.206896551724,3.3448275862069,0.862068965517241,,,0.827586206896552,0.0,74.55
794,IN_2000000146048,per_100g,,,,,,,0.0,72.73
795,IN_0690225106948,per_100g,,,,,,,0.0,72.73
796,IN_8904064622517,per_100g,,,,,,,0.0,50.0
797,IN_0690225101127,per_100g,345.0,9.0,0.45,,,,0.0,74.55
798,IN_8906117001775,per_100g,350.0,6.0,0.4,,0.0,2.4,0.0,74.55
799,IN_8908022656071,per_100g,345.0,8.5,0.0,0.0,,2.4,2.0,78.18
800,IN_0690225103633,per_100g,355.0,9.0,0.9,0.9,0.9,,0.0,74.55
801,IN_8901537021631,per_100g,,,,,,,0.0,72.73
802,IN_8908011819005,per_100g,346.0,6.4,0.0004,,,2.3,0.0,74.55
803,IN_8906007289238,per_100g,,,,,,,0.0,72.73
804,IN_8904132969995,per_100g,,,,,,,0.0,72.73
805,IN_8908005088660,per_100g,,,,,,,0.0,72.73
806,IN_8904132942660,per_100g,,,,,,,0.0,72.73
807,IN_8908015382277,per_100g,,,,,,,0.0,72.73
808,IN_2064659000055,per_100g,371.333333333333,17.0,4.0,0.8,,,0.0,74.55
809,IN_8906167244542,per_100g,,,,,,,0.0,72.73
810,IN_0690225106467,per_100g,,,,,,,0.0,72.73
811,IN_7611131150002,per_100g,352.0,8.0,0.0,0.0,0.2,3.0,3.0,78.18
812,IN_8903553601613,per_100g,200.0,3.39,11.3,3.19,3.26,,4358.86,45.45
813,IN_8904071700031,per_100g,160.0,1.0,11.0,5.0,0.0,1.0,85.0,65.45
814,IN_8903241110038,per_100g,200.0,3.33333333333333,14.6666666666667,4.33333333333333,2.0,,4770.0,43.64
815,IN_8903241110076,per_100g,138.0,3.3,3.2,1.0,3.6,,1815.0,52.73
816,IN_8903553601460,per_100g,200.0,3.39,11.3,3.19,3.26,,0.0,67.27
817,IN_8903553601491,per_100g,209.0,3.3,11.1,3.7,3.6,,4552.0,45.45
818,IN_8901095000451,per_100g,185.0,3.31,11.71,1.92,5.72,,3700.0,47.27
819,IN_8901246003614,per_100g,137.0,0.5,13.0,2.3,0.0,3.0,720.0,60.0
820,IN_8906001050742,per_100g,140.0,2.0,9.33333333333333,2.0,5.33333333333333,0.0,0.0,69.09
821,IN_8904246910333,per_100g,205.0,3.06,14.87,2.51,8.92,,5440.0,45.45
822,IN_8906001050865,per_100g,,,,,,,0.0,72.73
823,IN_8904053502493,per_100g,278.57,10.63,12.33,1.3,,,0.0,74.55
824,IN_8904296903101,per_100g,146.77,1.88,11.77,3.08,1.6,,4155.1900000000005,47.27
825,IN_8904264000627,per_100g,130.0,3.0,19.0,3.7,,,0.0,67.27
826,IN_8903241110984,per_100g,249.0,4.3,16.4,5.8,2.4,,1886.0,40.0
827,IN_8901560141436,per_100g,150.0,1.4,12.3,3.1,3.5,1.8,4636.0,49.09
828,IN_8906147170700,per_100g,,,,,,,0.0,72.73
829,IN_8901560000436,per_100g,150.0,1.4,12.3,3.1,3.5,1.8,4636.0,49.09
830,IN_8905507003146,per_100g,100.0,2.0,7.0,0.5,1.0,,4801.0,52.73
831,IN_8904246910012,per_100g,209.0,1.7,17.1,3.2,2.6,,5130.0,45.45
832,IN_8906021129961,per_100g,136.8,2.7,8.8,2.8,1.4,0.0,5263.0,49.09
833,IN_8904293721692,per_100g,91.97,1.73,2.87,1.39,5.62,,593.36,58.18
834,IN_8901483002395,per_100g,5.01,0.21,0.02,0.0,,,0.0,72.73
835,IN_8906001050711,per_100g,142.0,2.0,9.3,2.0,5.3,,4730.0,49.09
836,IN_8901042955094,per_100g,109.0,1.7,7.7,1.2,1.7,,5044.0,50.91
837,IN_8906021129992,per_100g,199.0,1.9,11.6,2.9,1.9,,4340.0,47.27
838,IN_8906132640591,per_100g,168.0,5.0,8.0,,,,0.0,74.55
839,IN_8905507001050,per_100g,250.0,7.0,21.0,3.0,0.5,,3322.0,45.45
840,IN_8906003656423,per_100g,298.0,2.8,16.0,3.2,,,0.0,63.64
841,IN_0630456848415,per_100g,331.9,7.89,26.55,,,,0.0,72.73
842,IN_0846597026029,per_100g,120.0,2.4,6.0,0.7,0.0,,0.0,72.73
843,IN_8904103032017,per_100g,0.0,0.4,2.4,0.3,1.5,0.7,35.0,72.73
844,IN_8906020932159,per_100g,118.15,2.97,7.63,,,,2116.0,52.73
845,IN_8906132960828,per_100g,,,,,,,0.0,72.73
846,IN_8906132960835,per_100g,,,,,,,0.0,72.73
847,IN_3297387000137,per_100g,106.0,1.1,9.0,1.0,1.7,,212.0,67.27
848,IN_8901095000475,per_100g,,,,,,,0.0,72.73
849,IN_8906021128735,per_100g,146.0,2.0,10.0,2.0,0.0,0.0,5200.0,50.91
850,IN_8906033951369,per_100g,252.0,4.1,19.8,3.6,2.2,0.0,5844.0,43.64
851,IN_8908005754022,per_100g,218.5,2.49,16.48,6.97,,,0.0,60.0
852,IN_8906095480920,per_100g,,,,,,,0.0,72.73
853,IN_8906081949936,per_100g,103.0,0.8,9.6,2.4,1.3,,1270.0,49.09
854,IN_8904288612028,per_100g,99.16,2.42,4.12,0.34,1.55,,5140.0,52.73
855,IN_8901483011960,per_100g,13.0,0.6,0.0,,1.4,,746.0,58.18
856,IN_8906074081988,per_100g,321.0,2.0,28.0,4.0,6.0,,2661.0,40.0
857,IN_8906078890159,per_100g,227.0,2.0,18.0,16.0,5.0,4.0,4451.0,38.18
858,IN_8906090400923,per_100g,43.0,0.0,0.0,0.0,0.0,1.0,960.0,56.36
859,IN_8904071302419,per_100g,,,,,,,0.0,72.73
860,IN_8939117991388,per_100g,100.0,0.0,6.7,,0.0,6.7,1600.0,61.82
861,IN_8906108640631,per_100g,131.69,1.19,7.89,0.55,2.4,,3351.6499999999996,52.73
862,IN_8908005144014,per_100g,391.428571428571,10.8571428571429,11.4285714285714,3.42857142857143,30.8571428571429,11.4285714285714,110.0,56.36
863,IN_8908005144359,per_100g,368.888888888889,12.2222222222222,8.0,1.55555555555556,16.2222222222222,9.77777777777778,272.444444444444,60.0
864,IN_8908005144366,per_100g,400.0,12.4444444444444,12.0,3.11111111111111,27.3333333333333,9.11111111111111,280.444444444444,50.91
865,IN_8410076601445,per_100g,479.0,10.2,20.7,2.4,25.6,6.6,356.0,54.55
866,IN_8906009532998,per_100g,204.0,4.1,10.2,1.8,1.3,2.3,47.5,74.55
867,IN_8906009079707,per_100g,392.0,7.3,14.0,2.7,25.3,5.3,120.0,60.0
868,IN_8906009531236,per_100g,385.714285714286,9.42857142857143,11.1428571428571,2.85714285714286,24.2857142857143,3.42857142857143,135.142857142857,56.36
869,IN_8908005144441,per_100g,457.142857142857,29.5714285714286,20.5714285714286,3.85714285714286,21.5714285714286,12.7142857142857,103.571428571429,56.36
870,IN_8904335602064,per_100g,404.0,9.0,12.6,4.4,28.0,11.0,120.0,52.73
871,IN_0787099843700,per_100g,471.0,8.25,18.5,5.0,19.5,,0.0,49.09
872,IN_8480024754288,per_100g,424.0,5.8,13.0,6.4,29.0,,160.0,40.0
873,IN_8906080604133,per_100g,497.0,16.1,39.0,4.1,5.0,8.0,797.0,47.27
874,IN_8901595873258,per_100g,61.0,2.0,0.7,0.4,2.6,2.2,3686.0,60.0
875,IN_5000171010025,per_100g,151.0,20.4,7.8,1.6,0.0,,360.0,72.73
876,IN_5000232192202,per_100g,217.0,19.7,21.3,3.8,0.1,0.0,260.0,67.27
877,IN_8906080604676,per_100g,50.4,0.0,0.0,0.0,11.9,0.0,2.5,69.09
878,IN_4800024572509,per_100g,71.0,0.4,0.1,,16.2,,1.7,67.27
879,IN_8906020580350,per_100g,137.16,0.6,,,21.5,1.24,1.35,65.45
880,IN_8901030902369,per_100g,314.285714285714,4.76190476190476,2.85714285714286,0.952380952380952,14.2857142857143,3.80952380952381,5.52380952380952,70.91
881,IN_8901030902383,per_100g,327.272727272727,4.54545454545455,2.72727272727273,,,,0.0,69.09
882,IN_8901595971244,per_100g,300.0,4.0,0.66666666666667,0.0,20.0,,8440.0,41.82
883,IN_8901595971220,per_100g,47.7,0.6,0.0,,25.8333333333333,5.0,1190.752,54.55
884,IN_8901030900112,per_100g,341.0,4.8780487804878,2.9268292682927,0.97560975609756,15.609756097561,3.9024390243902,3912.1951219512,49.09
885,IN_8901030921636,per_100g,344.0,13.6,5.6,3.2,17.6,2.4,3417.68,40.0
886,IN_8901030900105,per_100g,27.649769585253,0.43010752688172,0.43010752688172,0.2457757296467,2.7035330261137,0.36866359447005,310.29185867895995,67.27
887,IN_8901030900297,per_100g,360.0,5.2,6.2,3.0,14.6,,4374.0,38.18
888,IN_8901595971237,per_100g,346.153846153846,3.07692307692308,1.53846153846154,0.769230769230769,35.3846153846154,6.92307692307692,5338.46153846154,43.64
889,IN_8901030757501,per_100g,52.3,0.6,1.1,0.52,4.15,0.5,521.22,63.64
890,IN_8901030900303,per_100g,,,,,,,0.0,72.73
891,IN_8901030555442,per_100g,,,,,,,0.0,72.73
892,IN_8901030900150,per_100g,330.0,13.5,3.4,1.5,23.4,1.4,4363.0,38.18
893,IN_8901030518232,per_100g,,,,,,,0.0,72.73
894,IN_8901595961412,per_100g,327.27272727273,5.2727272727273,1.2727272727273,0.54545454545455,29.090909090909,,8760.0,36.36
895,IN_8906097592911,per_100g,354.2,51.1,2.8,0.52,8.0,8.9,3480.7000000000003,54.55
896,IN_8906108530802,per_100g,,,,,,,0.0,72.73
897,IN_7108326644922,per_100g,600.0,20.0,20.0,3.33333333333333,10.0,20.0,1466.66666666667,41.82
898,IN_8901030743146,per_100g,,,,,,,0.0,50.0
899,IN_8901725007102,per_100g,531.0,7.1,33.4,14.2,1.5,0.0,824.6,27.27
900,IN_8901725007508,per_100g,531.0,7.1,33.4,14.2,1.5,,824.6,27.27
901,IN_8901725016838,per_100g,338.0,10.7,1.3,0.3,3.6,10.4,0.0,83.64
902,IN_8901725004682,per_100g,484.0,11.0,21.6,10.1,26.2,4.6,248.79999999999998,38.18
903,IN_8901725007096,per_100g,553.0,7.0,34.9,16.6,0.7,,573.0,32.73
904,IN_8901725100131,per_100g,,,,,,,0.0,72.73
905,IN_8901725016562,per_100g,474.0,7.9,20.4,9.8,20.7,7.4,267.6,45.45
906,IN_8901725121747,per_100g,338.0,10.7,1.3,0.3,3.6,10.4,1.5,83.64
907,IN_8901725015435,per_100g,449.0,9.3,13.4,7.1,20.8,,333.3,38.18
908,IN_8901725135218,per_100g,357.0,12.0,4.0,2.0,7.7,0.0,1624.0,43.64
909,IN_8909081001499,per_100g,327.0,0.2,0.01,,68.8,,193.8,43.64
910,IN_8901725100063,per_100g,49.0,0.0,0.0,0.0,11.9,0.74,4.8999999999999995,69.09
911,IN_8901725001070,per_100g,360.0,11.0,0.7,0.15,1.7,,2.5,74.55
912,IN_8901725008888,per_100g,340.0,10.5,1.4,0.3,4.8,10.8,2.3,81.82
913,IN_8909081006197,per_100g,22.0,0.0,0.0,,5.6,,20.0,70.91
914,IN_8906065169749,per_100g,157.0,3.5,4.5,2.2,1.3,,66.3,70.91
915,IN_8901725121754,per_100g,,,,,,,0.0,72.73
916,IN_8906065169374,per_100g,165.0,2.75,7.0,3.25,0.5,,377.5,58.18
917,IN_8906065169329,per_100g,194.0,14.9047619047619,8.59523809523809,4.40476190476191,2.69047619047619,,539.5,52.73
918,IN_8909081007637,per_100g,432.0,4.8,13.4,6.5,35.9,,115.0,38.18
919,IN_8901725013714,per_100g,,,,,,,0.0,72.73
920,IN_8906065160883,per_100g,96.0,17.1,2.4,0.5,0.0,,925.9,52.73
921,IN_8906065169510,per_100g,244.0,10.3,11.5,5.9,1.2,,405.3,50.91
922,IN_8901262172448,per_100g,232.0,4.4,12.5,7.6,22.3,,46.0,49.09
923,IN_8901262174114,per_100g,206.0,3.5,11.7,7.0,21.7,,49.0,50.91
924,IN_8901262173490,per_100g,215.0,3.7,13.0,7.8,20.8,,52.0,49.09
925,IN_8901262173483,per_100g,418.518518518519,7.40740740740741,25.1851851851852,14.0740740740741,41.2962962962963,0.0,90.7407407407407,27.27
926,IN_8901262175845,per_100g,174.0,3.4,11.0,5.1,13.9,0.0,0.0,58.18
927,IN_8901262173599,per_100g,259.0,5.2,16.5,7.6,20.7,,46.0,47.27
928,IN_8901262152242,per_100g,90.5555555555556,3.11111111111111,3.11111111111111,2.0,8.0,,3048.0,49.09
929,IN_8901262300612,per_100g,237.313432835821,3.88059701492537,13.2835820895522,7.16417910447761,25.3731343283582,,47.7611940298507,47.27
930,IN_8901262152181,per_100g,112.222222222222,3.38888888888889,4.11111111111111,2.38888888888889,15.0,,37.7777777777778,65.45
931,IN_8901262200677,per_100g,65.0,4.0,3.1,2.0,4.6,,50.0,72.73
932,IN_8901262030878,per_100g,897.0,0.0,99.7,60.0,0.0,,0.0,36.36
933,IN_8901262177122,per_100g,331.0,4.9,19.9,13.5,17.8,,0.0,41.82
934,IN_8901262260114,per_100g,87.0,3.2,6.0,3.8,5.0,,42.0,65.45
935,IN_8901262178068,per_100g,248.0,4.0,12.8,6.9,23.2,0.0,0.0,47.27
936,IN_8901262201124,per_100g,61.5,4.0,3.1,2.0,0.0,,0.0,74.55
937,IN_8901262020091,per_100g,311.0,20.0,25.0,16.0,1.5,,1220.0,30.91
938,IN_8901262030366,per_100g,897.0,0.0,99.7,60.0,0.0,,0.0,36.36
939,IN_8901262030519,per_100g,,,,,,,0.0,72.73
940,IN_8901262010436,per_100g,740.0,0.6,82.0,,,,0.0,56.36
941,IN_8901262176224,per_100g,138.0,1.6,10.4,7.7,9.2,,20.0,54.55
942,IN_8901262173421,per_100g,246.0,5.1,16.0,,,,48.0,72.73
943,IN_8901262153300,per_100g,70.0,1.13333333333333,0.0666666666666667,0.0,,,1.6,72.73
944,IN_8901262174138,per_100g,420.0,6.90909090909091,24.0,13.6363636363636,40.1818181818182,,132.727272727273,29.09
945,IN_8901262150989,per_100g,71.0,3.0,4.5,2.7,4.7,0.0,40.0,69.09
946,IN_8901262130325,per_100g,365.0,8.0,3.3,1.5,64.8,,200.0,41.82
947,IN_8901262178075,per_100g,267.0,3.5,16.2,11.1,26.5,,44.0,40.0
948,IN_8901262030564,per_100g,,,,,,,0.0,72.73
949,IN_8901262220552,per_100g,479.0,5.4,24.8,15.9,29.1,,250.0,30.91
950,IN_8901262173223,per_100g,251.0,4.1,14.5,7.3,22.6,,46.0,45.45
951,IN_8901262020299,per_100g,311.0,20.0,25.0,16.0,1.5,0.0,1200.0,30.91
952,IN_8901262176446,per_100g,385.0,4.7,27.7,13.5,22.5,0.0,0.0,40.0
953,IN_8901262030458,per_100g,495.580110497238,0.0,55.0828729281768,33.1491712707182,0.0,0.0,0.0,43.64
954,IN_8901262120029,per_100g,331.0,7.5,9.0,5.4,55.0,,100.0,36.36
955,IN_8901262300513,per_100g,233.333333333333,4.49275362318841,13.3333333333333,7.39130434782609,22.463768115942,,49.2753623188406,49.09
956,IN_8901262020541,per_100g,289.0,23.0,21.0,13.0,2.0,0.0,400.0,41.82
957,IN_8901262070430,per_100g,545.454545454545,9.09090909090909,31.8181818181818,20.9090909090909,45.4545454545455,,90.90909090909089,23.64
958,IN_8901262260152,per_100g,46.0,3.2,1.5,1.0,5.0,,42.0,72.73
959,IN_8901262150118,per_100g,246.0,2.0,25.0,16.0,,,0.0,49.09
960,IN_8901262201001,per_100g,57.0,3.0,3.2,1.9,3.6,,500.0,63.64
961,IN_8901262030663,per_100g,897.0,0.0,99.7,65.0,0.0,,0.0,36.36
962,IN_8901262178259,per_100g,309.433962264151,5.47169811320755,12.6415094339623,6.79245283018868,44.3396226415094,,147.169811320755,38.18
963,IN_8901262260138,per_100g,71.0,3.0,4.5,2.7,4.7,0.0,0.0,69.09
964,IN_8901262300117,per_100g,248.0,4.8,14.0,8.3,24.4,,54.0,43.64
965,IN_8904004408164,per_100g,367.5,0.18,1.1,,0.0,,0.0,65.45
966,IN_8904004403053,per_100g,322.0,25.22,1.84,0.68,,1.23,358.0,70.91
967,IN_8904004400090,per_100g,542.0,,,,,,0.0,61.82
968,IN_8904063226402,per_100g,546.4,7.1,33.0,15.8,1.0,,600.0,32.73
969,IN_8901030779312,per_100g,0.0,0.0,0.0,0.0,0.0,0.0,0.0,72.73
970,UK_5010029000504,per_100g,354.0,12.0,2.0,0.51282,4.10256,9.74359,100.0,81.82
971,UK_5000168036755,per_100g,2092.85714285714,7.1,21.3,9.7,19.2,3.9,520.0,36.36
972,UK_0612322000202,per_100g,440.0,9.6,15.2,4.8,16.0,9.6,206.4,56.36
973,UK_0039047011304,per_100g,533.0,5.6,30.3,18.9,16.2,2.1,275.0,36.36
974,UK_0061232201948,per_100g,473.0,13.6,26.6,12.0,0.6,7.2,1101.0,34.55
975,UK_0061232200545,per_100g,514.285714285714,10.9,19.9,8.6,0.9,9.6,668.0,45.45
976,UK_5059512738814,per_100g,513.0,6.3,26.9,15.5,13.1,2.0,172.0,41.82
977,UK_0061232202556,per_100g,450.0,8.1,16.9,7.7,19.0,6.7,310.0,47.27
978,UK_0072417196379,per_100g,500.0,6.5,24.0,2.7,18.0,2.3,680.0,43.64
979,UK_7622202018701,per_100g,443.0,8.1,14.0,1.6,20.0,6.4,88.0,72.73
980,UK_7622201499679,per_100g,481.0,6.6,21.0,14.0,25.0,2.4,629.0,27.27
981,UK_5010029207880,per_100g,381.333333333333,12.0,8.0,1.3,4.8,8.8,92.0,78.18
982,UK_00672566,per_100g,517.0,5.5,28.0,17.5,17.0,2.8,280.0,36.36
983,UK_0061232202952,per_100g,466.0,11.2,20.4,8.1,0.7,9.0,644.0,45.45
984,UK_00019101,per_100g,525.0,6.2,28.3,18.5,14.8,1.9,240.0,36.36
985,UK_00130509,per_100g,133.0,12.0,2.0,0.6,4.4,10.0,112.0,81.82
986,UK_0061232201047,per_100g,440.0,8.0,14.0,6.0,17.0,6.0,364.0,50.91
987,UK_5000168124643,per_100g,452.0,7.2,15.8,1.5,12.8,7.3,0.67,74.55
988,UK_4088600107998,per_100g,515.0,5.6,27.4,16.8,14.2,2.7,161.0,40.0
989,UK_0061232200293,per_100g,446.0,9.6,17.6,3.7,0.8,8.6,644.0,54.55
990,UK_5000168001210,per_100g,460.0,7.2,15.7,7.4,18.6,3.0,324.0,43.64
991,UK_0072417143700,per_100g,428.571428571428,5.55555555555556,13.8888888888889,6.66666666666667,28.8888888888889,2.22222222222222,216.666666666667,41.82
992,UK_50168101,per_100g,14026.3157894737,10.6,33.0,16.4,4.2,2.8,629.0,36.36
993,UK_5000168085555,per_100g,479.0,10.4,21.8,14.2,7.4,5.3,787.0,38.18
994,UK_7622202232633,per_100g,399.0,6.1,14.0,2.9,18.0,6.9,173.0,61.82
995,UK_0612322000219,per_100g,437.0,9.6,15.5,4.9,15.9,9.2,323.0,54.55
996,UK_7622210740427,per_100g,413.333333333333,7.9,14.0,3.6,27.0,6.8,248.0,54.55
997,UK_5000168194189,per_100g,496.0,6.7,23.6,12.4,28.5,3.0,370.0,30.91
998,UK_7622201766375,per_100g,388.0,5.4,12.0,1.1,21.0,7.5,126.0,69.09
999,UK_7622202219214,per_100g,428.0,6.2,16.0,8.5,28.0,4.5,240.0,41.82
1000,UK_7622300315283,per_100g,476.0,5.3,20.0,5.4,38.0,2.7,292.0,38.18
1001,UK_0652655001156,per_100g,483.0,4.5,23.9,12.6,33.4,,92.0,29.09
1002,UK_5010029219494,per_100g,374.0,12.0,8.7,1.2,1.0,7.9,0.030000000000000002,81.82
1003,UK_5015168000026,per_100g,244.5,9.8,18.2,6.7,2.1,6.8,1.23,60.0
1004,UK_5054402919854,per_100g,485.714285714286,6.42857142857143,21.4285714285714,12.1428571428571,25.0,2.85714285714286,285.71428571428595,34.55
1005,UK_5000168197586,per_100g,367.0,3.3,8.6,0.8,22.3,4.8,244.0,67.27
1006,UK_5059697770203,per_100g,499.0,9.5,23.7,6.4,3.2,3.3,260.0,52.73
1007,UK_20018924,per_100g,460.0,6.0,16.0,7.0,23.0,5.0,310.0,47.27
1008,UK_7622202230998,per_100g,398.0,5.3,14.0,1.9,22.0,6.8,104.0,69.09
1009,UK_5010975030020,per_100g,441.666666666667,4.16666666666667,19.1666666666667,12.5,35.8333333333333,2.5,292.0,30.91
1010,UK_5057753083922,per_100g,359.0,12.7,2.3,0.5,3.0,8.0,90.0,83.64
1011,UK_5050974000556,per_100g,370.0,9.8,4.7,0.7,17.6,11.2,12.0,78.18
1012,UK_4088600226736,per_100g,470.833333333333,7.60006080048639,18.000144001152,1.4000112000896,7.89886319090553,2.1000168001344,352.00201601612804,65.45
1013,UK_5000168164045,per_100g,505.0,4.4,23.0,8.3,37.0,0.0,338.0,27.27
1014,UK_4017100207136,per_100g,509.082217973231,7.5,25.0,16.0714285714286,39.2857142857143,3.21428571428571,253.571428571429,30.91
1015,UK_5000168034928,per_100g,472.0,7.4,20.2,8.8,22.9,6.5,328.0,43.64
1016,UK_50168064,per_100g,528.455284552845,5.28455284552845,27.2357723577236,15.4471544715447,41.4634146341463,2.4390243902439,81.30081300813009,30.91
1017,UK_20018986,per_100g,453.488372093023,7.9,15.3,7.4,19.9,2.6,260.0,43.64
1018,UK_5000137440903,per_100g,479.0,7.5,20.2,9.4,18.4,3.4,440.0,38.18
1019,UK_5410126676037,per_100g,484.0,4.9,19.0,8.0,38.1,1.3,368.0,29.09
1020,UK_5010204049458,per_100g,518.0,4.9,27.1,17.1,16.1,1.0,240.0,36.36
1021,UK_7622202019265,per_100g,446.666666666667,7.77777777777778,15.3333333333333,1.77777777777778,22.2222222222222,7.55555555555556,86.6666666666667,70.91
1022,UK_5410126656022,per_100g,487.179487179487,5.12820512820513,19.2307692307692,7.69230769230769,38.4615384615385,1.28205128205128,0.0,36.36
1023,UK_5010975070095,per_100g,431.007010834926,3.6,17.4,12.7,34.7,2.5,264.0,32.73
1024,UK_01705461,per_100g,460.0,9.8,19.2,4.1,0.5,10.0,568.0,54.55
1025,UK_5000168124858,per_100g,459.0,7.0,15.5,1.5,20.2,2.9,360.0,54.55
1026,UK_5060088701607,per_100g,444.0,10.0,23.4,4.6,39.2,4.7,8.0,49.09
1027,UK_5060198648366,per_100g,452.0,12.0,23.0,1.7,47.0,2.7,20.0,47.27
1028,UK_5010745055864,per_100g,499.8,6.4,25.0,3.7,18.3,,252.0,45.45
1029,UK_5000168037011,per_100g,372.413793103448,5.3,7.1,0.7,25.4,6.5,176.0,69.09
1030,UK_5031021069665,per_100g,448.0,10.7,17.3,6.4,0.8,9.6,560.0,50.91
1031,UK_5011766999991,per_100g,469.0,7.3,19.0,8.5,18.0,6.8,405.0,45.45
1032,UK_4088600551951,per_100g,449.0,9.8,13.2,6.0,1.1,3.4,536.0,50.91
1033,UK_0612322030018,per_100g,460.0,8.4,18.6,7.5,17.6,6.0,416.0,47.27
1034,UK_50823093,per_100g,446.666666666667,3.66666666666667,17.3333333333333,12.6666666666667,34.6666666666667,2.33333333333333,263.333333333333,32.73
1035,UK_0612322001063,per_100g,450.0,8.9,17.2,7.0,12.4,8.7,360.0,52.73
1036,UK_29436156,per_100g,458.0,8.0,19.3,8.3,20.6,7.6,0.85,50.91
1037,UK_5000169051658,per_100g,358.0,12.0,2.0,0.6,4.4,10.0,112.0,81.82
1038,UK_5000168194127,per_100g,495.0,6.0,24.2,12.8,27.6,4.2,352.0,34.55
1039,UK_5000119014436,per_100g,406.0,10.1,6.9,3.0,1.9,2.9,440.0,58.18
1040,UK_0612322001612,per_100g,454.0,8.1,16.9,7.7,19.0,6.7,307.0,47.27
1041,UK_5000168210360,per_100g,520.0,5.3,27.0,15.2,40.8,2.5,76.0,30.91
1042,UK_10595125,per_100g,74.6153846153846,5.8,23.2,11.9,31.1,3.1,200.0,34.55
1043,UK_4017100287343,per_100g,525.0,6.4,26.0,17.0,36.0,5.2,177.0,38.18
1044,UK_5000119002402,per_100g,488.0,6.9,21.2,10.0,16.3,2.5,240.0,40.0
1045,UK_0612322001841,per_100g,430.0,8.9,13.7,4.8,17.3,8.5,323.0,54.55
1046,UK_5015168000019,per_100g,501.0,10.4,22.0,8.4,1.5,6.0,590.0,45.45
1047,UK_5010035068383,per_100g,500.0,5.6,24.8,13.3,34.3,1.9,165.0,30.91
1048,UK_5000168036670,per_100g,483.0,7.0,21.3,10.1,15.1,3.7,520.0,34.55
1049,UK_5000169653517,per_100g,541.176470588235,5.29411764705882,30.5882352941176,19.4117647058824,29.4117647058824,2.94117647058824,588.235294117647,27.27
1050,UK_7622202037528,per_100g,503.0,5.7,29.0,14.0,36.0,3.3,400.0,29.09
1051,UK_5063334010621,per_100g,466.666666666667,6.66666666666667,19.3333333333333,8.66666666666667,16.0,20.6666666666667,0.0,50.91
1052,UK_8410376049602,per_100g,419.117647058824,5.88235294117647,16.1764705882353,1.47058823529412,3.67647058823529,7.35294117647059,264.705882352941,72.73
1053,UK_5010035002486,per_100g,440.0,4.5,11.1,5.2,43.0,1.4,181.0,36.36
1054,UK_5010251920113,per_100g,515.0,5.6,27.6,17.0,15.9,2.2,184.0,38.18
1055,UK_4088600108568,per_100g,464.0,8.6,18.9,8.8,22.2,5.9,280.0,45.45
1056,UK_4061463564061,per_100g,431.25,8.75,8.125,0.625,1.875,1.875,393.75,67.27
1057,UK_5063334012359,per_100g,474.0,5.5,19.0,10.0,26.5,3.0,173.0,41.82
1058,UK_5410126716016,per_100g,483.0,5.0,19.0,8.0,38.0,1.0,29.0,36.36
1059,UK_4088600108063,per_100g,462.0,7.6,15.4,7.8,19.7,2.5,256.0,43.64
1060,UK_5060088701690,per_100g,410.0,10.0,23.4,4.6,39.2,4.7,0.0,49.09
1061,UK_5000119003034,per_100g,490.0,5.7,20.5,12.8,28.3,1.1,200.0,30.91
1062,UK_7622210695406,per_100g,368.0,4.8,10.0,0.9,18.0,9.2,248.0,69.09
1063,UK_20319618,per_100g,,,,,,,0.0,72.73
1064,UK_5010035167697,per_100g,433.333333333333,4.76190476,10.95238095,5.23809523809524,45.7142857142857,2.38095238095238,185.714285714286,36.36
1065,UK_5010035064798,per_100g,512.0,5.7,26.0,15.0,50.0,,180.0,23.64
1066,UK_5000168038780,per_100g,453.333333333333,7.33333333333333,18.6666666666667,2.66666666666667,8.66666666666667,8.0,66.6666666666667,74.55
1067,UK_5059697744303,per_100g,483.0,7.2,21.0,8.4,14.6,3.7,260.0,43.64
1068,UK_29098354,per_100g,540.0,5.0,31.3,19.5,19.2,1.8,320.0,32.73
1069,UK_20675554,per_100g,538.461538461538,,,,,,0.0,61.82
1070,UK_5000118203503,per_100g,,,,,,,0.0,72.73
1071,UK_5000354405099,per_100g,156.0,3.0,6.5,3.1,0.5,1.2,177.0,67.27
1072,UK_5060262485286,per_100g,,,,,,,0.0,72.73
1073,UK_5060262489741,per_100g,,,,,,,0.0,72.73
1074,UK_5000118203664,per_100g,135.844155844156,3.11688311688312,5.45454545454545,0.571428571428572,1.06493506493506,0.597402597402597,235.064935064935,69.09
1075,UK_00322775,per_100g,158.0,5.9,0.7,0.1,0.5,2.5,20.0,80.0
1076,UK_00322768,per_100g,,,,,,,0.0,72.73
1077,UK_5060262485309,per_100g,,,,,,,0.0,72.73
1078,UK_5060262485262,per_100g,338.095238095238,6.98412698412699,2.53968253968254,0.476190476190476,6.98412698412699,2.53968253968254,1095.4285714285702,49.09
1079,UK_5997523315535,per_100g,,,,,,,0.0,72.73
1080,UK_8851876201549,per_100g,157.0,6.0,0.5,0.3,0.0,2.1,68.0,74.55
1081,UK_5056053308667,per_100g,56.0,2.8,2.7,2.0,1.4,1.3,0.6,74.55
1082,UK_5060960663245,per_100g,335.483870967742,1.75519630484988,1.75519630484988,0.300230946882217,0.739030023094688,0.508083140877598,299.769053117783,69.09
1083,UK_5000118203695,per_100g,,,,,,,0.0,72.73
1084,UK_5060250611390,per_100g,66.0,2.4,0.7,0.3,3.0,0.8,360.0,69.09
1085,UK_5052910433244,per_100g,151.529636711281,5.5,1.7,0.2,0.0,2.6,120.0,78.18
1086,UK_5000118203480,per_100g,,,,,,,0.0,72.73
1087,UK_5000118203497,per_100g,,,,,,,0.0,72.73
1088,UK_5000354914409,per_100g,155.862068965517,3.17241379310345,7.37931034482759,3.51724137931034,0.482758620689655,1.17241379310345,160.0,67.27
1089,UK_5000118203688,per_100g,,,,,,,0.0,72.73
1090,UK_8712429361106,per_100g,,,,,,,0.0,72.73
1091,UK_5997523315511,per_100g,206.0,5.9,8.3,3.6,4.4,0.0,511.0,60.0
1092,UK_5997523315733,per_100g,105.001396438009,5.2,9.4,3.7,4.6,,1.4,67.27
1093,UK_5997523314804,per_100g,87.0,2.0,3.6,1.8,1.2,,280.0,65.45
1094,UK_4056489850878,per_100g,151.0,3.2,6.1,2.5,0.6,2.2,196.0,69.09
1095,UK_8722700153276,per_100g,462.675438596491,11.4035087719298,18.4210526315789,1.92982456140351,4.56140350877193,2.28070175438596,690.350877192982,50.91
1096,UK_5997523315559,per_100g,204.0,5.5,8.1,3.7,4.1,,600.0,52.73
1097,UK_5997523329013,per_100g,197.916666666667,4.16666666666667,8.45833333333333,4.0,2.75,0.0,500.0,58.18
1098,UK_5997523329037,per_100g,380.330867071244,4.25,8.20833333333333,4.04166666666667,3.41666666666667,,458.75,52.73
1099,UK_5000118203541,per_100g,134.0,3.0,5.2,0.6,0.8,0.7,160.0,70.91
1100,UK_8994963002800,per_100g,475.0,9.0,21.0,9.0,8.0,0.0,1000.0,29.09
1101,UK_4088600215532,per_100g,107.0,2.3,4.2,2.1,2.8,1.6,260.0,67.27
1102,UK_7613036127110,per_100g,87.0,2.0,3.40000009536743,,0.400000005960464,0.80000001192093,0.0,72.73
1103,UK_5000354405105,per_100g,168.366263012534,3.10344827586207,6.48275862068965,3.10344827586207,0.344827586206897,1.17241379310345,157.241379310345,67.27
1104,UK_7613035062795,per_100g,87.0,2.0,3.2,0.2,0.6,0.5,0.47,72.73
1105,UK_5023751000308,per_100g,109.0,2.42857142857143,6.57142857142857,2.85714285714286,0.0,2.42857142857143,241.428571428571,69.09
1106,UK_5997523315832,per_100g,204.0,5.3,7.8,3.6,5.3,3.0,1200.0,49.09
1107,UK_5050665023741,per_100g,90.0,2.6,0.3,0.2,2.2,1.2,324.0,69.09
1108,UK_5060250611406,per_100g,66.0,2.3,0.6,0.3,3.0,0.8,320.0,69.09
1109,UK_8888056708109,per_100g,,,,,,,0.0,72.73
1110,UK_5050665039841,per_100g,90.0,2.9,1.1,0.1,1.5,,516.0,63.64
1111,UK_5050665048652,per_100g,141.875,2.96875,6.0,3.15625,0.65625,3.71875,317.5,69.09
1112,UK_4061459041705,per_100g,143.0,3.28571428571429,6.21428571428571,2.71428571428571,0.714285714285714,2.14285714285714,214.285714285714,70.91
1113,UK_8712429350407,per_100g,,,,,,,0.0,72.73
1114,UK_5000354907357,per_100g,,,,,,,0.0,72.73
1115,UK_5050665020429,per_100g,89.6341463414634,2.80487804878049,0.396341463414634,0.304878048780488,0.945121951219512,1.00609756097561,364.634146341463,67.27
1116,UK_8888056603961,per_100g,424.705882352941,10.3529411764706,19.5294117647059,9.05882352941176,3.17647058823529,2.70588235294118,1481.17647058824,32.73
1117,UK_5000175409023,per_100g,35.0393700787402,1.3,0.5,0.1,0.5,0.5,220.0,69.09
1118,UK_5000354916618,per_100g,,,,,,,0.0,72.73
1119,UK_5997523314934,per_100g,23.1428571428571,2.4,3.0,1.5,1.4,,440.0,65.45
1120,UK_7613036127097,per_100g,87.0,2.0,3.4,1.9,0.4,2.83333333333333,160.0,74.55
1121,UK_8888056803606,per_100g,444.444444444444,10.0,18.8888888888889,8.88888888888889,4.44444444444444,2.22222222222222,1266.66666666667,34.55
1122,UK_8888056603862,per_100g,81.0,1.9,3.4,1.6,0.5,0.5,240.0,67.27
1123,UK_5021476000825,per_100g,81.496062992126,2.36220472440945,0.511811023622047,0.192125984251969,0.384251968503937,0.433070866141732,242.07874015747998,69.09
1124,UK_8720182414137,per_100g,121.0,2.7,5.1,0.4,0.9,0.6,220.0,69.09
1125,UK_8994963002794,per_100g,483.0,10.2,21.3,9.3,6.6,,880.0,27.27
1126,UK_5997523315856,per_100g,201.0,5.3,8.0,3.7,3.9,0.0,600.0,52.73
1127,UK_8888056603015,per_100g,224.705882352941,,,,,,0.0,69.09
1128,UK_5060084349483,per_100g,450.0,39.0625,18.75,8.59375,2.1875,4.0625,0.0,56.36
1129,UK_5997523314958,per_100g,,,,,,,0.0,72.73
1130,UK_7613035062771,per_100g,88.0,1.9,3.4,0.2,0.4,0.5,160.0,70.91
1131,UK_5997523315870,per_100g,212.0,5.1,9.3,3.8,4.3,,590.0,52.73
1132,UK_4061463099143,per_100g,62.5872576177284,3.78947368421053,5.89473684210526,2.63157894736842,1.47368421052632,1.94736842105263,0.6842105263157899,74.55
1133,UK_5011673400832,per_100g,70.0,3.2,0.2,0.0102857142857143,1.50057142857143,,272.0,69.09
1134,UK_5061035300270,per_100g,324.731182795699,1.8,1.2,0.2,1.0,0.5,304.0,69.09
1135,UK_4088600260457,per_100g,142.857142857143,3.28571428571429,6.21428571428571,2.71428571428571,0.714285714285714,2.14285714285714,120.5,72.73
1136,UK_5059697718687,per_100g,136.428571428571,3.2,7.2,3.5,0.8,1.5,80.0,69.09
1137,UK_5060960661562,per_100g,120.0,1.6,3.9,0.5,0.5,1.5,334.0,67.27
1138,UK_5050665020504,per_100g,91.1585365853659,2.77439024390244,0.396341463414634,0.24390243902439,2.28658536585366,1.03658536585366,323.780487804878,69.09
1139,UK_8801043021883,per_100g,422.0,8.2,13.0,6.1,3.0,,1495.0,34.55
1140,UK_8888056603008,per_100g,716.148096645228,10.5882352941176,19.5294117647059,9.05882352941176,3.17647058823529,2.82352941176471,35.294117647058805,52.73
1141,UK_5000354914287,per_100g,152.0,3.2,6.5,3.1,0.7,,164.0,65.45
1142,UK_5060250611444,per_100g,66.0,2.6,0.5,0.2,1.2,0.8,280.0,69.09
1143,UK_8720182695505,per_100g,456.666666666667,10.3333333333333,17.7777777777778,2.0,3.66666666666667,2.0,2.11111111111111,74.55
1144,UK_4088600215549,per_100g,110.0,2.2,4.5,2.5,3.0,1.6,180.0,69.09
1145,UK_4897878000012,per_100g,480.0,11.0,23.0,15.0,2.0,2.0,0.0,47.27
1146,UK_01854619,per_100g,,,,,,,0.0,72.73
1147,UK_5000354924347,per_100g,151.0,3.0,6.5,3.09999990463257,0.5,1.20000004768372,0.0,69.09
1148,UK_5060084349469,per_100g,119.0,9.5,4.9,2.2,1.0,1.0,224.0,74.55
1149,UK_5050665050105,per_100g,86.1538461538462,2.61538461538462,0.307692307692308,0.115384615384615,0.923076923076923,1.30769230769231,364.615384615385,67.27
1150,UK_00159326,per_100g,181.333333333333,6.53333333333333,2.13333333333333,0.333333333333333,0.533333333333333,2.13333333333333,70.6666666666667,80.0
1151,UK_5024448562307,per_100g,155.0,4.9,2.0,,,,0.0,76.36
1152,UK_8720181138720,per_100g,133.0,3.0,5.3,0.6,0.9,0.6,197.0,69.09
1153,UK_5000354405013,per_100g,151.0,3.2,6.5,3.1,0.5,1.2,164.0,67.27
1154,UK_8888056708512,per_100g,,,,,,,0.0,72.73
1155,UK_5060430292623,per_100g,94.88528,3.2,3.0,0.8,4.5,1.8,172.0,72.73
1156,UK_8720182443878,per_100g,136.393442622951,3.60655737704918,5.9016393442623,0.721311475409836,0.786885245901639,0.852459016393443,244.91803278688502,70.91
1157,UK_5059697695803,per_100g,165.0,3.1,7.5,3.6,0.2,1.7,120.0,65.45
1158,UK_4088600249223,per_100g,89.0,2.9,0.5,0.2,2.2,,204.0,69.09
1159,UK_8720182414120,per_100g,122.0,2.9,5.1,0.5,0.9,0.7,208.0,69.09
1160,UK_5060250611437,per_100g,67.0,2.6,1.0,0.4,1.2,1.1,240.0,72.73
1161,UK_8718114797977,per_100g,136.0,2.8,5.1,0.6,2.5,0.8,0.216,72.73
1162,UK_8714100272978,per_100g,,,,,,,0.0,72.73
1163,UK_4056489353973,per_100g,87.0,2.8,0.3,0.1,2.6,1.0,200.0,70.91
1164,UK_5997523314910,per_100g,,,,,,,0.0,72.73
1165,UK_4061459329506,per_100g,144.666666666667,4.33333333333333,1.4,0.2,0.466666666666667,2.73333333333333,86.6666666666667,78.18
1166,UK_4061463881038,per_100g,105.882352941176,8.51,3.64705882352941,1.64705882352941,0.352941176470588,1.2156862745098,220.78431372549002,76.36
1167,UK_4061463098887,per_100g,164.736842105263,4.31578947368421,6.36842105263158,3.05,1.05,2.26,0.7,70.91
1168,UK_4056489755654,per_100g,113.953488372093,2.2093023255814,0.697674418604651,0.310077519379845,1.51162790697674,1.51162790697674,204.26356589147298,70.91
1169,UK_9060299485309,per_100g,,,,,,,0.0,72.73
1170,UK_5449000000996,per_100g,42.0,0.0,0.0,0.0,10.6,,0.0,69.09
1171,UK_54491472,per_100g,44.0,0.0,0.0,0.0,10.9,0.0,0.0,69.09
1172,UK_5449000053879,per_100g,0.303030303030303,0.0,0.0,0.0,0.0,,0.0,72.73
1173,UK_5449000131805,per_100g,0.2,0.0,0.0,0.0,0.0,,8.0,72.73
1174,UK_5449000131836,per_100g,0.2,0.0,0.0,0.0,0.0,0.0,20.0,72.73
1175,UK_4060800103307,per_100g,0.4,0.0,0.0,0.0,0.0,,0.0,72.73
1176,UK_54491496,per_100g,0.4,0.0,0.0,,,,0.0,72.73
1177,UK_87170788,per_100g,0.2,0.0,0.0,0.0,0.0,,0.0,72.73
1178,UK_87170146,per_100g,0.303030303030303,0.0,0.0,0.0,0.0,,0.0,72.73
1179,UK_5449000601971,per_100g,42.0,0.0,0.0,0.0,10.6,,0.0,69.09
1180,UK_4060800172396,per_100g,1.0,0.0,0.0,,,,0.0,72.73
1181,UK_5449000669902,per_100g,0.0,0.0,0.0,0.0,0.0,,8.0,72.73
1182,UK_4056489550938,per_100g,1.0,0.0,0.0,0.0,0.0,0.0,4.0,72.73
1183,UK_5449000130389,per_100g,42.0,0.0,0.0,0.0,10.6,,0.0,69.09
1184,UK_5000193034559,per_100g,18.0,0.0,0.0,0.0,4.3,,20.0,72.73
1185,UK_9421902090349,per_100g,42.0,0.0,0.0,0.0,9.6,,200.0,65.45
1186,UK_54491014,per_100g,42.0,0.0,0.0,,,,0.0,72.73
1187,UK_5029396003292,per_100g,19.0,0.0,0.0,0.0,3.9,0.0,0.0,72.73
1188,UK_4060800166531,per_100g,0.6,0.0,0.0,0.0,0.0,0.0,0.0,72.73
1189,UK_5449000673039,per_100g,0.4,0.0,0.0,0.0,0.0,0.0,0.0,72.73
1190,UK_5449000064141,per_100g,0.0,0.0,0.0,0.0,0.0,0.0,0.0,72.73
1191,UK_5449000214744,per_100g,0.4,0.0,0.0,,,,8.0,72.73
1192,UK_4062139017416,per_100g,18.0,0.0,0.0,0.0,4.5,0.0,0.0,72.73
1193,UK_5449000028921,per_100g,42.0,0.0,0.0,0.0,10.6,,0.0,69.09
1194,UK_5015672006903,per_100g,18.0,0.0,0.0,0.0,4.3,0.0,0.0,72.73
1195,UK_5449000058386,per_100g,42.1212121212121,0.0,0.0,0.0,10.6060606060606,0.0,0.0,69.09
1196,UK_5449000329691,per_100g,0.4,0.0,0.0,0.0,0.0,,12.0,72.73
1197,UK_4056489738732,per_100g,0.303030303030303,0.0,0.0,0.0,0.0,0.0,1.21212121212121,72.73
1198,UK_5449000239662,per_100g,0.3,0.0,0.0,,,,8.0,72.73
1199,UK_5060108451734,per_100g,19.0,0.0,0.0,0.0,4.6,,0.0,70.91
1200,UK_5740700988349,per_100g,42.0,0.0,0.0,0.0,10.6,0.0,0.0,69.09
1201,UK_5052109851446,per_100g,0.38240917776,0.0,0.0,,0.04,,1.6,72.73
1202,UK_4060800130754,per_100g,,,,,,,0.0,72.73
1203,UK_4062139015108,per_100g,0.303030303030303,0.0,0.0,0.0,0.0,0.0,0.0,72.73
1204,UK_4060800178008,per_100g,0.4,0.0,0.0,0.0,0.0,,0.0,72.73
1205,UK_4060800002242,per_100g,1.0,0.0,0.0,0.0,0.0,,20.0,72.73
1206,UK_87171259,per_100g,0.606060606060606,0.0,0.0,,0.0,,0.0,72.73
1207,UK_5449000121134,per_100g,0.4,0.0,0.0,0.0,0.0,,1.6,72.73
1208,UK_9421902090028,per_100g,42.0,0.0,0.0,0.0,9.6,,4.0,69.09
1209,UK_4056489010104,per_100g,18.0,0.1,0.1,0.1,4.5,0.1,4.0,72.73
1210,UK_5449000244703,per_100g,0.4,0.0,0.0,0.0,0.0,0.0,0.0,72.73
1211,UK_5449000214799,per_100g,0.3,0.0,0.0,0.0,0.0,0.0,0.0,72.73
1212,UK_4060800304803,per_100g,2.0,0.1,0.0,0.0,0.0,,40.0,72.73
1213,UK_5060499150001,per_100g,0.606060606060606,0.0,0.0,0.0,0.0,,14.5454545454545,72.73
1214,UK_5449000004451,per_100g,,,,,,,0.0,72.73
1215,UK_20023027,per_100g,1.0,0.25,0.0,0.0,0.05,0.25,8.0,72.73
1216,UK_5449000154774,per_100g,0.303030303030303,0.0,0.0,0.0,0.0,0.0,0.0,72.73
1217,UK_5449000123855,per_100g,0.0,0.0,0.0,0.0,0.0,0.0,0.0,72.73
1218,UK_5000112674880,per_100g,42.0,0.0,0.0,0.0,10.6,0.0,0.0,69.09
1219,UK_4062139020515,per_100g,1.0,0.0,0.0,0.0,0.0,,0.0,72.73
1220,UK_5000112545326,per_100g,42.0,0.0,0.0,0.0,10.6,0.0,0.0,69.09
1221,UK_54491076,per_100g,0.0,0.0,0.0,0.0,0.0,,0.0,72.73
1222,UK_5449000121042,per_100g,0.5,0.0,0.0,0.0,0.0,,4.0,72.73
1223,UK_01723397,per_100g,1.0,0.0,0.0,,,,0.0,72.73
1224,UK_4060800170064,per_100g,0.6,0.0,0.0,0.0,0.0,0.0,0.0,72.73
1225,UK_4060800171122,per_100g,0.4,0.0,0.0,0.0,0.0,,0.0,72.73
1226,UK_29362899,per_100g,3.0,0.1,0.1,0.1,0.1,0.1,32.0,72.73
1227,UK_5000112684278,per_100g,105.0,0.0,0.0,0.0,10.6,0.0,0.0,67.27
1228,UK_5449000133724,per_100g,0.3,0.0,0.0,0.0,0.0,0.0,4.0,72.73
1229,UK_5449000031341,per_100g,0.3,0.0,0.0,0.0,0.0,,8.0,72.73
1230,UK_4088600373843,per_100g,0.0,0.5,0.5,0.1,0.5,0.5,12.0,72.73
1231,UK_5449000054227,per_100g,42.0,0.0,0.0,0.0,10.6,0.0,0.0,69.09
1232,UK_5060499150964,per_100g,0.6,,0.0,0.0,,,0.0,72.73
1233,UK_90357473,per_100g,0.0,0.0,0.0,0.0,0.0,0.0,0.01,72.73
1234,UK_4060800134592,per_100g,0.4,0.0,0.0,0.0,0.0,,0.0,72.73
1235,UK_8714800004336,per_100g,28.8,0.0,0.0,0.0,7.2,0.0,0.0,70.91
1236,UK_5000128519199,per_100g,0.0,0.0,0.0,0.0,0.0,0.0,4.0,72.73
1237,UK_5000436777588,per_100g,0.4,0.0,0.0,0.0,0.04,0.0,1.6,72.73
1238,UK_4060800309112,per_100g,0.5,0.0,0.0,0.0,0.0,0.0,4.0,72.73
1239,UK_4062139015498,per_100g,0.4,0.0,0.0,0.0,0.0,,0.0,72.73
1240,UK_29234288,per_100g,14.0,0.1,0.1,0.1,3.4,0.5,0.0,72.73
1241,UK_4060800304827,per_100g,0.5,0.1,0.0,0.0,0.0,,4.0,72.73
1242,UK_4061459786576,per_100g,20.0,0.0,0.0,0.0,4.9,4.9,0.0,80.0
1243,UK_5449000294616,per_100g,0.4,0.0,0.0,0.0,0.0,,0.0,72.73
1244,UK_4061459786583,per_100g,0.0,0.0,0.0,0.0,0.0,,0.0,72.73
1245,UK_5057753892302,per_100g,0.144851961295556,0.0,0.0,0.0,0.0303030303030303,,0.0,72.73
1246,UK_4062139017355,per_100g,18.0,0.0,0.0,0.0,4.5,,0.0,72.73
1247,UK_5449000334251,per_100g,0.549713193116635,0.0,0.0,0.0,0.0,,0.0,72.73
1248,UK_4060800309167,per_100g,2.0,0.2,0.0,0.0,0.0,0.2,16.0,72.73
1249,UK_5449000000439,per_100g,45.0,0.0,0.0,0.0,11.2,0.0,0.0,69.09
1250,UK_5449000053909,per_100g,1.0,0.0,0.0,0.0,0.0,0.0,0.0,72.73
1251,UK_4060800308399,per_100g,18.0,0.0,0.0,0.0,4.6,,0.0,70.91
1252,UK_5449000226457,per_100g,0.3,0.0,0.0,,,,4.0,72.73
1253,UK_5449000086877,per_100g,42.4,0.0,0.0,0.0,10.6,,0.0,69.09
1254,UK_54492790,per_100g,43.0,0.0,0.0,0.0,10.7,,0.0,69.09
1255,UK_4060800306982,per_100g,1.0,0.0,0.0,0.0,0.0,0.0,12.0,72.73
1256,UK_9421902090660,per_100g,,,,,,,0.0,72.73
1257,UK_4060800177155,per_100g,0.4,0.0,0.0,0.0,0.0,,0.0,72.73
1258,UK_5013665116417,per_100g,32.0,0.0,0.0,0.0,8.0,,0.0,70.91
1259,UK_4060800303356,per_100g,0.60606,0.0,0.0,0.0,0.0,0.0,0.0,72.73
1260,UK_54492134,per_100g,0.4,0.0,0.0,0.0,0.0,,0.0,72.73
1261,UK_5010102343382,per_100g,4.0,0.0,0.0,0.0,0.5,0.0,20.0,72.73
1262,UK_5449000020987,per_100g,0.3,0.0,0.0,0.0,0.0,0.0,4.0,72.73
1263,UK_5449000060501,per_100g,18.0,0.0,0.0,,4.3,,20.0,72.73
1264,UK_01723403,per_100g,20.0,0.5,0.5,0.1,4.8,0.5,78.8,70.91
1265,UK_5010251594895,per_100g,1.0,0.0,0.0,0.0,0.0,,0.0,72.73
1266,UK_8437021593167,per_100g,20.0,0.1,0.1,0.1,4.9,,40.0,70.91
1267,UK_5449000171481,per_100g,0.6,0.0,0.0,0.0,0.0,,0.0,72.73
1268,UK_5011026005592,per_100g,0.4,0.0,0.0,0.0,0.0,0.0,0.0,72.73
1269,UK_3045320094008,per_100g,241.0,0.4,0.1,0.0,59.0,1.2,0.0,50.91
1270,UK_3045320094084,per_100g,239.0,0.7,0.2,0.0,57.0,3.4,0.0,54.55
1271,UK_5014271390420,per_100g,218.0,0.6,0.4,0.0,44.0,2.2,8.0,56.36
1272,UK_3045320094015,per_100g,241.0,0.4,0.1,0.0,59.0,,0.0,49.09
1273,UK_3045320094053,per_100g,240.0,0.3,0.1,0.0,59.0,0.6,0.0,49.09
1274,UK_4088600090849,per_100g,252.0,0.1,0.2,,60.3,1.0,0.0,50.91
1275,UK_5065008402114,per_100g,153.0,0.0,0.0,0.0,35.0,3.0,0.0,63.64
1276,UK_3045320094022,per_100g,241.0,0.5,0.1,0.0,59.0,1.1,0.0,50.91
1277,UK_3045320512823,per_100g,243.0,0.7,0.2,0.0,59.0,1.0,0.0,50.91
1278,UK_0637793001008,per_100g,270.0,0.3,0.0,0.0,66.9,,0.0,49.09
1279,UK_3608580968597,per_100g,162.0,0.8,0.2,0.0,37.0,4.3,0.0,61.82
1280,UK_5065008402152,per_100g,150.0,5.0,0.0,0.0,34.0,5.0,40.0,70.91
1281,UK_3045320094091,per_100g,241.0,0.3,0.1,,59.0,1.5,0.0,50.91
1282,UK_5065008402121,per_100g,150.0,0.600000023841858,0.5,0.100000001490116,34.0,2.90000009536743,3.9370077860167596,63.64
1283,UK_3045320094169,per_100g,236.0,0.4,0.0,0.0,57.0,,0.0,50.91
1284,UK_00074742,per_100g,240.0,0.8,0.8,0.6,54.5,2.2,83.0,52.73
1285,UK_3608580968580,per_100g,162.0,0.5,0.1,0.0,39.0,1.6,0.0,56.36
1286,UK_5057753437909,per_100g,252.0,0.3,0.3,,60.0,0.9,0.0,49.09
1287,UK_4006424022365,per_100g,154.0,0.4,0.2,0.1,2.4,0.0,8.0,70.91
1288,UK_5060391624532,per_100g,242.0,0.5,0.5,0.1,59.0,,87.0,49.09
1289,UK_5000436288282,per_100g,235.0,0.5,0.3,0.1,53.7,0.1,40.0,50.91
1290,UK_5060139431545,per_100g,275.0,1.9,0.0,0.0,42.0,,0.0,50.91
1291,UK_0637793000902,per_100g,269.0,0.3,0.0,0.0,66.7,0.0,0.0,49.09
1292,UK_4056489917908,per_100g,241.0,0.2,0.1,0.1,58.1,0.7,4.0,49.09
1293,UK_00074988,per_100g,246.0,0.5,0.6,0.5,57.5,,59.0,49.09
1294,UK_3608580128397,per_100g,347.0,0.4,16.0,10.0,48.0,1.6,80.0,32.73
1295,UK_5060391624433,per_100g,243.0,0.5,0.5,0.0,59.0,0.0,12.0,49.09
1296,UK_5014271360423,per_100g,208.0,0.0,0.0,0.0,48.4,2.0,10.0,54.55
1297,UK_0043647160010,per_100g,300.0,0.0,0.0,0.0,70.0,0.0,0.0,49.09
1298,UK_3608580968603,per_100g,164.0,0.8,0.2,0.0,39.0,1.6,0.0,56.36
1299,UK_5060092693813,per_100g,257.0,1.4,0.3,,60.0,,1.1,49.09
1300,UK_3045320094114,per_100g,245.0,0.3,0.1,,58.5,1.1,0.0,50.91
1301,UK_5701116208223,per_100g,166.0,0.4,0.3,,39.0,1.2,24.0,56.36
1302,UK_3608580128427,per_100g,255.0,2.2,4.5,2.6,43.0,2.2,8.0,50.91
1303,UK_5060391624518,per_100g,240.0,0.5,0.5,0.0,59.0,,31.0,49.09
1304,UK_5000436288350,per_100g,247.0,8.0,0.5,0.1,54.8,1.2,80.0,50.91
1305,UK_5000119002501,per_100g,254.0,0.3,0.3,0.0,61.0,1.0,8.0,50.91
1306,UK_3045320097863,per_100g,245.0,0.4,0.1,0.0,59.0,1.2,0.0,50.91
1307,UK_4088600098753,per_100g,251.0,0.7,0.2,0.0,59.2,2.5,0.0,52.73
1308,UK_3045320094145,per_100g,243.0,0.6,0.1,0.0,58.0,2.0,0.0,52.73
1309,UK_5014271300429,per_100g,204.0,0.5,0.0,0.0,46.0,0.9,16.0,50.91
1310,UK_0637793000995,per_100g,271.0,0.4,0.0,,67.0,,0.0,49.09
1311,UK_5057545734872,per_100g,257.0,0.3,0.2,,,,0.0,67.27
1312,UK_5000436288473,per_100g,253.0,0.8,0.7,0.3,53.5,,120.0,47.27
1313,UK_6003770009291,per_100g,140.0,0.6,0.3,,27.0,,520.0,52.73
1314,UK_5000214020394,per_100g,290.0,0.6,0.1,0.0,64.6,4.1,24.0,56.36
1315,UK_01191905,per_100g,245.3,0.5,0.5,0.1,55.0,1.4,20.0152,50.91
1316,UK_5014271330426,per_100g,882.608695652174,0.0,0.0,0.0,208.695652173913,6.95652173913043,0.0,60.0
1317,UK_0043647410016,per_100g,269.0,0.0,0.0,0.0,67.0,,0.0,49.09
1318,UK_5054269765397,per_100g,206.666666666667,0.3,0.3,0.2,45.2,,80.0,50.91
1319,UK_0637793004931,per_100g,269.0,0.3,0.0,0.0,66.8,,0.0,49.09
1320,UK_5057967306596,per_100g,273.0,0.3,0.6,0.2,65.9,0.4,80.0,49.09
1321,UK_4088600522692,per_100g,273.0,0.3,0.2,0.1,53.0,1.2,12.0,50.91
1322,UK_4335619216747,per_100g,247.0,0.5,0.1,0.1,59.1,1.8,4.0,50.91
1323,UK_5000169151228,per_100g,271.0,0.4,0.0,0.0,64.6,1.2,0.0,50.91
1324,UK_4088600334608,per_100g,273.333333333333,0.5,0.5,0.1,57.0,,0.0,49.09
1325,UK_5035660136627,per_100g,257.0,0.1,0.0,0.0,53.5,,80.0,49.09
1326,UK_5000128742283,per_100g,250.0,0.5,0.5,0.1,46.0,,48.0,49.09
1327,UK_29078677,per_100g,253.0,0.5,0.2,0.1,58.7,,0.0,49.09
1328,UK_4061461340384,per_100g,233.0,0.5,0.2,0.0,55.4,,0.0,50.91
1329,UK_5000354168567,per_100g,240.0,0.3,0.3,0.1,59.0,,20.0,49.09
1330,UK_00427616,per_100g,254.0,0.5,0.5,0.3,60.5,0.8,12.0,49.09
1331,UK_5019378002351,per_100g,250.0,1.1,0.2,0.0,59.4,0.9,146.0,47.27
1332,UK_5010251755524,per_100g,246.0,0.4,0.9,0.3,59.7,1.2,48.0,50.91
1333,UK_0637793002500,per_100g,269.0,0.3,0.0,0.0,66.7,0.0,0.0,49.09
1334,UK_00881944,per_100g,251.0,0.3,0.1,0.1,61.6,1.1,20.0,50.91
1335,UK_5000119450012,per_100g,249.0,0.6,0.1,0.1,43.9,,40.0,50.91
1336,UK_0043647190017,per_100g,277.0,0.7,0.0,0.0,66.0,0.0,28.0,49.09
1337,UK_50354061,per_100g,243.0,0.4,0.0,,59.0,,0.0,49.09
1338,UK_00030182,per_100g,462.5,6.75,26.25,3.25,3.0,3.25,432.5,54.55
1339,UK_00819473,per_100g,242.0,0.5,0.1,0.1,57.1,1.7,60.0,50.91
1340,UK_4088600369044,per_100g,240.0,0.666666666666667,0.666666666666667,,56.6666666666667,2.0,0.0,52.73
1341,UK_4088600098760,per_100g,246.0,0.5,0.1,0.0,59.7,0.9,0.0,49.09
1342,UK_4061461340438,per_100g,225.0,0.5,0.3,0.0,53.8,1.0,0.0,52.73
1343,UK_4061461019419,per_100g,153.0,0.5,0.3,0.0,35.6,1.4,0.0,60.0
1344,UK_50183364,per_100g,254.0,0.5,0.5,0.1,63.0,0.0,80.0,49.09
1345,UK_01135459,per_100g,241.0,0.4,0.1,0.0,59.0,1.2,0.0,50.91
1346,UK_4088600479910,per_100g,256.0,1.2,0.3,0.1,53.4,1.2,12.0,50.91
1347,UK_4088600438597,per_100g,245.0,0.5,0.2,0.0,58.8,0.9,0.0,49.09
1348,UK_1103086260005,per_100g,173.0,0.0,0.0,0.0,39.0,,0.0,54.55
1349,UK_00074896,per_100g,240.0,,3.33333333333333,0.666666666666667,56.0,,26.6666666666667,49.09
1350,UK_1105729420005,per_100g,170.0,0.0,0.0,0.0,39.0,,0.0,54.55
1351,UK_00847957,per_100g,264.0,0.19,0.4,0.17,61.3,1.2,40.0,50.91
1352,UK_29077243,per_100g,249.0,0.3,0.2,0.1,51.7,,32.0,49.09
1353,UK_5057967306619,per_100g,258.0,0.7,0.1,0.1,58.9,0.7,40.0,49.09
1354,UK_00457651,per_100g,250.0,0.5,0.5,0.3,48.1,0.7,35.0,49.09
1355,UK_4061461898519,per_100g,255.0,0.3,0.1,0.0,59.2,0.8,12.0,49.09
1356,UK_4088600116983,per_100g,247.0,0.5,0.5,0.2,45.0,,40.0,50.91
1357,UK_5060391629513,per_100g,243.0,0.5,0.5,0.0,59.0,,12.0,49.09
1358,UK_50354078,per_100g,258.0,0.4,0.4,0.1,50.8,,84.0,49.09
1359,UK_00176415,per_100g,239.0,0.5,0.5,0.1,58.0,1.3,8.0,50.91
1360,UK_00819626,per_100g,243.3,0.5,0.1,0.1,57.0,0.8,32.0,49.09
1361,UK_01206234,per_100g,248.0,0.8,0.5,0.2,50.0,2.1,20.0,52.73
1362,UK_00390125,per_100g,236.0,0.4,0.6,0.2,55.7,0.5,1.2,50.91
1363,UK_3045320505535,per_100g,293.0,0.7,0.2,0.0,57.0,,0.0,50.91
1364,UK_5057172824540,per_100g,254.0,0.5,0.7,0.2,58.0,1.8,12.0,50.91
1365,UK_4088600098777,per_100g,246.0,0.5,0.1,0.0,58.6,2.8,0.0,52.73
1366,UK_0043647130013,per_100g,268.0,0.7,0.0,0.0,66.0,3.5,8.0,54.55
1367,UK_5000169151266,per_100g,280.0,0.6,1.1,0.3,60.2,,0.0,49.09
1368,UK_5000436288459,per_100g,247.0,0.5,0.2,0.1,57.3,0.4,40.0,49.09
1369,UK_7622201693916,per_100g,226.666666666667,5.4,21.0,14.0,4.3,0.2,300.0,45.45
1370,UK_7622201695521,per_100g,226.666666666667,5.33333333333333,20.6666666666667,13.6666666666667,4.33333333333333,0.333333333333333,295.0,45.45
1371,UK_5057967395132,per_100g,816.666666666667,4.4,23.3,14.7,3.3,0.0,34.5,49.09
1372,UK_5000295142893,per_100g,416.0,25.4,34.9,21.7,0.1,,720.0,32.73
1373,UK_3073780918763,per_100g,295.0,22.0,23.0,15.5,0.05,,670.0,36.36
1374,UK_5000187130946,per_100g,305.0,23.0,22.5,14.0,1.0,,710.0,36.36
1375,UK_20994945,per_100g,97.0,11.5,4.5,3.0,2.8,0.0,0.208,76.36
1376,UK_01504972,per_100g,283.620140216698,4.7,24.5,19.0,3.1,1.6,197.0,47.27
1377,UK_4088600046648,per_100g,69.0,5.6,21.5,13.7,3.2,0.3,295.0,45.45
1378,UK_5000157146342,per_100g,92.0,2.9,6.4,3.8,4.1,,291.0,61.82
1379,UK_5057545878798,per_100g,852.0,3.5,19.3,12.0,3.5,0.0,157.0,49.09
1380,UK_7622201693954,per_100g,146.666666666667,7.2,10.0,6.9,5.1,0.3,82.5,65.45
1381,UK_3073780828628,per_100g,240.200764818355,22.0,23.0,15.5,0.01,,680.0,36.36
1382,UK_5000295141599,per_100g,416.666666666667,25.4,34.9,21.7,0.1,,708.0,32.73
1383,UK_5000295145054,per_100g,416.0,25.4,34.9,21.7,0.1,,720.0,32.73
1384,UK_5010578008020,per_100g,104.0,10.3,6.0,4.3,2.1,,315.0,67.27
1385,UK_5060360508733,per_100g,51.0,9.0,0.1,0.1,3.4,0.0,35.0,81.82
1386,UK_5000181039580,per_100g,60.9464627151051,10.0,0.2,0.1,4.0,0.0,140.0,80.0
1387,UK_5025840005195,per_100g,104.0,12.0,4.5,3.2,3.6,,172.0,72.73
1388,UK_5000187130908,per_100g,,,,,,,0.0,72.73
1389,UK_01810325,per_100g,336.666666666667,36.6666666666667,16.6666666666667,10.6666666666667,10.0,0.0,400.0,36.36
1390,UK_5057008762893,per_100g,57.3333333333333,10.2,0.2,0.1,3.4,0.0,161.0,80.0
1391,UK_3073781081909,per_100g,264.101338432122,25.0,12.0,8.0,0.05,,710.0,43.64
1392,UK_01178395,per_100g,276.666666666667,16.6666666666667,23.0,,1.66666666666667,,893.333333333333,50.91
1393,UK_8721800400884,per_100g,260.0,30.0,16.0,11.0,0.1,,5900.0,30.91
1394,UK_5000295148154,per_100g,416.666666666667,25.4,34.9,21.7,0.1,,720.0,32.73
1395,UK_00370950,per_100g,202.0,4.3,19.0,15.6,3.3,0.5,200.0,47.27
1396,UK_4056489861744,per_100g,208.0,4.7,19.4,13.2,2.6,0.0,300.0,45.45
1397,UK_8721800400808,per_100g,371.0,26.0,28.0,19.0,0.1,,600.0,36.36
1398,UK_7622201693930,per_100g,87.0,11.0,2.5,1.7,4.9,0.4,334.0,70.91
1399,UK_7622201694104,per_100g,91.4285714285714,7.33333333333333,10.3333333333333,7.0,5.0,0.333333333333333,276.666666666667,52.73
1400,UK_20775995,per_100g,302.0,20.0,24.0,16.0,1.4,0.5,1000.0,30.91
1401,UK_3073780225960,per_100g,1475.0,4.4,4.6,3.1,0.01,,134.0,69.09
1402,UK_3023290018354,per_100g,56.0,10.0,0.2,0.133333333333333,3.73333333333333,,39.33333333333329,81.82
1403,UK_00208000,per_100g,61.0,10.8,0.1,,3.8,,122.0,80.0
1404,UK_3341502000110,per_100g,360.0,16.0,33.0,23.0,0.05,0.5,880.0,30.91
1405,UK_20103354,per_100g,141.0,6.9,11.0,7.7,3.0,0.6,256.0,61.82
1406,UK_4016241030580,per_100g,60.0,8.5,0.2,0.1,6.8,0.0,47.0,80.0
1407,UK_5202390013836,per_100g,244.0,0.0,24.0,21.0,0.0,,480.0,40.0
1408,UK_4056489896364,per_100g,63.0,9.2,0.6,0.5,4.4,0.5,149.0,80.0
1409,UK_20103286,per_100g,119.0,5.5,22.5,15.7,3.0,0.5,272.0,45.45
1410,UK_5057753127275,per_100g,56.0,8.9,0.9,0.5,3.1,0.0,2636.0,63.64
1411,UK_7622201694777,per_100g,140.0,7.2,10.0,6.7,5.3,0.4,364.0,50.91
1412,UK_4056489159988,per_100g,416.666666666667,25.4,34.9,21.7,0.0,0.0,1800.0,27.27
1413,UK_4056489159995,per_100g,416.0,25.4,34.9,21.7,0.0,0.0,720.0,32.73
1414,UK_5000462979826,per_100g,294.773741236456,22.7,21.5,13.6,1.0,,568.0,38.18
1415,UK_29145270,per_100g,259.0,4.6,25.2,16.1,3.5,0.1,160.0,47.27
1416,UK_01810387,per_100g,150.0,9.7,11.0,7.6,3.9,0.7,197.0,63.64
1417,UK_3236240070313,per_100g,252.0,5.9,24.0,17.0,3.0,,440.0,41.82
1418,UK_5000295141612,per_100g,310.0,29.1,21.5,13.6,0.1,,708.0,36.36
1419,UK_5057967395033,per_100g,157.0,9.7,11.0,6.9,3.6,0.0,157.0,67.27
1420,UK_5900531007019,per_100g,92.5,14.0,3.0,2.0,2.0,,0.275,78.18
1421,UK_4088600100432,per_100g,96.0,11.9,3.4,2.1,3.6,0.5,157.0,74.55
1422,UK_20024727,per_100g,351.0,16.2,31.0,20.5,1.0,0.0,520.0,38.18
1423,UK_4088600100449,per_100g,62.6666666666667,11.3,0.4,0.1,3.0,0.0,153.0,80.0
1424,UK_5057753909536,per_100g,416.0,25.4,34.9,21.7,0.1,0.0,712.0,32.73
1425,UK_4088600046662,per_100g,152.0,9.5,10.9,6.9,3.8,0.4,275.0,63.64
1426,UK_5000295157408,per_100g,336.666666666667,0.2,25.6,22.1,0.4,4.9,840.0,40.0
1427,UK_3023290025338,per_100g,60.0,10.0,0.4,0.2,3.8,,5.9999999999999995e-05,81.82
1428,UK_5052449483161,per_100g,256.666666666667,4.4,24.0,14.0,3.5,0.6,149.0,47.27
1429,UK_3023290018415,per_100g,54.9713193116634,10.0,0.2,0.133333333333333,3.13333333333333,0.0,39.33333333333329,81.82
1430,UK_4061462555282,per_100g,278.0,16.7,23.2,15.6,0.2,0.0,920.0,30.91
1431,UK_5051140455736,per_100g,280.0,16.9,23.0,17.1,0.0,0.0,760.0,34.55
1432,UK_5057545828847,per_100g,234.0,17.0,18.0,12.0,1.0,,240.0,47.27
1433,UK_5900531000010,per_100g,97.0,11.0,5.0,3.5,1.5,0.0,275.0,69.09
1434,UK_5038961002318,per_100g,193.333333333333,16.0,25.0,18.0,0.5,,800.0,34.55
1435,UK_5057373126719,per_100g,300.0,20.7,22.5,16.2,2.5,0.1,1062.0,30.91
1436,UK_01729313,per_100g,313.333333333333,20.2,25.2,18.6,0.5,0.5,1031.0,30.91
1437,UK_5000295109094,per_100g,416.0,25.4,34.9,21.7,0.1,0.0,720.0,32.73
1438,UK_5000169247266,per_100g,251.0,4.5,24.5,15.6,3.0,0.0,200.0,45.45
1439,UK_4061459179002,per_100g,316.0,20.2,25.2,18.6,1.7,0.0,1031.0,30.91
1440,UK_4061459769906,per_100g,416.666666666667,25.0,35.0,21.6666666666667,0.0,,706.666666666667,32.73
1441,UK_5025840003689,per_100g,65.0,12.2,0.1,0.0,3.7,0.0,39.0,81.82
1442,UK_3073781160031,per_100g,147.0,15.0,7.0,4.7,6.0,,600.0,50.91
1443,UK_5057753902384,per_100g,416.0,25.4,34.9,21.7,0.1,0.0,720.0,32.73
1444,UK_5038961001144,per_100g,290.0,18.0,25.0,18.0,0.5,0.5,787.0,34.55
1445,UK_01304893,per_100g,215.0,16.9,15.9,11.1,1.0,0.5,990.0,32.73
1446,UK_20428761,per_100g,416.0,25.4,34.9,21.7,0.05,0.25,708.0,32.73
1447,UK_4056489720164,per_100g,96.0,7.0,6.0,4.2,3.2,0.0,180.0,69.09
1448,UK_4056489028772,per_100g,368.0,23.0,30.0,21.0,0.0,0.0,640.0,34.55
1449,UK_01222685,per_100g,347.0,23.9,27.9,19.4,0.5,0.5,551.0,36.36
1450,UK_4088600258775,per_100g,82.0,12.3,1.8,1.1,4.0,0.0,0.16899999999999998,78.18
1451,UK_5010578008068,per_100g,63.0,10.8,0.3,0.2,2.9,0.0,320.0,76.36
1452,UK_3228023190042,per_100g,264.0,15.5,20.0,13.6,4.1,,720.0,36.36
1453,UK_4061462510809,per_100g,400.0,18.0,24.0,16.0,0.2,0.0,960.0,30.91
1454,UK_4056489896661,per_100g,308.0,25.6,22.4,15.2,0.4,2.0,596.0,41.82
1455,UK_5057967013869,per_100g,416.666666666667,25.4,34.9,21.7,0.1,0.0,720.0,32.73
1456,UK_01644432,per_100g,402.0,32.4,29.7,19.6,0.0,0.0,551.0,36.36
1457,UK_01483246,per_100g,395.161290322581,18.0,18.5,13.0,1.5,0.5,197.0,45.45
1458,UK_4061462209802,per_100g,398.0,33.0,29.0,18.4,0.0,0.0,590.0,36.36
1459,UK_5010525189680,per_100g,263.333333333333,4.66666666666667,25.6666666666667,15.3333333333333,3.66666666666667,0.666666666666667,143.333333333333,47.27
1460,UK_5054268932646,per_100g,66.1249203314212,11.5,0.2,0.0,3.5,0.5,40.0,81.82
1461,UK_4061464320642,per_100g,257.0,18.2,19.8,12.4,0.8,0.0,532.0,40.0
1462,UK_4056489221678,per_100g,416.666666666667,25.0,35.0,22.0,0.1,,708.0,32.73
1463,UK_5052909824848,per_100g,105.0,9.5,5.6,3.8,3.9,,169.0,72.73
1464,UK_5051140449377,per_100g,402.0,32.4,29.7,19.6,0.0,0.0,652.0,34.55
1465,UK_01697063,per_100g,446.428571428571,25.4,34.9,21.7,0.5,0.5,724.0,30.91
1466,UK_50513024,per_100g,286.0,13.0,25.0,18.0,0.80000001192093,,600.0,38.18
1467,UK_5000169252086,per_100g,281.0,5.0,27.4,18.4,3.1,0.0,180.0,47.27
1468,UK_5057545828885,per_100g,364.0,17.0,32.4,22.0,1.0,0.0,500.0,38.18
1469,UK_3415581101928,per_100g,251.0,4.3,17.0,10.4,18.8,0.0,64.0,41.82
1470,UK_5012262004011,per_100g,184.0,4.0,10.3,6.4,18.2,,67.0,50.91
1471,UK_5010238020355,per_100g,230.0,3.1,15.0,9.5,17.3,0.2,40.0,47.27
1472,UK_8711327529793,per_100g,357.692307692308,2.1,7.5,6.7,19.0,0.5,32.0,50.91
1473,UK_8714100590430,per_100g,174.0,1.0,5.8,4.9,22.0,,84.0,54.55
1474,UK_3415581113921,per_100g,306.0,4.5,19.9,12.7,25.2,2.4,44.0,43.64
1475,UK_00393645,per_100g,220.588235294118,3.97058823529412,14.4117647058824,10.5882352941176,17.5,1.32352941176471,57.3529411764706,47.27
1476,UK_3415581114928,per_100g,261.0,4.0,14.7,9.8,25.3,0.3,232.0,38.18
1477,UK_5000169595336,per_100g,199.0,4.0,12.3,8.1,17.8,0.5,52.0,49.09
1478,UK_5036589250838,per_100g,,,,,,,0.0,72.73
1479,UK_3415581105926,per_100g,240.0,4.0,15.0,10.0,21.8,0.2,60.0,45.45
1480,UK_5012262004516,per_100g,201.0,3.8,10.3,6.4,22.0,,67.0,50.91
1481,UK_8711327373013,per_100g,273.0,3.6,13.0,8.9,27.0,,68.0,43.64
1482,UK_3415581176025,per_100g,253.0,3.6,13.6,9.3,25.7,0.4,112.0,40.0
1483,UK_4056489977681,per_100g,249.0,4.3,16.9,10.9,19.9,0.5,47.0,41.82
1484,UK_5057967164523,per_100g,231.0,4.2,16.0,10.7,15.9,0.6,70.0,45.45
1485,UK_5012262004028,per_100g,184.0,4.0,10.3,6.4,18.3,,140.0,49.09
1486,UK_8711327637696,per_100g,273.0,4.1,15.0,9.2,25.0,0.6,67.0,41.82
1487,UK_5060081113735,per_100g,148.0,2.9,9.3,5.7,12.6,,40.0,60.0
1488,UK_8712566291144,per_100g,187.0,3.0,9.1,6.0,21.0,,84.0,52.73
1489,UK_3415581152920,per_100g,262.0,4.4,16.3,11.1,20.8,0.5,88.0,41.82
1490,UK_5056285800151,per_100g,127.0,4.5,3.8,2.2,11.0,,224.0,63.64
1491,UK_5000169263594,per_100g,242.0,4.2,16.3,10.9,19.5,0.5,52.0,41.82
1492,UK_3415581153026,per_100g,263.0,4.0,14.9,9.1,27.6,0.2,122.0,38.18
1493,UK_5029728010004,per_100g,386.0,10.0,2.3,0.5,0.5,,185.0,70.91
1494,UK_5026646000452,per_100g,229.0,3.4,11.0,7.2,22.1,0.3,71.0,49.09
1495,UK_5026646020702,per_100g,97.0,1.8,5.5,3.5,8.5,0.2,12.0,65.45
1496,UK_8711327574991,per_100g,231.0,2.5,14.0,9.8,20.0,1.33333333333333,1970.0,29.09
1497,UK_00393638,per_100g,270.0,4.6,18.9,13.1,19.1,,1810.0,23.64
1498,UK_5000159560764,per_100g,268.686868686869,3.03030303030303,14.3434343434343,9.09090909090909,24.2424242424242,,70.7070707070707,41.82
1499,UK_5063334007737,per_100g,177.0,3.5,10.5,6.9,15.7,,32.0,52.73
1500,UK_5010525354125,per_100g,175.0,2.9,12.6,9.1,12.4,0.1,100.0,47.27
1501,UK_3415581520927,per_100g,223.456790123457,3.58024691358025,13.5802469135802,9.01234567901234,20.7407407407407,0.493827160493827,53.0864197530864,45.45
1502,UK_8711327318373,per_100g,310.0,2.83333333333333,18.3333333333333,13.8333333333333,21.6666666666667,1.5,78.3333333333333,43.64
1503,UK_4056489223368,per_100g,347.0,5.6,22.5,13.7,26.9,1.5,32.0,40.0
1504,UK_5036589253419,per_100g,76.0,3.1,1.3,0.8,13.0,,43.0,70.91
1505,UK_5000169263587,per_100g,243.0,3.8,13.2,8.4,27.0,,52.0,43.64
1506,UK_29141586,per_100g,233.0,5.9,15.8,8.6,14.9,0.6,230.0,45.45
1507,UK_8711327576957,per_100g,78.0,0.5,0.5,0.4,13.0,,8.0,69.09
1508,UK_5060002043981,per_100g,165.0,3.3,6.3,1.3,21.0,,92.0,61.82
1509,UK_8711327575011,per_100g,309.0,4.2,19.0,13.0,25.0,0.5,56.0,40.0
1510,UK_5060392490006,per_100g,127.0,2.8,4.8,3.2,13.0,,40.0,63.64
1511,UK_5059697752025,per_100g,190.625,6.09375,10.46875,4.375,15.9375,0.625,67.1875,61.82
1512,UK_8711327534001,per_100g,166.0,2.5,5.3,4.7,24.0,,40.0,52.73
1513,UK_8711327611757,per_100g,334.0,4.6,21.0,13.0,25.0,1.2,44.0,40.0
1514,UK_3415581165920,per_100g,248.0,3.4,13.4,8.2,26.7,,56.0,43.64
1515,UK_5060392490099,per_100g,144.0,2.4,6.6,4.4,16.0,,31.0,60.0
1516,UK_4088600320991,per_100g,122.0,3.6,3.2,2.7,13.7,5.7,90.0,74.55
1517,UK_4061462778940,per_100g,119.0,3.9,4.3,2.7,10.4,8.1,157.0,74.55
1518,UK_3415584409922,per_100g,224.0,3.6,13.6,,20.8,0.4,51.0,65.45
1519,UK_4056489223351,per_100g,341.0,4.2,22.1,15.1,27.6,1.6,44.0,38.18
1520,UK_4088600007304,per_100g,171.0,3.5,7.5,4.6,20.0,0.5,56.0,58.18
1521,UK_8714100083529,per_100g,181.0,0.5,5.0,4.5,25.0,0.5,79.0,52.73
1522,UK_5010238020133,per_100g,195.0,3.4,8.5,5.4,20.9,0.6,47.0,52.73
1523,UK_5060081112639,per_100g,108.0,2.4,2.5,1.8,9.9,,48.0,67.27
1524,UK_5060392490075,per_100g,132.0,2.8,5.6,2.3,13.0,0.5,79.0,65.45
1525,UK_5060198645716,per_100g,156.0,1.8,7.7,6.0,19.0,,0.0,56.36
1526,UK_5012262009931,per_100g,185.0,3.6,9.1,5.6,21.3,,51.0,52.73
1527,UK_8711327534322,per_100g,203.0,3.1,7.6,5.9,23.0,,79.0,50.91
1528,UK_4088600105871,per_100g,131.0,4.1999998092651,3.9000000953674,2.5999999046326,18.0,,63.999998569488,65.45
1529,UK_8711327534377,per_100g,214.0,2.8,9.5,7.8,22.0,,40.0,49.09
1530,UK_5000159560795,per_100g,341.948310139165,5.96421471172962,19.8807157057654,9.5427435387674,23.8568588469185,,93.4393638170974,38.18
1531,UK_3415581162929,per_100g,258.0,4.4,14.7,10.1,26.8,,98.0,38.18
1532,UK_00454230,per_100g,216.0,3.7,12.5,8.3,19.6,0.5,35.0,47.27
1533,UK_4335619016576,per_100g,338.0,3.7,21.9,15.4,27.5,1.7,24.0,38.18
1534,UK_4061459440140,per_100g,136.231884057971,1.88405797101449,4.20289855072464,3.6231884057971,17.6811594202899,0.0,23.1884057971014,61.82
1535,UK_4061461116408,per_100g,250.0,3.4,16.0,10.8,18.3,0.8,53.4246575342466,41.82
1536,UK_5036589252399,per_100g,146.0,2.8,9.5,5.8,12.1,,40.0,60.0
1537,UK_5052910791283,per_100g,174.0,2.8,9.3,7.4,19.0,0.8,100.0,47.27
1538,UK_40875125,per_100g,213.0,3.0,12.5,11.4,19.6,0.2,20.0,43.64
1539,UK_5060081116255,per_100g,122.0,0.7,5.5,4.9,11.0,,36.0,60.0
1540,UK_12136500,per_100g,239.0,3.3,12.5,8.3,27.5,0.6,0.0,43.64
1541,UK_5060081114039,per_100g,49.0909090909091,0.2,0.0,0.0,9.9,,0.0,69.09
1542,UK_5000169528655,per_100g,333.4,4.5,24.8,15.7,22.8,0.5,40.0,38.18
1543,UK_5060198645365,per_100g,227.0,3.5,12.0,7.7,23.0,0.8,39.0,47.27
1544,UK_5056285800175,per_100g,140.684410646388,4.18250950570342,4.18250950570342,2.77566539923954,15.9695817490494,0.0,98.8593155893536,63.64
1545,UK_5060002044001,per_100g,186.0,2.8,7.2,2.4,23.0,,47.0,58.18
1546,UK_4088600096155,per_100g,272.0,3.1,10.0,7.8,25.0,,52.0,45.45
1547,UK_8711327635555,per_100g,68.0,1.6,2.4,1.7,7.8,,0.0,69.09
1548,UK_5000169612033,per_100g,196.0,4.5,10.2,6.8,20.6,0.5,0.0,50.91
1549,UK_5053947930836,per_100g,192.307692307692,3.46153846153846,6.34615384615385,4.23076923076923,23.0769230769231,1.92307692307692,76.9230769230769,56.36
1550,UK_3415587547027,per_100g,344.117647058824,3.82352941176471,21.7647058823529,13.9705882352941,28.8235294117647,1.02941176470588,144.117647058824,36.36
1551,UK_5060002044018,per_100g,,,,,,,0.0,72.73
1552,UK_4088600165530,per_100g,215.0,3.6,12.0,8.3,21.0,,44.0,47.27
1553,UK_8711327533950,per_100g,143.0,2.3,4.3,3.9,17.0,,0.0,61.82
1554,UK_5060081113759,per_100g,123.0,4.1,3.6,2.9,13.0,1.9,130.0,67.27
1555,UK_00333047,per_100g,166.666666666667,3.57142857142857,7.61904761904762,5.47619047619048,16.4285714285714,1.19047619047619,57.142857142857096,60.0
1556,UK_8711327535138,per_100g,198.0,3.0,7.3,6.6,22.0,,228.0,47.27
1557,UK_8711327326750,per_100g,142.647058823529,1.61764705882353,3.08823529411765,2.79411764705882,17.6470588235294,2.05882352941176,35.294117647058805,67.27
1558,UK_5057753907372,per_100g,224.0,3.8,13.3,8.9,19.9,0.5,28.0,47.27
1559,UK_8711327374171,per_100g,255.0,4.1,14.0,9.7,25.0,1.0,0.075,43.64
1560,UK_8711327483071,per_100g,333.0,4.5,17.0,12.0,30.0,0.140845070422535,140.0,34.55
1561,UK_3415583001929,per_100g,262.0,4.1,15.2,8.9,25.8,0.9,75.0,43.64
1562,UK_3415581545920,per_100g,267.0,3.9,15.7,10.0,24.2,0.1,0.22,41.82
1563,UK_00738668,per_100g,408.333333333333,6.6,5.6,3.9,24.7,0.0036,100.0,47.27
1564,UK_8711327539624,per_100g,296.0,4.1,16.0,8.2,27.0,1.6,230.0,41.82
1565,UK_8711327626638,per_100g,254.0,3.8,12.0,5.9,19.0,2.0,76.0,54.55
1566,UK_4088600389134,per_100g,156.0,3.6,7.4,3.9,18.7,0.2,39.0,61.82
1567,UK_4056489145141,per_100g,260.0,4.0,13.6,9.5,28.9,1.5,63.0,41.82
1568,UK_00415736,per_100g,174.0,2.0,5.5,4.2,21.7,0.9,52.0,56.36
1569,UK_5000157062673,per_100g,51.0,0.8,2.1,0.2,4.8,0.6,200.0,67.27
1570,UK_5056053308742,per_100g,19.6428571428571,3.5,2.3,1.4,1.5,0.9,256.0,70.91
1571,UK_5056053305703,per_100g,51.0714285714286,1.96428571428571,2.28571428571429,1.42857142857143,0.571428571428571,0.142857142857143,49.642857142857096,72.73
1572,UK_5056053305802,per_100g,32.1428571428571,1.5,0.785714285714286,0.214285714285714,1.57142857142857,1.57142857142857,154.642857142857,72.73
1573,UK_5391511420209,per_100g,68.0,1.9,4.3,2.6,2.3,1.3,315.0,67.27
1574,UK_5060430292760,per_100g,50.0,3.7,1.2,0.3,1.9,3.7,228.0,78.18
1575,UK_5056053307684,per_100g,51.4285714285714,1.25,2.5,1.39285714285714,4.85714285714286,1.17857142857143,0.0,70.91
1576,UK_5056053305826,per_100g,53.0,1.7,2.8,0.4,1.0,0.7,205.0,70.91
1577,UK_5056053308803,per_100g,44.0,3.1,1.4,1.1,1.8,1.7,176.0,72.73
1578,UK_01799095,per_100g,47.752808988764,2.4,1.701,0.999,1.401,3.21,188.1,76.36
1579,UK_5056053305727,per_100g,36.0714285714286,1.64285714285714,1.21428571428571,0.178571428571429,3.67857142857143,0.821428571428571,168.571428571429,72.73
1580,UK_5060430292784,per_100g,51.0,1.8,1.8,1.1,1.3,2.6,0.43,76.36
1581,UK_5012427072206,per_100g,36.0,2.0,0.2,0.0,2.1,1.2,252.0,72.73
1582,UK_01498257,per_100g,65.0,3.7,1.3,0.1,3.6,1.8,200.0,74.55
1583,UK_5060430291909,per_100g,70.0,4.44444444444444,1.0,0.111111111111111,1.4,5.91111111111111,130.222222222222,81.82
1584,UK_5056053305789,per_100g,35.7142857142857,1.32142857142857,1.07142857142857,0.178571428571429,0.0714285714285714,0.857142857142857,233.214285714286,69.09
1585,UK_5000157062680,per_100g,26.5,1.6,3.0,0.4,1.2,0.1,236.0,69.09
1586,UK_5034124007626,per_100g,66.0,3.6,1.9,1.2,1.2,3.0,224.0,76.36
1587,UK_00894531,per_100g,55.0,2.8,1.8,0.3,1.0,0.9,500.0,65.45
1588,UK_5052003557963,per_100g,52.3333333333333,2.4,1.0,0.1,2.8,2.2,161.0,76.36
1589,UK_5060262485408,per_100g,100.0,8.09523809523809,3.33333333333333,0.476190476190476,5.23809523809524,0.0,3428.5714285714303,50.91
1590,UK_5000157062734,per_100g,13.8025812619503,2.4,0.2,0.0,1.4,0.8,240.0,70.91
1591,UK_4088600068367,per_100g,56.0,0.8,2.3,0.2,4.6,0.6,200.0,67.27
1592,UK_5056053305741,per_100g,31.0,1.1,1.4,0.7,2.9,0.9,161.0,70.91
1593,UK_8712566479528,per_100g,90.0,4.9,3.1,1.5,2.2,0.9,5704.0,50.91
1594,UK_5000157062741,per_100g,47.0,1.1,0.8,0.1,3.2,0.9,240.0,69.09
1595,UK_5056053308780,per_100g,65.0,2.7,2.5,0.2,3.0,2.2,196.0,74.55
1596,UK_5000157062758,per_100g,51.0,0.8,2.1,0.2,4.8,0.6,197.0,67.27
1597,UK_00851985,per_100g,43.0,2.1,0.5,0.1,2.2,1.1,169.0,74.55
1598,UK_5060430292746,per_100g,58.0,4.1,0.7,0.1,1.8,3.8,120.0,81.82
1599,UK_00122030,per_100g,52.3333333333333,1.0,1.8,0.7,4.2,,148.0,70.91
1600,UK_5063250549274,per_100g,72.3333333333333,1.8,4.3,2.8,5.1,0.6,177.0,67.27
1601,UK_5391511420780,per_100g,82.0,2.9,4.3,2.5,1.6,,256.0,67.27
1602,UK_01538229,per_100g,60.0,3.4,1.3,0.2,4.1,3.0,96.0,80.0
1603,UK_5012427212404,per_100g,47.0,2.3,1.1,0.3,1.5,2.2,181.0,74.55
1604,UK_5060660910588,per_100g,43.0,3.0,1.3,0.2,1.5,1.16,0.36000000000000004,76.36
1605,UK_5012427141100,per_100g,36.0,0.9,0.5,0.2,1.9,0.8,236.0,69.09
1606,UK_5036589255451,per_100g,45.0,0.7,2.3,1.5,3.9,0.8,165.0,69.09
1607,UK_5012427142701,per_100g,61.0,1.4,2.3,1.4,5.1,0.1,268.0,65.45
1608,UK_5036589255475,per_100g,15.0,2.6,3.6,2.2,1.5,0.8,176.0,69.09
1609,UK_5060660910038,per_100g,35.8,0.6,1.2,0.4,3.2,2.2,157.0,74.55
1610,UK_5056053309978,per_100g,41.0,1.8,0.9,0.9,2.3,1.6,197.0,72.73
1611,UK_5060660910557,per_100g,38.7,1.6,1.6,0.2,1.9,1.7,157.0,72.73
1612,UK_5060960662309,per_100g,24.8,1.32,1.8,0.28,0.8,0.52,288.0,67.27
1613,UK_5060430208730,per_100g,51.0,1.8,1.8,1.1,1.3,2.6,130.0,74.55
1614,UK_5012427142503,per_100g,48.0,2.1,0.7,0.2,1.7,1.3,260.0,72.73
1615,UK_00163514,per_100g,27.0,1.0,2.0,0.6,0.6,0.5,236.0,69.09
1616,UK_5070000140100,per_100g,13.0,3.2,0.0,0.0,0.2,0.0,40.0,74.55
1617,UK_8422174010029,per_100g,40.0,0.9,2.2,0.4,3.3,1.2,244.0,70.91
1618,UK_5000157062659,per_100g,49.0,0.8,1.8,1.1,0.8,0.6,240.0,67.27
1619,UK_00220552,per_100g,54.0,2.9,1.5,0.1,2.4,2.9,212.0,76.36
1620,UK_5034124007725,per_100g,41.0,1.4,1.9,1.5,1.8,1.8,212.0,69.09
1621,UK_5000157146816,per_100g,51.0,0.7,1.9,0.2,4.0,0.6,200.0,69.09
1622,UK_5012427212503,per_100g,36.0,0.6,1.5,1.2,2.6,1.6,144.0,70.91
1623,UK_5391511420421,per_100g,81.0,1.0,6.3,3.9,3.9,1.0,236.0,65.45
1624,UK_5036589255512,per_100g,53.0,1.7,1.7,0.9,1.8,2.2,176.0,76.36
1625,UK_5056053308827,per_100g,65.0,2.5,4.2,2.9,1.8,0.6,208.0,67.27
1626,UK_01016369,per_100g,46.6666666666667,1.4,0.933333333333333,0.1,3.56666666666667,3.86666666666667,188.0,76.36
1627,UK_5000157062697,per_100g,53.5,1.65,2.85,0.4,2.25,0.1,236.0,70.91
1628,UK_00816359,per_100g,63.0,1.0,3.6,1.1,5.4,3.1,180.0,72.73
1629,UK_01221008,per_100g,57.0,1.0,2.7,0.2,5.7,,176.0,69.09
1630,UK_5000157063441,per_100g,32.0,1.3,0.3,0.1,1.2,0.2,0.6,72.73
1631,UK_5012427141209,per_100g,58.0,1.7,1.9,0.3,2.5,8.4,256.0,80.0
1632,UK_00816243,per_100g,42.25,3.2,0.9,0.1,2.2,2.7,197.0,74.55
1633,UK_00816298,per_100g,45.0,2.0,0.30000001192093,0.10000000149012,2.4000000953674,,172.0,72.73
1634,UK_29285976,per_100g,91.0,1.5,6.3,3.1,4.1,0.5,280.0,60.0
1635,UK_00816304,per_100g,34.0,0.9,0.5,0.1,4.1,0.6,200.0,69.09
1636,UK_5056053305864,per_100g,61.0714285714286,5.0,1.71428571428571,0.535714285714286,0.928571428571429,1.60714285714286,182.5,76.36
1637,UK_5000157062864,per_100g,60.0,1.7,1.0,0.1,3.6,,240.0,70.91
1638,UK_00473682,per_100g,60.3333333333333,2.6,3.3,1.4,1.2,0.8,200.0,69.09
1639,UK_01679793,per_100g,57.0,1.0,2.7,0.2,5.7,1.0,173.0,70.91
1640,UK_5052109897819,per_100g,66.0,0.8,3.8,2.7,3.4,1.8,100.0,69.09
1641,UK_5057753901165,per_100g,23.0,2.8,0.5,0.1,1.4,1.2,189.0,72.73
1642,UK_5050179965940,per_100g,33.0,0.6,1.6,0.1,2.9,2.2,172.0,74.55
1643,UK_01851465,per_100g,57.0,3.4,0.5,0.1,2.1,2.2,188.0,76.36
1644,UK_5000232865106,per_100g,64.0,1.9,1.7,1.0,1.8,1.3,180.0,74.55
1645,UK_5012427141407,per_100g,50.0,1.3,2.4,1.0,2.7,1.7,300.0,69.09
1646,UK_5000436960065,per_100g,58.0,1.0,2.6,0.2,5.0,1.0,224.0,69.09
1647,UK_00772303,per_100g,55.0,1.0,2.8,1.1,5.0,1.3,190.666666666667,67.27
1648,UK_5056053308704,per_100g,52.0,1.6,2.5,0.2,2.5,1.1,224.0,70.91
1649,UK_00220576,per_100g,54.0,2.9,1.5,0.5,0.6,0.6,200.0,70.91
1650,UK_5012427211506,per_100g,52.0,3.1,1.3,0.4,2.8,0.5,188.0,70.91
1651,UK_5060430292845,per_100g,54.0,2.8,1.2,0.1,1.6,4.1,177.0,80.0
1652,UK_5000157062635,per_100g,32.0,1.0,0.2,0.0,1.8,0.8,240.0,69.09
1653,UK_5000157062727,per_100g,58.0,2.0,1.9,0.3,4.4,0.6,240.0,70.91
1654,UK_5012427143708,per_100g,37.0,0.6,0.525,0.325,3.5,0.5,211.5,69.09
1655,UK_5000157074829,per_100g,36.0,0.5,0.6,0.1,4.5,0.2,200.0,69.09
1656,UK_5012427143906,per_100g,49.0,3.3,0.8,0.2,0.9,1.8,224.0,74.55
1657,UK_01851083,per_100g,57.0,1.0,2.8,0.2,5.4,,172.0,69.09
1658,UK_01016154,per_100g,49.92,3.1,2.4,1.2,1.7,0.5,200.0,69.09
1659,UK_5060960660725,per_100g,30.0,1.1,2.0,0.2,0.6,0.4,440.0,65.45
1660,UK_4061462739460,per_100g,65.0,3.06666666666667,2.26666666666667,0.333333333333333,3.03333333333333,1.5,204.666666666667,72.73
1661,UK_5014276432705,per_100g,100.0,7.1,3.6,1.0,9.8,4.44444444444444,4800.0,56.36
1662,UK_5000232865229,per_100g,50.5,3.3,1.025,0.475,1.575,1.175,196.75,74.55
1663,UK_5000157064448,per_100g,58.0,0.9,3.0,0.2,4.75,0.4,216.5,67.27
1664,UK_7613287194374,per_100g,362.5,11.8,2.2,0.5,0.7,12.5,20.0,83.64
1665,UK_7613031473113,per_100g,357.777777777778,12.2,2.2,0.5,0.7,12.2,20.0,83.64
1666,UK_7613287152183,per_100g,364.0,11.0,1.8,0.3,13.0,12.0,288.0,74.55
1667,UK_8445291301948,per_100g,376.666666666667,10.0,4.66666666666667,1.0,17.6666666666667,9.66666666666667,313.33333333333303,72.73
1668,UK_8445290345608,per_100g,380.0,9.3333333333333,5.0,1.0,17.666666666667,9.0,333.3333,72.73
1669,UK_7613287157201,per_100g,380.0,9.9,4.8,1.0,17.66667,9.66667,313.33,72.73
1670,UK_7613287136053,per_100g,364.0,10.8,1.8,0.3,12.5,12.0,288.0,74.55
1671,UK_7613287171009,per_100g,367.5,11.75,2.25,0.5,0.75,,20.0,74.55
1672,UK_5011476102223,per_100g,380.0,12.0,5.4,1.2,15.0,9.8,16.0,76.36
1673,UK_7613287170989,per_100g,367.0,11.8,2.2,0.5,0.7,12.5,20.0,83.64
1674,UK_8445290384874,per_100g,364.0,10.8,1.8,0.3,12.5,12.0,288.0,74.55
1675,UK_5000426171518,per_100g,426.0,2.2,13.3,7.6,66.2,2.8,4.0,36.36
1676,UK_8002270576829,per_100g,23.0,0.09,0.0,,4.45,0.03,1.21,72.73
1677,UK_8715000934720,per_100g,322.0,7.6,8.0,5.0,55.0,,104.0,38.18
1678,UK_8002270506833,per_100g,19.3939393939394,0.0909090909090909,0.0,0.0,4.39393939393939,0.0303030303030303,1.21212121212121,72.73
1679,UK_7613031473090,per_100g,357.0,12.3,2.2,0.5,0.7,14.0,40.0,83.64
1680,UK_7613287169990,per_100g,376.666666666667,9.33333333333333,4.0,0.666666666666667,22.3333333333333,9.0,0.0,76.36
1681,UK_5900020042538,per_100g,382.0,7.4,1.4,0.5,8.8,4.2,523.0,69.09
1682,UK_8002270000515,per_100g,0.0,0.0,0.0,0.0,0.0,0.0,1.248,72.73
1683,UK_3023290041703,per_100g,66.0,12.0,0.2,0.133333333333333,2.73333333333333,,40.0,81.82
1684,UK_8002270018213,per_100g,,,,,,,3.33,72.73
1685,UK_3023290624012,per_100g,150.847457627119,4.91525423728814,4.23728813559322,2.88135593220339,21.864406779661,1.35593220338983,86.4406779661017,67.27
1686,UK_7613031513031,per_100g,64.1148325358852,3.68421052631579,1.81818181818182,1.14832535885167,7.89473684210526,0.334928229665072,49.7607655502392,72.73
1687,UK_8002270396885,per_100g,20.3030303030303,0.0909090909090909,0.0303030303030303,,4.51515151515152,0.0303030303030303,0.0,70.91
1688,UK_8002270586835,per_100g,20.0,0.1,0.0,0.0,4.3,0.2,0.01,72.73
1689,UK_7613036147651,per_100g,357.777777777778,12.2,2.2,0.5,0.7,12.2,20.0,83.64
1690,UK_8445291266100,per_100g,370.0,9.5,1.5,0.75,22.25,9.25,630.0,56.36
1691,UK_4088600109411,per_100g,386.66666667,7.66666667,1.0,0.333333333333333,6.0,2.66666666666667,240.0,70.91
1692,UK_5011546415499,per_100g,,,,,,,0.0,72.73
1693,UK_8445290856296,per_100g,300.0,1.66666666666667,16.6666666666667,13.3333333333333,5.0,0.0,200.0,43.64
1694,UK_7613287170149,per_100g,378.0,9.3,3.9,0.8,22.4,8.7,264.0,72.73
1695,UK_8445290146434,per_100g,468.0,3.3,20.2,11.6,57.7,1.4,92.0,27.27
1696,UK_8445290856272,per_100g,569.230769230769,3.07692307692308,32.3076923076923,24.6153846153846,10.7692307692308,0.0,369.230769230769,30.91
1697,UK_8445291609181,per_100g,488.888888888889,3.3,20.8,12.0,57.7,1.4,22.0,29.09
1698,UK_7613031513611,per_100g,75.0,3.6,1.8,1.1,9.9,0.0,44.0,70.91
1699,UK_3023290453674,per_100g,92.9411764705882,5.05882352941176,2.70588235294118,1.76470588235294,10.7058823529412,,41.1764705882353,70.91
1700,UK_7613036193047,per_100g,496.0,3.7,21.3,12.2,63.9,2.4,48.0,29.09
1701,UK_5011476102131,per_100g,412.0,6.1,9.0,1.0,24.0,6.4,315.0,58.18
1702,UK_7613031418947,per_100g,98.0,3.9,2.7,1.8,13.2,0.0,100.0,67.27
1703,UK_7613287579706,per_100g,471.0,5.4,18.7,11.3,60.1,1.9,52.0,29.09
1704,UK_5000243729091,per_100g,374.0,8.7,1.5,0.3,22.4,7.0,248.0,72.73
1705,UK_7613035220065,per_100g,503.614457831325,7.0,24.5,13.5,49.4,2.3,88.0,29.09
1706,UK_7613287133687,per_100g,364.0,11.0,1.8,0.3,13.0,12.0,288.0,74.55
1707,UK_7613287238474,per_100g,544.0,6.0,31.3,18.9,52.4,,16.8,25.45
1708,UK_8445291254107,per_100g,393.333333333333,6.7,5.2,0.9,22.4,6.0,260.0,61.82
1709,UK_7613287367143,per_100g,364.0,10.8,1.8,0.3,12.5,12.0,290.0,74.55
1710,UK_8002270011054,per_100g,,,,,,,0.0,72.73
1711,UK_7613038462646,per_100g,390.0,7.6,1.2,0.4,9.5,1.5,240.0,67.27
1712,UK_8445291264816,per_100g,365.0,9.7,2.2,0.7,22.2,11.1,610.0,56.36
1713,UK_7613034043870,per_100g,456.0,6.3,24.5,14.3,56.8,2.2,96.0,27.27
1714,UK_7613036099400,per_100g,502.0,7.0,24.5,13.4,49.4,2.3,88.0,29.09
1715,UK_7613287194367,per_100g,382.0,9.4,4.7,0.9,17.6,,336.0,63.64
1716,UK_8717405008433,per_100g,304.0,5.5,6.0,3.5,56.2,0.0,60.0,43.64
1717,UK_7613031513062,per_100g,,,,,,,0.0,72.73
1718,UK_7613287005700,per_100g,,,,,,,0.0,72.73
1719,UK_8445290420930,per_100g,336.0,7.9,1.4,0.3,17.0,8.2,56.0,76.36
1720,UK_8888082140706,per_100g,410.0,11.6666666666667,10.0,5.0,40.0,4.33333333333333,143.333333333333,47.27
1721,UK_8002270616839,per_100g,23.6363636363636,0.0909090909090909,0.0,0.0,4.48484848484848,,1.21212121212121,72.73
1722,UK_3023290078976,per_100g,,,,,,,0.0,72.73
1723,UK_7613033126390,per_100g,487.179487179487,6.41025641025641,27.1794871794872,15.8974358974359,52.3076923076923,2.05128205128205,79.4871794871795,29.09
1724,UK_8000300430493,per_100g,544.0,6.0,31.2,18.8,52.5,0.0,84.0,25.45
1725,UK_7613287154231,per_100g,364.0,10.8,1.8,0.3,12.5,12.0,288.0,74.55
1726,UK_50251797,per_100g,235.0,0.0,0.0,0.0,0.3,0.0,4.0,69.09
1727,UK_7613031513000,per_100g,390.0,0.0,0.0,0.0,81.9,0.0,10.0,47.27
1728,UK_7613039869123,per_100g,536.0,4.4,29.6,17.2,59.2,1.2,80.0,27.27
1729,UK_7613039535042,per_100g,505.0,9.1,25.0,10.0,56.0,2.0,43.0,30.91
1730,UK_7613034872630,per_100g,528.260869565217,6.95652173913043,29.3478260869565,17.3913043478261,56.7391304347826,2.17391304347826,217.391304347826,25.45
1731,UK_8445291524545,per_100g,502.415458937198,6.9,24.3,13.8,49.6,2.3,0.0,29.09
1732,UK_7613287195210,per_100g,383.3333,9.3333,4.6667,1.0,10.0,2.7,333.332,69.09
1733,UK_5011476100885,per_100g,376.666666666667,10.0,4.66666666666667,1.0,17.6666666666667,9.66666666666667,800.0,54.55
1734,UK_5011476102520,per_100g,368.0,9.0,1.5,0.2,27.0,10.0,248.0,61.82
1735,UK_7613037889857,per_100g,350.0,7.9,1.4,0.3,16.0,,28.0,67.27
1736,UK_7613287430984,per_100g,521.951219512195,2.68292682926829,29.7560975609756,18.5365853658537,34.6341463414634,10.0,68.2926829268293,40.0
1737,UK_7610100034084,per_100g,739.0,0.8,81.0,8.2,0.5,0.5,480.0,32.73
1738,UK_7613035220263,per_100g,503.0,6.7,24.5,13.7,51.0,2.1,92.0,27.27
1739,UK_5900085011029,per_100g,704.0,1.5,76.3,5.3,2.3,,236.0,45.45
1740,UK_8002270336850,per_100g,23.0,0.1,0.0,0.0,4.5,0.0,4.0,72.73
1741,UK_7613036241755,per_100g,488.0,4.0,23.1,13.0,57.6,1.1,120.0,25.45
1742,UK_5010238015252,per_100g,,,,,,,0.0,72.73
1743,UK_7613034989253,per_100g,480.0,6.0,22.0,12.0,60.0,1.2,50.0,27.27
1744,UK_7613038977638,per_100g,502.415458937198,6.76328502415459,24.6376811594203,13.5265700483092,49.2753623188406,2.41545893719807,96.61835748792271,27.27
1745,UK_7613036099387,per_100g,502.415458937198,5.79710144927536,25.6038647342995,14.0096618357488,44.9275362318841,5.31400966183575,0.0,36.36
1746,UK_8445290293312,per_100g,65.0,3.5,1.7,1.1,8.3,0.0,44.0,72.73
1747,UK_5010346000010,per_100g,160.0,7.6,9.0,6.1,12.1,,132.0,61.82
1748,UK_5024616003021,per_100g,,,,0.0,0.0,,2.3800000000000003,72.73
1749,UK_3023290062777,per_100g,60.0,12.0,0.2,0.133333333333333,2.73333333333333,,39.33333333333329,81.82
1750,UK_7613036193061,per_100g,487.0,4.4,21.1,12.5,62.0,2.4,56.0,29.09
1751,UK_5011546415567,per_100g,,,,,,,0.0,72.73
1752,UK_11117780,per_100g,467.0,6.67,20.0,10.0,36.67,3.3,283.0,30.91
1753,UK_7613287430946,per_100g,538.888888888889,5.4,30.4,18.1,59.4,1.0,64.0,27.27
1754,UK_3023290456330,per_100g,121.0,3.9,4.9,3.4,13.0,,39.0,65.45
1755,UK_7613287238498,per_100g,535.0,4.3,29.4,17.1,62.1,0.7,88.0,25.45
1756,UK_5900020030405,per_100g,398.0,7.3,12.2,5.7,22.5,6.6,180.0,56.36
1757,UK_8593893776081,per_100g,471.0,3.3,21.2,11.8,58.4,3.7,0.030000000000000002,32.73
1758,UK_3023290080184,per_100g,75.0,10.0,0.285714285714286,0.214285714285714,4.64285714285714,,53.571428571428605,80.0
1759,UK_8445291401242,per_100g,538.888888888889,9.44444444444444,30.5555555555556,18.3333333333333,56.1111111111111,,0.0,25.45
1760,UK_8445291255999,per_100g,,,,,,,0.0,72.73
1761,UK_8445291569171,per_100g,502.415458937198,6.76328502415459,24.1545893719807,13.5265700483092,49.7584541062802,2.41545893719807,96.61835748792271,27.27
1762,UK_7613287959348,per_100g,,,,,,,0.0,72.73
1763,UK_5010346000003,per_100g,160.0,7.6,9.0,6.1,12.1,,132.0,61.82
1764,UK_5059319030517,per_100g,378.0,7.0,0.9,0.2,8.0,3.0,440.0,69.09
1765,UK_5000127062092,per_100g,356.666666666667,11.0,2.2,0.4,14.0,17.0,264.0,74.55
1766,UK_5059319029702,per_100g,338.591459528361,7.0,1.33333333333333,0.333333333333333,8.0,3.0,393.0,69.09
1767,UK_5059319029016,per_100g,393.333333333333,8.0,1.3,0.3,15.0,6.0,330.0,70.91
1768,UK_5059319033501,per_100g,378.0,7.0,0.9,0.2,8.0,3.0,433.0,69.09
1769,UK_5000127142190,per_100g,333.5,14.0,3.5,0.7,18.0,27.0,380.0,61.82
1770,UK_5053827193368,per_100g,356.666666666667,11.0,2.33333333333333,0.333333333333333,14.0,17.0,263.333333333333,74.55
1771,UK_5059319013473,per_100g,364.0,8.5,1.5,0.2,16.0,8.0,8.0,78.18
1772,UK_5059319004051,per_100g,407.5,9.0,4.7,3.0,23.0,8.8,433.0,52.73
1773,UK_5050083197840,per_100g,390.0,7.2,1.7,0.4,16.0,6.9,0.0,76.36
1774,UK_5059319032931,per_100g,396.666666666667,6.0,4.5,0.7,35.0,2.5,750.0,41.82
1775,UK_5000127163096,per_100g,392.0,8.0,1.3,0.3,15.0,6.0,840.0,52.73
1776,UK_5000127014084,per_100g,378.0,7.0,0.9,0.2,8.0,3.0,433.0,69.09
1777,UK_5059319024165,per_100g,389.0,7.0,1.2,0.4,7.9,2.9,393.0,69.09
1778,UK_5059319028958,per_100g,386.0,6.3,1.9,0.9,17.0,3.8,256.0,69.09
1779,UK_5000127141193,per_100g,334.0,14.0,3.5,0.7,18.0,27.0,380.0,61.82
1780,UK_5059319002781,per_100g,365.0,10.0,2.0,0.6,17.0,9.0,12.0,78.18
1781,UK_5059319024196,per_100g,376.666666666667,4.5,0.6,0.1,37.0,2.0,332.0,49.09
1782,UK_5059319035741,per_100g,380.0,10.0,4.66666666666667,0.666666666666667,20.0,8.33333333333333,143.333333333333,74.55
1783,UK_5053827209762,per_100g,398.0,6.0,4.5,0.7,35.0,2.5,300.0,49.09
1784,UK_5053827111348,per_100g,484.444444444444,8.3,23.0,9.55556,24.44444,6.0,302.21999999999997,41.82
1785,UK_5059319024479,per_100g,386.666666666667,6.3,1.9,0.9,17.0,3.8,210.0,69.09
1786,UK_5059319035895,per_100g,380.0,10.0,4.9,1.2,21.0,8.9,114.0,72.73
1787,UK_5059319002811,per_100g,359.0,11.0,1.8,0.2,13.0,7.6,4.0,80.0
1788,UK_5050083459825,per_100g,393.0,6.0,4.5,0.7,35.0,2.5,0.75,54.55
1789,UK_5000127010093,per_100g,378.0,7.0,0.9,0.2,8.0,3.0,200.0,72.73
1790,UK_5059319021218,per_100g,380.0,10.0,2.2,1.0,22.0,6.0,264.0,72.73
1791,UK_5059319036137,per_100g,430.0,21.0,2.6,0.9,13.0,7.6,90.0,80.0
1792,UK_5059319021836,per_100g,389.0,7.0,1.2,0.4,7.9,2.9,400.0,69.09
1793,UK_5059319013503,per_100g,397.0,12.0,1.7,0.4,0.9,11.0,0.0,81.82
1794,UK_5059319022437,per_100g,468.888888888889,8.0,16.0,4.8,30.0,4.5,295.0,47.27
1795,UK_5053827209632,per_100g,398.0,6.0,4.5,0.7,35.0,2.5,300.0,49.09
1796,UK_5059319036588,per_100g,313.0,12.0,2.8,0.5,15.0,26.0,360.0,74.55
1797,UK_5000127421257,per_100g,370.0,7.0,2.0,0.25,23.0,4.5,382.5,56.36
1798,UK_5059319016481,per_100g,469.0,9.3,17.0,4.0,13.0,9.5,4.0,72.73
1799,UK_5053827111300,per_100g,468.888888888889,7.2,22.0,7.5,27.0,7.0,252.0,47.27
1800,UK_5059319015279,per_100g,448.0,7.5,15.0,4.7,25.0,3.7,378.0,45.45
1801,UK_50127504,per_100g,408.0,9.0,4.7,3.0,23.0,8.8,440.0,52.73
1802,UK_5059319034997,per_100g,363.0,9.1,1.6,0.2,13.0,8.3,8.0,80.0
1803,UK_5059319013442,per_100g,377.0,8.8,1.5,0.2,16.0,7.9,8.0,78.18
1804,UK_5059319022314,per_100g,376.666666666667,4.5,0.6,0.1,37.0,2.0,332.0,49.09
1805,UK_5000127079502,per_100g,408.0,9.0,4.7,3.0,23.0,8.8,551.0,49.09
1806,UK_5059321004636,per_100g,386.046511627907,6.0,7.7,4.9,27.0,9.9,232.0,54.55
1807,UK_50127030,per_100g,349.0,9.3,2.0,0.3,30.0,,232.0,50.91
1808,UK_5059319022406,per_100g,469.0,8.2,15.0,3.2,26.0,4.7,336.0,50.91
1809,UK_5059319015200,per_100g,456.0,7.1,16.0,4.5,26.0,3.6,370.0,45.45
1810,UK_5050083542787,per_100g,367.567567567568,4.32432432432432,8.37837837837838,2.97297297297297,32.4324324324324,3.78378378378378,213.513513513514,50.91
1811,UK_5050083545221,per_100g,382.0,6.3,1.9,0.9,17.0,,260.0,61.82
1812,UK_5000127731257,per_100g,437.5,2.85714285714286,12.1428571428571,7.14285714285714,32.1428571428571,1.07142857142857,296.428571428571,34.55
1813,UK_5053827197182,per_100g,393.0,0.2,8.0,3.5,37.0,2.0,52.0,49.09
1814,UK_5059320000011,per_100g,400.0,3.75,10.0,9.8,60.0,4.0,680.0,23.64
1815,UK_5059320000424,per_100g,383.0,3.9,8.5,4.2,35.0,1.3,354.0,41.82
1816,UK_5000127730175,per_100g,436.111111111111,4.16666666666667,11.9444444444444,9.16666666666667,38.8888888888889,1.94444444444444,272.222222222222,30.91
1817,UK_5059321006715,per_100g,390.0,7.0,9.6,5.1,26.0,14.0,0.6,56.36
1818,UK_5053827197212,per_100g,382.352941176471,0.2,8.0,3.5,37.0,2.0,52.0,49.09
1819,UK_5050083449048,per_100g,438.888888888889,4.44444444444444,13.0555555555556,10.2777777777778,36.1111111111111,1.38888888888889,700.0,20.0
1820,UK_5059319002750,per_100g,392.0,10.0,8.0,4.5,19.0,,20.0,50.91
1821,UK_5059319005492,per_100g,470.0,7.4,21.0,8.88889,22.0,7.55556,311.11111111111103,45.45
1822,UK_5053827105453,per_100g,482.222222222222,7.5,23.0,9.0,22.0,,312.0,34.55
1823,UK_5059319031088,per_100g,388.0,7.2,1.9,0.6,15.0,4.8,264.0,72.73
1824,UK_5000127780064,per_100g,410.0,5.5,11.0,8.0,26.0,4.5,180.0,47.27
1825,UK_5050083344756,per_100g,395.555555555556,4.88888888888889,13.1111111111111,3.33333333333333,37.7777777777778,3.33333333333333,0.0,50.91
1826,UK_5050083542732,per_100g,367.567567567568,4.05405405,7.56756757,2.7027027027027,32.4324324324324,3.51351351351351,0.0,54.55
1827,UK_5000127153950,per_100g,380.975143403442,4.5,0.6,0.1,37.0,2.0,327.0,49.09
1828,UK_5059320001087,per_100g,389.583333333333,3.95833333333333,8.33333333333333,3.95833333333333,35.4166666666667,1.66666666666667,156.25,47.27
1829,UK_5059319022550,per_100g,448.0,7.5,15.0,4.7,25.0,3.7,113.4,50.91
1830,UK_5050083449031,per_100g,313.888888888889,4.44444444444444,13.0555555555556,10.2777777777778,36.1111111111111,1.38888888888889,611.1111111111111,21.82
1831,UK_5059319022581,per_100g,456.0,7.1,16.0,4.5,26.0,3.6,370.0,45.45
1832,UK_5053827186797,per_100g,367.0,4.2,8.3,3.0,33.0,3.8,216.0,52.73
1833,UK_5050083344787,per_100g,377.777777777778,2.88888888888889,8.88888888888889,1.11111111111111,37.7777777777778,2.44444444444444,175.555555555556,50.91
1834,UK_5000127730137,per_100g,1521.42857142857,2.86,12.1,7.13928571428571,32.1,1.07142857142857,296.0,34.55
1835,UK_5059319025063,per_100g,383.333333333333,8.8,4.2,2.0,21.0,8.3,87.0,74.55
1836,UK_5059321006760,per_100g,411.0,4.1,9.4,4.7,28.0,0.8,0.0,45.45
1837,UK_5059319032900,per_100g,396.666666666667,6.0,4.66666666666667,0.666666666666667,36.6666666666667,2.66666666666667,300.0,47.27
1838,UK_5059319036779,per_100g,386.0,6.3,1.9,0.9,17.0,3.8,0.0,72.73
1839,UK_5059321007712,per_100g,488.0,25.0,27.0,7.2,23.0,4.4,440.0,40.0
1840,UK_5059320001452,per_100g,462.5,9.0,17.75,2.0,22.75,6.25,137.5,60.0
1841,UK_5000127660069,per_100g,415.0,5.1,11.0,8.0,36.0,0.3,252.0,34.55
1842,UK_5050083393693,per_100g,383.0,7.0,0.9,0.2,8.0,3.0,452.0,67.27
1843,UK_5000127730168,per_100g,448.571428571428,4.16666666666667,11.9444444444444,9.16666666666667,38.8888888888889,1.94444444444444,272.222222222222,30.91
1844,UK_5059319021867,per_100g,375.0,4.5,0.6,0.1,2.0,2.0,327.0,67.27
1845,UK_5059319023915,per_100g,396.666666666667,9.33333333333333,4.33333333333333,0.666666666666667,22.0,7.66666666666667,250.0,61.82
1846,UK_5059319023991,per_100g,384.0,5.2,1.5,0.1,22.0,4.6,157.0,69.09
1847,UK_5059319030487,per_100g,376.666666666667,7.0,1.0,0.333333333333333,8.0,,1443.33333333333,45.45
1848,UK_5050083496424,per_100g,433.333333333333,4.44444444444444,13.0555555555556,10.2777777777778,36.1111111111111,1.38888888888889,0.6111111111111109,32.73
1849,UK_5059319036830,per_100g,389.0,7.0,1.2,0.4,7.9,2.9,393.0,69.09
1850,UK_5059319036953,per_100g,378.0,7.0,0.9,0.2,8.0,3.0,433.0,69.09
1851,UK_5059319037073,per_100g,484.444444444444,8.22222222222222,22.2222222222222,9.55555555555556,24.4444444444444,6.0,297.777777777778,41.82
1852,UK_5059321007743,per_100g,488.571428571428,26.0,27.0,7.0,24.0,3.4,433.0,40.0
1853,UK_5059319037103,per_100g,408.0,9.0,4.7,3.0,23.0,8.8,433.0,52.73
1854,UK_5059319038780,per_100g,377.0,7.1,1.6,0.3,34.0,5.0,8.0,61.82
1855,UK_5053827209205,per_100g,378.0,7.0,0.9,0.2,8.0,3.0,440.0,69.09
1856,UK_5053827193894,per_100g,356.666666666667,11.0,2.33333333333333,0.333333333333333,14.0,17.0,263.333333333333,74.55
1857,UK_5053827142229,per_100g,373.0,8.0,1.5,0.3,19.0,,380.0,50.91
1858,UK_5059321004018,per_100g,393.0,0.2,8.0,3.5,37.0,2.0,52.0,49.09
1859,UK_5050083451751,per_100g,425.0,2.85714286,12.14285714,7.14285714285714,32.1428571428571,1.07142857142857,296.428571428571,34.55
1860,UK_5050083392863,per_100g,402.0,6.0,4.5,0.7,35.0,2.5,300.0,49.09
1861,UK_5050083393624,per_100g,383.0,6.0,1.0,0.2,10.0,1.0,452.0,54.55
1862,UK_5053827182959,per_100g,484.0,8.3,23.0,12.0,21.0,,254.80000000000004,34.55
1863,UK_8901262177191,per_100g,267.0,5.1,15.8,7.7,21.2,,52.0,47.27
1864,UK_8901262010207,per_100g,724.0,1.0,80.0,48.0,0.0,,955.0,21.82
1865,UK_8904063220578,per_100g,285.0,8.8,12.4,2.6,3.7,3.1,251.2,74.55
1866,UK_8904063224101,per_100g,600.0,6.25,43.75,30.0,19.5833333333333,4.16666666666667,1013.3333333333301,23.64
1867,UK_8904063211125,per_100g,205.0,2.75,7.5,0.75,0.0,1.25,392.5,65.45
1868,UK_8445291140950,per_100g,,,,,,,0.0,72.73
1869,UK_8715000029723,per_100g,,,,,,,0.0,72.73
1870,UK_8445290163790,per_100g,308.0,7.1,5.1,1.3,20.0,8.8,5842.0,47.27
1871,UK_8445291140998,per_100g,329.0,6.7,5.0,1.3,20.6,9.3,3828.0,47.27
1872,UK_8445290163714,per_100g,381.0,6.7,9.9,5.3,42.0,3.9,80.0,47.27
1873,UK_8715000029716,per_100g,60.0,10.0,0.1,0.0,2.7,,9008.0,63.64
1874,UK_5000243726960,per_100g,184.0,0.6,0.0,0.0,40.5,2.2,1172.0,40.0
1875,UK_8445290922786,per_100g,357.0,5.5,2.0,0.3,50.8,1.0,3131.0,30.91
1876,UK_7613033910074,per_100g,79.0,9.8,0.5,0.1,1.9,,108.0,80.0
1877,UK_7613036483063,per_100g,317.0,7.8,4.4,0.5,25.1,,5072.0,40.0
1878,UK_8445290163738,per_100g,363.0,3.9,2.0,0.2,68.2,2.2,2486.0,32.73
1879,UK_7613035531543,per_100g,326.0,6.7,5.0,1.3,20.6,9.6,3828.0,47.27
1880,UK_7613036736497,per_100g,303.0,8.5,3.0,0.4,22.4,6.1,5680.0,50.91
1881,UK_8445290922762,per_100g,346.0,6.9,2.4,0.3,42.4,4.1,3336.0,38.18
1882,UK_21061868,per_100g,157.0,5.8,0.5,0.1,0.7,2.2,8.0,78.18
1883,UK_4792024009331,per_100g,715.0,6.8,65.2,56.8,6.6,0.2,120.0,36.36
1884,UK_0643435062795,per_100g,88.0,2.0,3.4,0.2,0.6,0.5,192.0,69.09
1885,UK_8445290163752,per_100g,,,,,,,0.0,72.73
1886,UK_8445291245822,per_100g,488.0,8.9,24.3,1.8,1.7,2.8,1552.0,45.45
1887,UK_8445291658950,per_100g,401.0,14.0,9.6,0.9,13.4,4.6,712.0,54.55
1888,UK_9556001135957,per_100g,,,,,,,0.0,72.73
1889,UK_7613035236004,per_100g,308.0,7.8,5.7,0.7,18.0,9.6,6252.0,52.73
1890,UK_5000243678702,per_100g,154.0,0.8,0.0,0.0,35.5,2.9,1060.0,45.45
1891,UK_5900085011937,per_100g,20.0,2.8,0.0,0.0,0.9,0.0,9120.0,56.36
1892,UK_9556001313034,per_100g,443.243243243243,9.86486486486486,16.0810810810811,7.56756756756757,2.02702702702703,3.78378378378378,206.756756756757,54.55
1893,UK_8445291658790,per_100g,394.0,14.9,9.8,0.8,7.6,5.2,1074.0,54.55
1894,UK_9556001322142,per_100g,465.957446808511,8.08510638297872,21.7021276595745,10.6382978723404,7.23404255319149,3.08510638297872,1088.2978723404299,30.91
1895,UK_5900085011180,per_100g,20.0,2.8,0.0,0.0,0.9,0.0,9120.0,56.36
1896,UK_9556001255693,per_100g,70.0,1.6,2.8,1.3,0.2,,232.0,67.27
1897,UK_8445290435712,per_100g,88.0,1.9,3.6,0.5,0.2,0.8,292.0,67.27
1898,UK_7616100055579,per_100g,101.0,1.1,0.0,0.0,16.4,1.2,944.0,49.09
1899,UK_7613033828737,per_100g,312.0,6.7,4.3,1.1,18.7,,5660.0,40.0
1900,UK_7613033583360,per_100g,351.0,3.7,1.8,0.2,59.5,,2184.0,29.09
1901,UK_7613033910135,per_100g,297.0,7.7,4.3,0.6,17.8,,5100.0,43.64
1902,UK_7613036394611,per_100g,,,,,,,0.0,72.73
1903,UK_9556001312990,per_100g,445.028680688337,9.8,16.1,,2.0,0.6,983.0,45.45
1904,UK_12187117,per_100g,458.474576271186,9.83050847457627,17.7966101694915,,2.20338983050847,3.05084745762712,840.677966101695,52.73
1905,UK_7613287554376,per_100g,89.0,2.0,3.4,0.2,0.6,0.5,140.0,70.91
1906,UK_8901058867381,per_100g,138.0,1.1,0.0,0.0,28.4,1.8,932.0,43.64
1907,UK_7613033828416,per_100g,310.0,7.8,3.7,1.2,11.5,5.6,5412.0,52.73
1908,UK_8445290435774,per_100g,88.0,1.9,3.6,0.5,0.1,0.8,272.0,67.27
1909,UK_7616100055562,per_100g,107.0,0.7,0.0,0.0,17.8,,1004.0,47.27
1910,UK_8585002432742,per_100g,438.0,8.6,33.1,17.0,13.6,,8752.0,21.82
1911,UK_7613038874906,per_100g,308.0,7.8000001907349,5.6999998092651,0.69999998807907,18.0,,6252.0,43.64
1912,UK_6151100034786,per_100g,151.0,6.1,3.4,1.4,12.5,,8400.0,47.27
1913,UK_7613034991935,per_100g,,,,,,,0.0,72.73
1914,UK_9000904503011,per_100g,88.0,1.9,3.6,0.5,0.2,0.8,292.0,67.27
1915,UK_7613033488146,per_100g,61.0,,2.8,0.04,,,0.0,72.73
1916,UK_1060203890807,per_100g,85.0,12.1,0.2,0.0,4.3,0.0,8980.0,52.73
1917,UK_7613035283770,per_100g,,,,,,,0.0,72.73
1918,UK_7613035898370,per_100g,,,,,,,0.0,72.73
1919,UK_7613036349192,per_100g,335.0,7.4,16.1,8.3,5.2,,752.0,34.55
1920,UK_7613036394574,per_100g,339.0,6.0,5.0,1.9,26.6,,4392.0,36.36
1921,UK_6221007004479,per_100g,100.0,4.4444444444444,16.666666666667,12.222222222222,5.5555555555556,,0.0,49.09
1922,UK_7613035017580,per_100g,,,,,,,0.0,72.73
1923,UK_77782717,per_100g,,,,,,,0.0,72.73
1924,UK_8901058101614,per_100g,154.0,0.5,0.0,0.0,37.4,,1020.7899,38.18
1925,UK_7613039881767,per_100g,373.0,6.0,8.8000001907349,5.9000000953674,38.0,,2779.9999,23.64
1926,UK_7613287555595,per_100g,,,,,,,228.0,69.09
1927,UK_07258169,per_100g,,,,,,,0.0,72.73
1928,UK_6043000011212,per_100g,5.0,0.0,2.5,0.1,0.3,0.0,0.0,72.73
1929,UK_7613287612564,per_100g,487.0,10.5,24.4,2.3,1.2,2.5,1552.0,43.64
1930,UK_8585002431349,per_100g,,,,,,,0.0,72.73
1931,UK_7613287555557,per_100g,453.0,8.8,16.7,1.3,8.9,2.6,1072.0,45.45
1932,UK_7460123438709,per_100g,196.0,2.3,2.8,2.8,10.0,,0.0,63.64
1933,UK_7460123456109,per_100g,220.0,8.8,6.0,3.8,8.3,2.9,0.0,76.36
1934,UK_7613033743016,per_100g,348.0,11.0,1.0,0.8,7.2,6.6,340.0,76.36
1935,UK_7613287612489,per_100g,483.0,10.7,23.7,1.9,1.0,2.2,1536.0,45.45
1936,UK_5941017018532,per_100g,318.0,9.7,3.5,0.9,12.4,8.3,4320.0,52.73
1937,UK_5941017018594,per_100g,20.4,0.6,0.2,0.04,0.76,0.56,268.0,69.09
1938,UK_8445290045003,per_100g,291.0,7.8,4.2,0.5,31.5,4.9,10000.0,47.27
1939,UK_8901058892789,per_100g,389.0,8.2,13.5,8.2,1.8,2.0,1028.3,36.36
1940,UK_8445290044983,per_100g,328.0,8.8,5.4,0.5,26.7,7.4,4156.0,47.27
1941,UK_8901058901320,per_100g,303.0,8.0,13.0,7.5,2.7,4.8,2320.0,41.82
1942,UK_7460123429400,per_100g,227.8,9.6,7.0,4.5,8.1,3.9,0.0,76.36
1943,UK_7613039869246,per_100g,317.0,7.8,4.4,0.5,25.1,7.8,5072.0,49.09
1944,UK_5060060381292,per_100g,184.0,0.6,0.0,0.0,40.5,2.2,1172.0,40.0
1945,UK_8901058905274,per_100g,389.0,8.2,13.5,8.2,1.8,1.4,1028.3,34.55
1946,UK_50097654,per_100g,69.0,9.80000019073486,0.5,0.100000001490116,3.5,0.5,0.0,81.82
1947,UK_7613030612247,per_100g,18.8679245283019,0.471698113207547,0.183962264150943,0.0849056603773585,0.334905660377358,,359.433962264151,67.27
1948,UK_8613041062795,per_100g,108.8,2.44,4.16,0.32,0.68,0.6,231.2,69.09
1949,UK_9400556061226,per_100g,649.151382102305,9.87654320987655,23.4567901234568,0.0,19.7530864197532,0.0,7901.23456790123,34.55
1950,UK_9556001322128,per_100g,74.0,1.9,2.8,1.4,0.5,0.7,1164.0,52.73
1951,UK_9556001323859,per_100g,354.0,8.1,14.9,6.1,1.3,3.2,1361.0,41.82
1952,UK_6151100038289,per_100g,,,,,,,0.0,72.73
1953,UK_5000243505282,per_100g,448.101265822785,10.253164556962,18.8607594936709,7.72151898734177,1.64556962025316,4.05063291139241,1722.78481012658,40.0
1954,UK_8445291935129,per_100g,115.0,2.3,4.5,,,,0.0,72.73
1955,UK_5000243505275,per_100g,443.243243243243,9.86486486486486,16.0810810810811,7.56756756756757,2.02702702702703,,983.783783783784,32.73
1956,UK_5000159523752,per_100g,503.0,8.1,25.0,15.0,53.0,,168.0,23.64
1957,UK_5000159551823,per_100g,,,,,,,0.0,72.73
1958,UK_5900951313592,per_100g,493.0,4.6,24.0,14.0,48.0,1.62,0.0,27.27
1959,UK_5000159566971,per_100g,495.0,1.5,24.0,14.0,15.0,55.0,168.0,45.45
1960,UK_5000159571067,per_100g,483.0,5.4,21.0,12.0,63.0,,118.0,23.64
1961,UK_5000159572088,per_100g,501.0,6.3,23.0,14.0,57.0,,138.0,23.64
1962,UK_5060402902697,per_100g,57.0,3.2,2.0,1.3,6.1,0.0,104.0,69.09
1963,UK_6221134013801,per_100g,511.0,7.3,25.0,17.0,53.0,,108.0,23.64
1964,UK_6221134013696,per_100g,519.0,6.7,26.0,,,,0.0,69.09
1965,UK_5000159530750,per_100g,498.0,5.6,22.0,13.0,68.0,,83.0,25.45
1966,UK_4009900542128,per_100g,394.444444444444,0.0,4.44444444444444,2.22222222222222,72.2222222222222,,0.0,43.64
1967,UK_4009900545907,per_100g,397.0,0.0,4.2,2.3,74.0,0.0,8.0,41.82
1968,UK_5000159553674,per_100g,541.379310344828,7.24137931034483,31.0344827586207,17.5862068965517,51.7241379310345,,148.275862068966,23.64
1969,UK_5000159554657,per_100g,541.379310344828,7.24137931034483,31.0344827586207,17.5862068965517,51.7241379310345,,148.275862068966,23.64
1970,UK_4009900532457,per_100g,142.0,0.0,0.0,0.0,0.0,,0.0,69.09
1971,UK_4009900539302,per_100g,,,,,,,0.0,72.73
1972,UK_5000159565028,per_100g,495.833333333333,8.95833333333333,25.0,8.33333333333333,47.9166666666667,0.0,204.166666666667,25.45
1973,UK_5056357905654,per_100g,,,,,,,0.0,72.73
1974,UK_5056357910368,per_100g,57.1428571428571,3.14285714285714,1.97142857142857,1.25714285714286,6.0,,103.42857142857099,69.09
1975,UK_5000159418843,per_100g,509.2,5.6,27.2,16.8,55.4,1.2,152.4,25.45
1976,UK_5000159569002,per_100g,528.0,7.6,28.8,17.2,56.0,,112.0,23.64
1977,UK_5900951320996,per_100g,526.0,10.0,27.0,11.0,52.0,,59.0,25.45
1978,UK_5000159603676,per_100g,483.0,5.5,21.0,13.0,63.0,,124.0,23.64
1979,UK_40111216,per_100g,487.0,3.7,25.7,21.2,48.2,0.0,100.0,23.64
1980,UK_5000159520089,per_100g,483.0,5.4,21.0,12.0,63.0,,0.0,25.45
1981,UK_5000159520164,per_100g,516.0,10.0,26.0,11.0,53.0,0.0,40.0,25.45
1982,UK_5000159470476,per_100g,299.0,7.3,7.6,3.9,0.6,4.03,0.9,74.55
1983,UK_5000159022521,per_100g,529.0,7.0,29.1,17.2,58.3,,104.0,23.64
1984,UK_5056357909065,per_100g,563.0,3.6,37.0,18.0,46.0,,40.0,23.64
1985,UK_4009900538947,per_100g,407.0,0.0,7.3,4.1,58.0,,0.0,38.18
1986,UK_5000159521406,per_100g,,,,,,,0.0,72.73
1987,UK_50159956,per_100g,435.1351,0.4054,18.9189,6.2162,21.6216,,40.5405,47.27
1988,UK_5060402907944,per_100g,561.0,6.5,33.0,19.0,52.0,,132.0,23.64
1989,UK_4009900538824,per_100g,407.0,0.0,7.3,4.1,58.0,,0.0,38.18
1990,UK_5000159461177,per_100g,451.0,3.8,17.0,8.0,62.0,,144.0,30.91
1991,UK_5000159545341,per_100g,451.12332688875,3.125,16.875,8.125,57.5,,125.0,29.09
1992,UK_5056357902271,per_100g,389.0,34.0,9.1,5.3,19.0,,176.0,47.27
1993,UK_4002359663239,per_100g,159.0,1.1,13.0,1.8,6.5,,480.0,58.18
1994,UK_5000159510745,per_100g,545.0,6.8,32.0,20.0,55.0,,120.0,23.64
1995,UK_5000159516556,per_100g,502.0,4.8,25.0,15.0,48.0,,164.0,23.64
1996,UK_4009900526814,per_100g,404.0,0.0,5.9,3.3,71.0,,0.0,40.0
1997,UK_5000159565004,per_100g,,,,,,,0.0,72.73
1998,UK_5056357911334,per_100g,533.333333333333,5.45454545454545,30.3030303030303,16.969696969697,32.1212121212121,,126.0,29.09
1999,UK_4011100051300,per_100g,557.0,6.4,34.7,21.5,53.6,,80.0,25.45
2000,UK_5000159481090,per_100g,446.5,4.3,16.9,8.2,59.9,,156.0,29.09
2001,UK_4710469842016,per_100g,391.428571428571,74.2857142857143,7.42857142857143,4.28571428571429,5.14285714285714,,0.0,65.45
2002,UK_5900951260506,per_100g,545.0,7.2,32.0,20.0,51.0,,128.0,23.64
2003,UK_5060402903779,per_100g,57.0,3.2,2.0,1.3,6.1,,104.0,69.09
2004,UK_4009900527101,per_100g,407.0,0.0,5.9,3.3,71.0,,0.0,40.0
2005,UK_4009900534994,per_100g,406.0,0.0,7.3,4.1,58.5,,4.0,38.18
2006,UK_5056357912539,per_100g,343.636363636364,32.7272727272727,12.9090909090909,7.81818181818182,3.09090909090909,,107.27272727272701,50.91
2007,UK_5056357912997,per_100g,253.0,2.8,16.0,12.0,22.0,,59.0,41.82
2008,UK_5000159300766,per_100g,481.5,5.4,23.1,7.4,55.1,,132.0,29.09
2009,UK_5000159344371,per_100g,338.0,5.7,20.0,10.2,26.0,,84.0,38.18
2010,UK_5000159483278,per_100g,502.0,4.8,25.2,14.9,48.1,,160.0,23.64
2011,UK_5000159509831,per_100g,448.0,4.0,17.0,8.3,62.0,,164.0,29.09
2012,UK_50159284,per_100g,488.0,6.1,23.7,7.8,53.8,,156.0,29.09
2013,UK_5060360501154,per_100g,165.6,2.5,8.0,5.2,19.1,,124.0,50.91
2014,UK_5060402901232,per_100g,70.0,3.0,2.1,1.4,9.6,,80.0,69.09
2015,UK_5900951257049,per_100g,445.0,3.8,16.0,7.8,63.0,,156.0,30.91
2016,UK_5000159501460,per_100g,,,,,,,0.0,72.73
2017,UK_5060402905803,per_100g,0.0,,,,,,0.0,72.73
2018,UK_5000159526937,per_100g,,,,,,,0.0,72.73
2019,UK_4009900526388,per_100g,,,,,,,0.0,72.73
2020,UK_5060402903854,per_100g,57.0,3.2,2.0,1.3,6.1,,104.0,69.09
2021,UK_5000159410410,per_100g,443.0,3.9000000953674,16.0,7.0,62.0,,172.0,32.73
2022,UK_5000159503914,per_100g,482.0,5.4,21.0,13.0,64.0,0.0,2160.0,7.27
2023,UK_5000159531887,per_100g,453.0,3.8,17.0,10.0,62.0,,128.0,27.27
2024,UK_5060402903953,per_100g,204.0,3.6,11.0,7.5,18.0,,84.0,50.91
2025,UK_5000159520195,per_100g,,,,,,,0.0,72.73
2026,UK_5000159504645,per_100g,448.0,4.5,17.0,8.1,60.0,,160.0,29.09
2027,UK_5000159530613,per_100g,331.707317073171,,,,,,0.0,65.45
2028,UK_5056357903629,per_100g,572.0,3.1,36.0,9.3,53.0,,80.0,25.45
2029,UK_5000159475082,per_100g,443.0,3.9,16.0,7.7,62.0,,172.0,30.91
2030,UK_5060402909207,per_100g,140.699996948242,20.6000003814697,3.5,2.29999995231628,3.70000004768372,2.0,0.0,80.0
2031,UK_5000159531207,per_100g,448.0,4.5,17.0,8.1,60.0,0.1,160.0,29.09
2032,UK_5000159541473,per_100g,266.0,3.0,14.0,8.4,25.0,,76.0,43.64
2033,UK_4009900538602,per_100g,327.0,3.4,0.500000001,,58.0,,90.0,47.27
2034,UK_75315757,per_100g,168.0,0.0,0.0,0.0,0.0,,0.0,67.27
2035,UK_5000159537964,per_100g,518.0,7.8,27.0,16.0,57.0,,124.0,23.64
2036,UK_4009900522694,per_100g,397.0,0.0,4.2,2.3,74.0,74.0,0.0,49.09
2037,UK_5056357908686,per_100g,39.0,3.1,0.3,0.2,4.9,,68.0,72.73
2038,UK_5056357907801,per_100g,170.0,2.1,9.0,7.0,14.0,,400.0,45.45
2039,UK_5056357906842,per_100g,377.0,37.5999984741211,5.40000009536743,3.70000004768372,20.2999992370605,,0.0,52.73
2040,UK_5000159551618,per_100g,442.0,4.5,16.0,7.5,61.0,,0.0,32.73
2041,UK_5056357909409,per_100g,56.0,3.3,1.8,1.2,6.2,,84.0,72.73
2042,UK_6294001815266,per_100g,567.5,6.5,32.5,20.0,45.0,6.75,0.0,36.36
2043,UK_5000159561204,per_100g,437.0,4.2,15.0,6.7,62.0,,275.0,29.09
2044,UK_0040000402657,per_100g,,,,,,,0.0,72.73
2045,UK_5000159557658,per_100g,492.0,4.6,24.0,14.0,48.0,,160.0,23.64
2046,UK_1056337905579,per_100g,432.5,9.75,19.5,5.0,42.5,9.0,77.5,49.09
2047,UK_0040000473671,per_100g,210.0,0.0,9.0,5.0,26.0,0.0,14.8,52.73
2048,UK_5000159529044,per_100g,478.260869565217,4.34782609,21.7391304347826,13.9130434782609,47.8260869565217,,0.0,27.27
2049,UK_5056357910498,per_100g,39.6,3.2,0.279999995231628,0.160000002384186,4.8,,0.0,72.73
2050,UK_6294001830887,per_100g,488.888888888889,8.88888888888889,23.3333333333333,7.77777777777778,50.5555555555556,0.0,183.33333333333297,27.27
2051,UK_0040000544517,per_100g,460.0,4.0,20.0,12.0,64.0,4.0,80.0,32.73
2052,UK_5056357999639,per_100g,387.0,25.0,11.5,3.0,21.7,,393.0,47.27
2053,UK_5000159563574,per_100g,199.0,0.3,7.1,3.3,28.0,2.0,0.0,56.36
2054,UK_5020411121151,per_100g,539.0,6.3,30.9,10.6,56.3,,43.0,25.45
2055,UK_80177128,per_100g,545.6,6.0,31.6,11.0,56.8,3.4,44.0,30.91
2056,UK_5020411121281,per_100g,510.0,8.8,36.2,24.0,53.6,,122.0,21.82
2057,UK_8000500397459,per_100g,539.0,6.3,30.9,10.6,56.3,,42.8,25.45
2058,UK_8000500330067,per_100g,242.0,0.1,0.5,0.5,0.2,,7.2,67.27
2059,UK_5020411117413,per_100g,603.0,8.2,42.7,14.1,39.9,,61.199999999999996,27.27
2060,UK_8000500096017,per_100g,579.0,8.8,36.2,24.1,53.6,,122.0,21.82
2061,UK_80906438,per_100g,391.0,0.1,0.5,0.5,91.0,,0.0,47.27
2062,UK_2000000028573,per_100g,589.0,6.7,38.6,17.6,45.1,,104.0,21.82
2063,UK_3017620401473,per_100g,546.0,6.0,31.6,11.0,56.8,,45.6,25.45
2064,UK_5020411117604,per_100g,580.4,9.0,37.2,22.0,52.1,,132.0,21.82
2065,UK_8000500144862,per_100g,394.0,0.0,0.6,0.6,91.3,,12.0,45.45
2066,UK_8000500167656,per_100g,561.0,8.6,33.8,,,,0.0,69.09
2067,UK_8000500168554,per_100g,603.0,8.2,42.7,14.1,39.9,,61.199999999999996,27.27
2068,UK_8000500209806,per_100g,558.2,8.6,33.8,21.9,49.1,,112.0,23.64
2069,UK_80951216,per_100g,389.0,0.1,0.4,0.4,91.8,,5.2,47.27
2070,UK_42218678,per_100g,,,,,,,0.0,72.73
2071,UK_03677302,per_100g,95.6,6.3,30.9,10.6,56.3,,3600.0,7.27
2072,UK_5060360506128,per_100g,87.289051458974,3.47826086956522,2.78260869565217,1.91304347826087,11.304347826087,,52.1739130434783,69.09
2073,UK_5060058330868,per_100g,70.0,2.8,1.4,1.0,11.0,1.0,40.0,72.73
2074,UK_5060360506166,per_100g,89.0,3.9,2.8,1.9,12.0,0.0,56.0,69.09
2075,UK_5060360508757,per_100g,47.0,9.0,0.1,0.1,3.4,,36.0,81.82
2076,UK_5411188082583,per_100g,69.0,3.6,2.1,0.3,8.1,1.0,39.0,76.36
2077,UK_5060360507873,per_100g,58.9285714285714,3.32142857142857,3.28571428571429,2.14285714285714,3.92857142857143,,47.8571428571429,72.73
2078,UK_5060360507590,per_100g,76.1111111111111,10.0,0.944444444444444,0.611111111111111,4.44444444444444,0.5,0.311111111111111,81.82
2079,UK_5060058331735,per_100g,70.0,2.9,1.4,1.0,9.9,1.0,43.0,72.73
2080,UK_5060360506180,per_100g,48.695652173913,4.69565217391304,0.0869565217391304,0.0869565217391304,6.8695652173913,,95.6521739130435,72.73
2081,UK_5060360506203,per_100g,49.0,4.7,0.1,0.0,6.7,0.0,100.0,72.73
2082,UK_5060360501758,per_100g,55.9273422562141,4.3,0.1,0.1,6.2,0.1,63.0,74.55
2083,UK_5060360500362,per_100g,70.0,2.8,1.5,1.0,11.9,,40.0,70.91
2084,UK_5060360506302,per_100g,98.3333333333333,3.3,3.5,2.4,12.5,,64.0,67.27
2085,UK_5016769993724,per_100g,79.0,2.8,1.5,1.0,13.0,0.0,40.0,70.91
2086,UK_5060360501819,per_100g,46.9565217391304,4.34782608695652,0.0869565217391304,0.0869565217391304,6.17391304347826,0.173913043478261,58.2608695652174,74.55
2087,UK_5060058333166,per_100g,27.486,2.7,0.1,0.0,3.0,0.2,39.0,74.55
2088,UK_5060058333128,per_100g,27.0,2.6,0.1,0.0,2.9,0.3,40.0,74.55
2089,UK_5410146407024,per_100g,72.0,2.8,1.4,1.0,11.0,1.0,39.0,72.73
2090,UK_5060360508771,per_100g,51.0,9.0,0.1,0.1,3.4,,35.0,81.82
2091,UK_5060360507736,per_100g,70.0,12.0,0.4,0.3,3.3,0.1,48.0,81.82
2092,UK_5060058332152,per_100g,27.0,2.6,0.1,0.0,3.0,0.2,44.0,74.55
2093,UK_5060058334057,per_100g,77.0,2.8,1.5,1.0,12.0,0.1,40.0,70.91
2094,UK_5060360507750,per_100g,66.0,12.5,0.4,0.25,2.8,0.25,49.0,81.82
2095,UK_5060360508573,per_100g,54.6725621414913,9.375,0.125,0.125,3.375,0.3125,36.875,81.82
2096,UK_5060360508672,per_100g,51.3333333333333,9.33333333333333,0.133333333333333,0.133333333333333,3.4,,34.0,81.82
2097,UK_5060360508719,per_100g,69.3333333333333,8.0,0.133333333333333,0.133333333333333,8.66666666666667,,0.0733333333333333,78.18
2098,UK_5060360501772,per_100g,50.4347826086956,4.26086956521739,0.0869565217391304,,6.52173913043478,1.1304347826087,69.56521739130429,76.36
2099,UK_3057640535468,per_100g,1.0,0.0,0.0,0.0,0.0,0.0,4.0,72.73
2100,UK_3057640492983,per_100g,1.0,0.0,0.0,0.0,0.0,0.0,4.0,72.73
2101,UK_3057640569043,per_100g,1.0,0.0,0.5,0.1,0.0,,4.0,72.73
2102,UK_5060360506289,per_100g,47.8260869565217,4.60869565217391,0.0869565217391304,0.0869565217391304,6.60869565217391,,99.1304347826087,72.73
2103,UK_5060058338888,per_100g,130.0,2.63636363636364,7.81818181818182,5.0,11.8181818181818,,44.0,61.82
2104,UK_5060360502410,per_100g,135.454545454545,2.63636363636364,7.81818181818182,5.0,12.7272727272727,0.545454545454545,48.0,61.82
2105,UK_3057640600128,per_100g,1.0,0.0,0.0,0.0,0.0,0.0,4.0,72.73
2106,UK_4064390508733,per_100g,51.0,9.0,0.1,,3.4,,0.0,81.82
2107,UK_5060360509235,per_100g,72.8571428571429,3.14285714285714,3.10714285714286,2.0,8.21428571428571,,111.071428571429,69.09
2108,UK_5060360508832,per_100g,73.0,2.8,1.4,1.0,11.0,1.0,0.1,72.73
2109,UK_5060360509051,per_100g,51.0,4.7,0.1,0.0,7.5,0.1,98.0,72.73
2110,UK_5060360507637,per_100g,72.7777777777778,10.0,0.833333333333333,0.5,4.55555555555556,,155.0,78.18
2111,UK_5060360505503,per_100g,28.0,2.5999999046326,0.10000000149012,0.0,3.0999999046326,,113.0,72.73
2112,UK_5900643015568,per_100g,122.0,2.8,6.4,4.1,13.2,,40.0,61.82
2113,UK_5060360507835,per_100g,70.0,12.0,0.4,0.3,3.3,0.2,48.0,81.82
2114,UK_5060360509112,per_100g,90.4347826086957,3.47826086956522,2.8695652173913,1.65217391304348,11.304347826087,,51.304347826086904,69.09
2115,UK_5060360505466,per_100g,55.0,1.8,2.0,0.2,4.4,,0.0,74.55
2116,UK_5060360507651,per_100g,50.9090909090909,6.06060606060606,1.39393939393939,0.96969696969697,2.60606060606061,,78.7878787878788,78.18
2117,UK_59052227,per_100g,106.0,5.5,3.5,2.3,12.3,,0.0,69.09
2118,UK_5060360505480,per_100g,56.0,1.8,2.1,0.2,4.1,,0.0,74.55
2119,UK_5060360507712,per_100g,85.0,10.0,2.4,1.7,4.3,0.9,196.5,74.55
2120,UK_5060360503363,per_100g,371.0,3.9,2.8,2.0,11.8,,56.0,69.09
2121,UK_5060058337003,per_100g,376.0,20.0,31.0,14.0,1.9,,1101.0,29.09
2122,UK_5060360503509,per_100g,90.0,3.8,2.8,2.0,11.8,,56.0,69.09
2123,UK_5060360507149,per_100g,59.0,1.7,2.0,0.6,4.5,,0.0,74.55
2124,UK_5060360503387,per_100g,90.0,3.8,2.8,2.0,11.8,,60.0,69.09
2125,UK_5060360505138,per_100g,71.0,4.3,2.5,1.7,7.2,,80.0,72.73
2126,UK_5060360505015,per_100g,71.0,4.6,2.5,1.7,6.9,,80.0,72.73
2127,UK_5060360505114,per_100g,73.0,4.1999998092651,2.5999999046326,1.7000000476837,7.4000000953674,,80.0,72.73
2128,UK_5900643048405,per_100g,106.0,5.5,3.5,2.3,12.3,,31.47,69.09
2129,UK_5060360506364,per_100g,89.7,3.9,2.9,1.9,12.0,,56.0,69.09
2130,UK_3033491117084,per_100g,55.0,4.6,0.1,0.1,8.6,0.2,68.0,74.55
2131,UK_5060360500164,per_100g,101.6,5.0,3.0,2.1,13.2,0.5,40.0,69.09
2132,UK_5060360501598,per_100g,,,,,,,0.0,72.73
2133,UK_5060360501857,per_100g,49.0,4.9,0.1,0.1,6.2,,96.0,74.55
2134,UK_5060360503240,per_100g,51.0,4.7,0.1,0.1,7.2,,100.4,72.73
2135,UK_5060360503462,per_100g,89.0,3.9,2.9,2.0,11.2,,56.0,69.09
2136,UK_5060360505091,per_100g,70.0,4.3,2.4,1.7,7.0,,80.0,72.73
2137,UK_5060360506067,per_100g,72.0,4.3,2.5,1.7,7.3,,80.0,72.73
2138,UK_5060360506692,per_100g,53.0,9.3,0.5,0.1,3.1,,0.0,81.82
2139,UK_5941209009508,per_100g,130.0,2.6,12.0,7.8,2.8,0.0,40.0,60.0
2140,UK_5941209021548,per_100g,201.0,2.5,20.0,13.025,2.5,2.7,0.0,54.55
2141,UK_5900643047651,per_100g,60.0,2.9,0.9,0.6,10.0,0.24,44.0,70.91
2142,UK_5900643048528,per_100g,101.0,5.5,3.4,1.9,11.6,,0.0,70.91
2143,UK_5060360507323,per_100g,101.0,3.70000004768372,3.09999990463257,1.89999997615814,13.0,2.29999995231628,0.0,72.73
2144,UK_3033491377006,per_100g,113.28872,3.3,3.0,2.0,17.5,0.9,72.0,67.27
2145,UK_5060360507675,per_100g,51.0,7.6,0.2,0.1,4.8,0.0,80.0,78.18
2146,UK_3057640229138,per_100g,0.0,0.0,0.0,0.0,0.0,0.0,1.16,72.73
2147,UK_5060058331346,per_100g,89.0,3.3,3.3,2.3,11.0,,64.0,67.27
2148,UK_5060058333180,per_100g,,3.28,3.44,2.32,10.88,0.16,60.8,69.09
2149,UK_5060058335528,per_100g,49.0,4.8,0.1,0.1,6.6,,100.0,72.73
2150,UK_5060058332725,per_100g,100.0,3.3,3.3,2.2,12.2,0.3,32.0,67.27
2151,UK_5060058331988,per_100g,99.0,3.4,3.4,2.3,12.0,,44.0,67.27
2152,UK_5060058339359,per_100g,101.0,5.6,2.9,2.0,12.5,0.0,50.0,70.91
2153,UK_5060058339373,per_100g,96.6,7.5,2.4,1.5,10.0,0.5,40.64,72.73
2154,UK_5060058339397,per_100g,100.38240918,8.75,2.375,1.5,11.25,0.625,43.75,74.55
2155,UK_5060360500768,per_100g,82.2,7.9,0.2,0.1,11.5,0.2,40.0,74.55
2156,UK_5060360500508,per_100g,99.0,3.4,3.5,2.3,12.5,,56.0,67.27
2157,UK_5060360502571,per_100g,54.0,9.1,0.5,0.1,3.5,,4.0,81.82
2158,UK_3033491426179,per_100g,46.0,4.5,0.1,0.05,6.5,,72.0,74.55
2159,UK_5060360502984,per_100g,106.0,5.9,1.6,1.0,9.9,,44.0,72.73
2160,UK_5060360502113,per_100g,55.0,4.9,0.5,0.4,6.2,,72.0,76.36
2161,UK_5060360504087,per_100g,48.0,2.6,1.1,0.6,6.0,,36.0,72.73
2162,UK_5060360504100,per_100g,46.0,2.6,1.1,0.6,5.7,,36.0,72.73
2163,UK_5060360504605,per_100g,87.0,4.8,2.7,1.7,5.6,,44.0,72.73
2164,UK_5060360504209,per_100g,44.0,3.2,1.4,0.9,4.3,,40.0,74.55
2165,UK_5060360505039,per_100g,71.0,5.6,2.9,2.0,5.5,,100.0,72.73
2166,UK_5060360505152,per_100g,78.0,4.6999998092651,2.7999999523163,1.8999999761581,7.6999998092651,,87.99999952316399,72.73
2167,UK_5060360505053,per_100g,70.0,4.7,2.4,1.6,6.8,,84.0,72.73
2168,UK_20279264,per_100g,520.0,6.3,27.2,15.8,48.1,,124.0,23.64
2169,UK_5449000109613,per_100g,1.3,0.0,0.0,0.0,0.0,0.0,16.0,72.73
2170,UK_5000112684650,per_100g,1.2,0.0,0.0,,0.0,,12.8,72.73
2171,UK_5000112575071,per_100g,14.0,0.0,0.0,0.0,3.3,,4.0,72.73
2172,UK_5000112673999,per_100g,19.2,0.0,0.0,,4.4,,15.6,72.73
2173,UK_5449000116093,per_100g,1.0,0.0,0.0,0.0,0.0,,0.0,72.73
2174,UK_5449000132505,per_100g,9.0,0.0,0.0,0.0,2.0,,4.0,72.73
2175,UK_5000112629118,per_100g,14.0,0.0,0.0,0.0,3.3,,4.0,72.73
2176,UK_5049000286064,per_100g,33.2,,,,8.0,,0.0,70.91
2177,UK_41207109,per_100g,,,,,,,0.0,72.73
2178,UK_5000112658149,per_100g,14.0,8.3,0.0,0.0,3.3,0.0,0.0,81.82
2179,UK_5000112658156,per_100g,1.0,0.0,0.0,0.0,0.0,,0.0,72.73
2180,UK_5449000346469,per_100g,1.434034416826,0.0,0.0,0.0,0.0,,16.0,72.73
2181,UK_5449000346513,per_100g,1.0,0.0,0.0,0.0,0.0,,0.0,72.73
2182,UK_5449000042101,per_100g,19.0,0.0,0.0,0.0,4.4,,0.0,72.73
2183,UK_5449000011527,per_100g,19.0,0.0,0.0,,4.5,,8.0,72.73
2184,UK_40822938,per_100g,19.0,0.0,0.0,,4.4,,4.0,72.73
2185,UK_54491397,per_100g,3.0,0.0,0.0,0.0,0.4,,4.0,72.73
2186,UK_5449000004840,per_100g,19.0,0.0,0.0,0.0,4.5,0.0,8.0,72.73
2187,UK_5449000006004,per_100g,19.0,0.0,0.0,0.0,4.5,0.0,8.0,72.73
2188,UK_54493957,per_100g,19.0,0.0,0.0,0.0,4.4,0.0,0.0,72.73
2189,UK_5449000006011,per_100g,19.0,0.0,0.0,0.0,4.4,,8.0,72.73
2190,UK_5449000120984,per_100g,2.8,0.0,0.0,0.0,0.4,0.0,4.0,72.73
2191,UK_54492578,per_100g,19.0,0.0,0.0,,4.5,,0.0,72.73
2192,UK_5449000089359,per_100g,20.0,0.0,0.0,,4.84848484848485,,0.0,70.91
2193,UK_5449000335319,per_100g,1.2,0.0,0.0,,,,12.0,72.73
2194,UK_5449000042156,per_100g,19.2,0.0,0.0,,4.4,,0.0,72.73
2195,UK_42358367,per_100g,19.0,0.0,0.0,0.0,4.4,0.0,0.0,72.73
2196,UK_5000112673630,per_100g,3.0,0.0,0.0,,0.4,,8.0,72.73
2197,UK_5449000149015,per_100g,19.0909090909091,0.0,0.0,,4.54545454545455,,2.12121212121212,70.91
2198,UK_5000112684537,per_100g,19.0909090909091,0.0,0.0,,4.54545454545455,,0.0,70.91
2199,UK_27563571,per_100g,52.0,0.5,0.5,0.2,12.0,0.5,0.01,69.09
2200,UK_5449000090485,per_100g,3.0,0.0,0.0,0.0,0.3,0.0,12.0,72.73
2201,UK_21107443,per_100g,1.0,,,,0.0,,0.0,72.73
2202,UK_5449000284228,per_100g,63.0,0.0,0.0,0.0,15.0,,0.0,67.27
2203,UK_5000112673944,per_100g,20.0,0.0,0.0,0.0,4.6,,0.0,70.91
2204,UK_5000112677324,per_100g,1.43403,0.0,0.0,,0.1,,0.0,72.73
2205,UK_5449000341846,per_100g,2.0,0.0,0.0,0.0,0.2,,8.0,72.73
2206,UK_54492493,per_100g,19.2,0.0,0.0,0.0,4.4,,4.0,72.73
2207,UK_5000112662009,per_100g,19.0,0.0,0.0,0.0,4.5,,0.0,72.73
2208,UK_5000112661965,per_100g,19.0,0.0,0.0,0.0,4.4,,0.0,72.73
2209,UK_5449000009524,per_100g,2.0,0.0,0.0,0.0,0.0,,0.0,72.73
2210,UK_5449000295804,per_100g,1.0,0.0,0.0,0.0,0.1,,0.0,72.73
2211,UK_5000112661958,per_100g,19.0,2.0,0.0,0.0,4.4,,0.0,74.55
2212,UK_5000112662238,per_100g,20.0,0.0,0.0,,4.54545454545455,,0.0,70.91
2213,UK_5449000119056,per_100g,43.0,0.0,0.0,0.0,10.5,0.0,20.0,69.09
2214,UK_5000112628944,per_100g,20.0,0.0,0.0,0.0,4.8,,0.0,70.91
2215,UK_5000112546521,per_100g,20.0,0.0,0.0,0.0,4.8,,0.0,70.91
2216,UK_5449000138316,per_100g,4.0,0.05,0.0,0.0,0.4,,0.0,72.73
2217,UK_5000112546507,per_100g,19.0,0.0,0.0,0.0,4.5999999046326,,0.0,70.91
2218,UK_5449000218162,per_100g,32.0,0.0,0.0,0.0,7.7,,0.0,70.91
2219,UK_5449000045317,per_100g,19.0,0.0,0.0,0.0,4.6,,0.0,70.91
2220,UK_5449000307859,per_100g,1.0,0.0,0.0,0.0,0.1,0.0,12.0,72.73
2221,UK_5449000036766,per_100g,2.0,0.0,0.0,0.0,0.3,,0.0,72.73
2222,UK_5000112662672,per_100g,19.0,0.0,0.0,,4.5,,8.0,72.73
2223,UK_5449000330932,per_100g,3.2,0.0,0.0,0.0,0.4,0.0,8.0,72.73
2224,UK_5449000215789,per_100g,19.0,0.0,0.0,0.0,4.5,,0.0,72.73
2225,UK_5449000096968,per_100g,31.6,0.0,0.0,0.0,7.9,,8.0,70.91
2226,UK_5000112631593,per_100g,20.0,0.0,0.0,0.0,4.8,,0.0,70.91
2227,UK_5449000265197,per_100g,4.0,0.0,0.0,0.0,0.7,,0.0,72.73
2228,UK_5000112639605,per_100g,4.0,0.0,0.0,0.0,0.7,,0.0,72.73
2229,UK_4062400027908,per_100g,0.0,,,,,,0.0,72.73
2230,UK_5000112644869,per_100g,19.0,0.0,0.0,0.0,4.6,,0.0,70.91
2231,UK_5000112599718,per_100g,85.0,0.0,0.0,0.0,4.8,,0.0,70.91
2232,UK_5000112599466,per_100g,19.0,0.0,0.0,0.0,4.6,,0.0,70.91
2233,UK_5449000285737,per_100g,7.0,0.0,0.0,0.0,0.0,,0.0,72.73
2234,UK_5449000230553,per_100g,13.0,0.0,0.0,0.0,0.5,,0.0,72.73
2235,UK_5000112650037,per_100g,6.0,0.0,0.0,0.0,0.10000000149012,,0.0,72.73
2236,UK_5000112649918,per_100g,20.0,0.0,4.8000001907349,0.0,4.8000001907349,,0.0,70.91
2237,UK_5000112644876,per_100g,4.0,0.0,0.0,0.0,0.7,,0.0,72.73
2238,UK_5000112649901,per_100g,4.0,0.0,0.0,0.0,0.7,0.0,0.0,72.73
2239,UK_0048256215106,per_100g,20.0,0.0,0.0,0.0,4.0,0.0,0.0,72.73
2240,UK_36009053,per_100g,20.0,0.0,0.0,0.0,4.7,,0.0,70.91
2241,UK_5449000309433,per_100g,2.0,0.0,0.0,0.0,0.1,,0.0,72.73
2242,UK_5449000309426,per_100g,2.0,0.0,0.0,0.0,0.1,,40.0,72.73
2243,UK_5000112552119,per_100g,19.0,0.0,0.0,0.0,4.5,,0.0,72.73
2244,UK_5449000309563,per_100g,1.0,0.0,0.0,0.0,0.1,,0.0,72.73
2245,UK_5449000308122,per_100g,1.0,0.0,0.0,0.0,0.1,0.0,0.0,72.73
2246,UK_5000112552133,per_100g,20.0,0.0,0.0,0.0,4.8,0.0,0.0,70.91
2247,UK_5449000285799,per_100g,2.0,0.0,0.0,0.0,0.0,,0.0,72.73
2248,UK_5000112650723,per_100g,32.0,,,,7.69999980926514,,0.0,70.91
2249,UK_5449000308146,per_100g,1.0,0.0,0.0,0.0,0.1,,0.0,72.73
2250,UK_5449000156990,per_100g,19.0,0.0,0.0,0.0,4.4,0.0,0.0,72.73
2251,UK_5449000106889,per_100g,20.0,0.0,0.0,0.0,4.6,0.0,0.0,70.91
2252,UK_5000112519877,per_100g,2.0,0.0,0.0,0.0,0.5,0.0,12.0,72.73
2253,UK_5942321000213,per_100g,146.0,0.0,0.0,0.0,8.4,0.0,4.0,70.91
2254,UK_5449000029423,per_100g,19.0,0.0,0.0,0.0,4.4,,4.0,72.73
2255,UK_5000112661996,per_100g,19.0,0.0,0.0,0.0,4.5,0.0,0.0,72.73
2256,UK_5449000011312,per_100g,20.0,0.0,0.0,0.0,4.7,0.0,8.0,70.91
2257,UK_5000112631586,per_100g,19.0,0.0,0.0,0.0,4.6,,0.0,70.91
2258,UK_5000112649932,per_100g,19.0,0.0,0.0,0.0,4.6,,0.0,70.91
2259,UK_5000112658071,per_100g,19.0,0.0,0.0,0.0,4.5,,0.0,72.73
2260,UK_54012226,per_100g,2.0,0.0,0.0,0.0,0.0,,0.0,72.73
2261,UK_5449000330949,per_100g,2.8680688332,0.0,0.0,,0.4,,8.0,72.73
2262,UK_5000112642711,per_100g,2.0,,,,0.2,,300.0,67.27
2263,UK_5000112673739,per_100g,4.0,0.2,,,0.4,,52.0,72.73
2264,UK_5000112676143,per_100g,26.0,0.0,0.0,0.0,6.0,0.0,0.0,70.91
2265,UK_6954767493473,per_100g,20.0764818355641,0.0,0.0,,4.9,,13.0,70.91
2266,UK_5449000029249,per_100g,3.0,0.0,0.0,0.0,0.4,,4.0,72.73
2267,UK_5000112673968,per_100g,3.0,0.0,0.0,,0.4,,4.0,72.73
2268,UK_5000112673845,per_100g,19.0,0.0,0.0,0.0,4.4,,0.0,72.73
2269,UK_5000112673975,per_100g,19.1204588910134,0.0,0.0,,4.5,,0.0,72.73
2270,UK_5449000333766,per_100g,0.909090909090909,0.0,0.0,,0.0909090909090909,,0.0,72.73
2271,UK_5000112684520,per_100g,,,,,,,0.0,72.73
2272,UK_5000112684780,per_100g,19.1204588910134,0.0,0.0,0.0,4.4,,0.0,72.73
2273,UK_5449000343734,per_100g,2.0,0.0,0.0,0.0,0.2,,8.0,72.73
2274,UK_5000112687965,per_100g,19.2,0.0,0.0,,4.4,,8.0,72.73
2275,UK_5000112685404,per_100g,5.86650443247003,0.0,0.0,0.0,1.36363636363636,,2.42424242424242,72.73
2276,UK_5000112685411,per_100g,19.0,0.0,0.0,,4.5,,8.0,72.73
2277,UK_5449000348494,per_100g,16.9694072657744,0.0,0.0,0.0,3.9,,8.0,72.73
