product_id,barcode,brand,product_name,category,country,overall_health_score,nutrition_score,additive_score,ingredient_score,source_url
IN_8901719134845,8901719134845,Parle,Parle-G Biscuit,Dry biscuits,India,62.99,40.0,100.0,64.97,https://world.openfoodfacts.org/product/8901719134845/parle-g-biscuit
IN_8901719134852,8901719134852,Parle,Parle G biscuit,Biscuits,India,59.41,52.73,,75.0,https://world.openfoodfacts.org/product/8901719134852/parle-g-biscuit
IN_8901063139329,8901063139329,britannia,bourbon,Biscuits,India,41.41,16.36,62.5,72.41,https://world.openfoodfacts.org/product/8901063139329/bourbon-britannia
IN_8906010500764,8906010500764,Balaji,balaji wafers chataka pataka,"Biscuits, Crisps, Crackers (Appetizers), namkeen",India,62.76,34.55,100.0,77.44,https://world.openfoodfacts.org/product/8906010500764/balaji-wafers-chataka-pataka
IN_8901063093522,8901063093522,Britannia,Good Day - Cashew Cookies,"Biscuits or cookies variety packs, Biscuit mixes, Biscuits/Cookies (Shelf Stable)",India,62.08,36.36,100.0,69.51,https://world.openfoodfacts.org/product/8901063093522/good-day-cashew-cookies-britannia
IN_8901063162914,8901063162914,Britannia,Marie Gold Biscuit,Biscuits,India,63.6,41.82,100.0,63.45,https://world.openfoodfacts.org/product/8901063162914/marie-gold-biscuit-britannia
IN_8906010500245,8906010500245,Balaji Wafers,Balaji Wafers Masala Sev Murmura,Wafers,India,43.91,32.73,,70.0,https://world.openfoodfacts.org/product/8906010500245/balaji-wafers-masala-sev-murmura
IN_7622202225512,7622202225512,Cadbury,Original Oreo,"Filled biscuits, Des",India,38.22,23.64,,72.25,https://world.openfoodfacts.org/product/7622202225512/original-oreo-cadbury
IN_8901063092853,8901063092853,Britannia,Good Day cashew cookie,Biscuits,India,61.81,32.73,100.0,77.24,https://world.openfoodfacts.org/product/8901063092853/good-day-cashew-cookie-britannia
IN_8901719129988,8901719129988,Parle,Happy happy - Parl,"Biscuits, Happy happy biscuit",India,59.72,34.55,100.0,62.24,https://world.openfoodfacts.org/product/8901719129988/happy-happy-parl-parle
IN_8901063029255,8901063029255,Britannia,Jimjam 57g (57),Biscuits,India,47.42,14.55,89.29,66.79,https://world.openfoodfacts.org/product/8901063029255/jimjam-57g-57-britannia
IN_8901719135248,8901719135248,Parle,Krackjack,Biscuits,India,58.79,30.91,100.0,66.69,https://world.openfoodfacts.org/product/8901719135248/krackjack-parle
IN_8996001312506,8996001312506,Mayora,Malkist Cheese Flavoured Crunchy Layered Cracker Biscuits,"Biscuits, Crackers (Appetizers), cream-biscuit",India,51.63,27.27,81.25,68.08,https://world.openfoodfacts.org/product/8996001312506/malkist-cheese-flavoured-crunchy-layered-cracker-biscuits-mayora
IN_8901058005233,8901058005233,"KitKat, Nestle nutrition",Kitkat mini chocolate coated wafer,"Chocolate candies, Bars, Chocolate biscuits, Dark chocolate bar",India,58.56,30.91,100.0,65.5,https://world.openfoodfacts.org/product/8901058005233/kitkat-mini-chocolate-coated-wafer
IN_8901063023901,8901063023901,Britannia,Marie Gold,"Biscuits, Snack biscuit with fruits filling",India,63.73,41.82,100.0,64.1,https://world.openfoodfacts.org/product/8901063023901/marie-gold-britannia
IN_8901719135118,8901719135118,Parle,MONACO,"Appetizers, Biscuits, Monaco-biscuit",India,59.41,52.73,,75.0,https://world.openfoodfacts.org/product/8901719135118/monaco-parle
IN_8901063162532,8901063162532,Britannia,Marie gold,Biscuits,India,54.09,47.27,,70.0,https://world.openfoodfacts.org/product/8901063162532/marie-gold-britannia
IN_8906032018513,8906032018513,Patanjali,Doodh Biscuits,Biscuits,India,65.88,43.64,100.0,70.32,https://world.openfoodfacts.org/product/8906032018513/doodh-biscuits-patanjali
IN_8901719121630,8901719121630,Parle,20-20,"Confectioneries, Biscuits",India,45.18,34.55,,70.0,https://world.openfoodfacts.org/product/8901719121630/20-20-parle
IN_8901719105913,8901719105913,PARLE,parle hide & seek 120g,Chocolate biscuits,India,43.15,34.55,,63.22,https://world.openfoodfacts.org/product/8901719105913/parle-hide-seek-120g
IN_8901719130014,8901719130014,Parle,Happy happy biscuit - Parle - Parle,"Biscuits, Happy happy",India,51.55,43.64,,70.0,https://world.openfoodfacts.org/product/8901719130014/happy-happy-biscuit-parle-parle
IN_7622202225550,7622202225550,Cadbuary,Oreo choco,Filled biscuits,India,70.64,70.91,,70.0,https://world.openfoodfacts.org/product/7622202225550/oreo-choco-cadbuary
IN_8901719117183,8901719117183,Parle,Hide & Seek,Biscuits,India,43.91,32.73,,70.0,https://world.openfoodfacts.org/product/8901719117183/hide-seek-parle
IN_8901719135217,8901719135217,Parle,Krackjack,Biscuits,India,58.79,30.91,100.0,66.69,https://world.openfoodfacts.org/product/8901719135217/krackjack-parle
IN_8901063093287,8901063093287,Britannia,Good Day Cashew Cookies,Biscuits,India,62.57,36.36,100.0,71.97,https://world.openfoodfacts.org/product/8901063093287/good-day-cashew-cookies-britannia
IN_8901063014411,8901063014411,Britannia,Vita Marie Gold,Biscuits,India,79.06,72.73,100.0,63.48,https://world.openfoodfacts.org/product/8901063014411/vita-marie-gold-britannia
IN_8901725015275,8901725015275,Sunfeast is sold by ITC Limited,Dark Fantasy,"Biscuits, Chocolates",India,57.12,27.27,100.0,67.45,https://world.openfoodfacts.org/product/8901725015275/dark-fantasy-sunfeast-is-sold-by-itc-limited
IN_8906010500870,8906010500870,balaji,BALAJI CREAM ONION,"Potato crisps, Wafers",India,73.41,72.73,,75.0,https://world.openfoodfacts.org/product/8906010500870/balaji-cream-onion
IN_8901123001214,8901123001214,Lotte,Lotte Choco Pie,"Confectioneries, Biscuits, Treat",India,57.14,27.27,100.0,67.52,https://world.openfoodfacts.org/product/8901123001214/lotte-choco-pie
IN_8901063019188,8901063019188,Brotannica,Little Hearts,Biscuits,India,46.45,36.36,,70.0,https://world.openfoodfacts.org/product/8901063019188/little-hearts-brotannica
IN_8901719135729,8901719135729,Parle G,Biscuit,"Biscuit with reduced sugar, Bis",India,70.64,70.91,,70.0,https://world.openfoodfacts.org/product/8901719135729/biscuit-parle-g
IN_8901063139213,8901063139213,Britannia,Brit bourbon 150g (sys),Chocolate biscuits,India,44.27,27.27,62.5,59.44,https://world.openfoodfacts.org/product/8901063139213/brit-bourbon-150g-sys-britannia
IN_8901063014299,8901063014299,Britannia Industries Ltd.,Britannia Vita Marie Gold Biscuits,"Biscuits, Breakfast cereals",India,64.46,41.82,100.0,67.74,https://world.openfoodfacts.org/product/8901063014299/britannia-vita-marie-gold-biscuits-britannia-industries-ltd
IN_8901063019201,8901063019201,Britannia,8901063019201,Biscuits,India,42.64,30.91,,70.0,https://world.openfoodfacts.org/product/8901063019201/8901063019201-britannia
IN_8901063029279,8901063029279,Britannia,Jimjam,Biscuits,India,37.83,29.09,,58.21,https://world.openfoodfacts.org/product/8901063029279/jimjam-britannia
IN_8901063016873,8901063016873,Britannia,50-50,Biscuits,India,79.29,72.73,100.0,64.62,https://world.openfoodfacts.org/product/8901063016873/50-50-britannia
IN_8901063142664,8901063142664,Britannia,britannia,Biscuits,India,62.59,41.82,100.0,58.42,https://world.openfoodfacts.org/product/8901063142664/britannia
IN_8901491100533,8901491100533,Kurkure,Chilli Chatka 20rs,"Crisps, Crispy biscuits",India,59.94,29.09,100.0,76.96,https://world.openfoodfacts.org/product/8901491100533/chilli-chatka-20rs-kurkure
IN_8906010500030,8906010500030,Balaji Wafers,Malasa Masti,"Potato crisps, Wafers",India,48.71,36.36,,77.53,https://world.openfoodfacts.org/product/8906010500030/malasa-masti-balaji-wafers
IN_8901725016296,8901725016296,Sunfeast,Dark Fantasy Bourbon Biscuit,Chocolate biscuits,India,58.24,34.55,93.18,65.07,https://world.openfoodfacts.org/product/8901725016296/dark-fantasy-bourbon-biscuit-sunfeast
IN_8901719130144,8901719130144,Parle Biscuits PVT Ltd,Parle Hide & Seek Cookies,"Candies, Chocolate biscuits, Choco chips",India,57.27,30.91,100.0,59.06,https://world.openfoodfacts.org/product/8901719130144/parle-hide-seek-cookies-parle-biscuits-pvt-ltd
IN_8901063012868,8901063012868,Britannia,Milk bikis biscuits,Biscuit (cookie) vitamins and chemical elements content guaranteed,India,42.64,30.91,,70.0,https://world.openfoodfacts.org/product/8901063012868/milk-bikis-biscuits-britannia
IN_8901063162464,8901063162464,Britannia,BRITANNIA marie GOLD,Biscuits,India,57.5,50.0,,75.0,https://world.openfoodfacts.org/product/8901063162464/britannia-marie-gold
IN_8901719100369,8901719100369,Parle,Parle Bis Hide &seek,Biscuits,India,68.98,50.91,100.0,67.62,https://world.openfoodfacts.org/product/8901719100369/parle-bis-hide-seek
IN_8906010503550,8906010503550,Generic,Wafers,Wafers,India,61.15,32.73,100.0,73.92,https://world.openfoodfacts.org/product/8906010503550/wafers
IN_8901058005080,8901058005080,Nestlé,Munch Max,"Biscuits, Candy chocolate bars",India,59.42,32.73,100.0,65.3,https://world.openfoodfacts.org/product/8901058005080/munch-max-nestle
IN_19017198,19017198,"Parle, Simply Good, Wholesome",Parle tostea 1kg,"Biscuits, 100g wheat per amount",India,85.91,81.82,100.0,75.0,https://world.openfoodfacts.org/product/19017198/parle-tostea-1kg
IN_8909081005046,8909081005046,Sunfeast,Dark Fantasy Choco Fills,Chocolate biscuits,India,40.09,27.27,,70.0,https://world.openfoodfacts.org/product/8909081005046/dark-fantasy-choco-fills-sunfeast
IN_8901725000622,8901725000622,Sunfeast,sunfeast Mom,"Confectioneries, Biscuits",India,64.27,61.82,,70.0,https://world.openfoodfacts.org/product/8901725000622/sunfeast-mom
IN_8901063092822,8901063092822,Britannia,BRITANNIA Good day  BUTTER COOKIES,Biscuits,India,57.44,32.73,100.0,55.38,https://world.openfoodfacts.org/product/8901063092822/britannia-good-day-butter-cookies
IN_8901058022179,8901058022179,Nestlé,Munch,"Chocolate stuffed wafers, Chocolate Wafer",India,59.56,32.73,100.0,65.99,https://world.openfoodfacts.org/product/8901058022179/munch-nestle
IN_8901063367173,8901063367173,Britannia,5050 Maska Chaska,Biscuits,India,49.0,40.0,,70.0,https://world.openfoodfacts.org/product/8901063367173/5050-maska-chaska-britannia
IN_8901063142015,8901063142015,Britannia Digestive,Nutri Choice,Biscuits,India,68.26,49.09,100.0,68.58,https://world.openfoodfacts.org/product/8901063142015/nutri-choice-britannia-digestive
IN_8901725012953,8901725012953,Coffee-Mate,sunfeast Marie light 10 MRP,Biscuits,India,79.53,72.73,100.0,65.83,https://world.openfoodfacts.org/product/8901725012953/sunfeast-marie-light-10-mrp-coffee-mate
IN_8901063017627,8901063017627,Britannia,Brit 50-50 maska chaska 40g (20),Biscuits,India,81.44,72.73,100.0,75.4,https://world.openfoodfacts.org/product/8901063017627/brit-50-50-maska-chaska-40g-20-britannia
IN_8906009803777,8906009803777,Dukes,Waffy - choco flavoured wafer roll,"Chocolate stuffed wafers, Thin crunchy wafer biscuit with chocolate",India,58.81,32.73,100.0,62.21,https://world.openfoodfacts.org/product/8906009803777/waffy-choco-flavoured-wafer-roll-dukes
IN_8906010500269,8906010500269,Balaji,Poprings Masala flavour,Wafers,India,73.87,60.0,100.0,69.37,https://world.openfoodfacts.org/product/8906010500269/poprings-masala-flavour-balaji
IN_8901719125348,8901719125348,Parle,8901719125348,Biscuits,India,52.81,45.45,,70.0,https://world.openfoodfacts.org/product/8901719125348/8901719125348-parle
IN_8906009070834,8906009070834,Unibic,Unibic cashew badam cookies 500g,Biscuits,India,61.85,34.55,100.0,72.89,https://world.openfoodfacts.org/product/8906009070834/unibic-cashew-badam-cookies-500g
IN_8901063093089,8901063093089,Britannia,Good day Cashew,Biscuits,India,46.45,36.36,,70.0,https://world.openfoodfacts.org/product/8901063093089/good-day-cashew-britannia
IN_8909081001123,8909081001123,Sunfest,Bounce Chocho,"Chocolate candies, Chocolate biscuits, Biscuit (cookie) snack w chocolate filling",India,72.34,60.0,93.75,71.09,https://world.openfoodfacts.org/product/8909081001123/bounce-chocho-sunfest
IN_8901719129179,8901719129179,Parle,PARLE COCONUT,Biscuits,India,42.64,30.91,,70.0,https://world.openfoodfacts.org/product/8901719129179/parle-coconut
IN_8901719126468,8901719126468,Parle,parle 20-20,"Biscuits, Buiscuit",India,39.7,36.36,,47.5,https://world.openfoodfacts.org/product/8901719126468/parle-20-20
IN_8906032018810,8906032018810,Patanjali,Patanjali Doodh biscuits,Biscuits,India,65.56,41.82,100.0,73.25,https://world.openfoodfacts.org/product/8906032018810/patanjali-doodh-biscuits
IN_8901725015886,8901725015886,Sunfeast,Dark Fantasy Choco Fills,Chocolate biscuits,India,56.77,27.27,100.0,65.66,https://world.openfoodfacts.org/product/8901725015886/dark-fantasy-choco-fills-sunfeast
IN_8901058904741,8901058904741,KitKat,Nestle kit Kat (Ind),"Wafers, Chocolate biscuity bars",India,49.0,40.0,,70.0,https://world.openfoodfacts.org/product/8901058904741/nestle-kit-kat-ind-kitkat
IN_8901063142244,8901063142244,Britannia,Nutri choice zero,Biscuits,India,57.5,50.0,,75.0,https://world.openfoodfacts.org/product/8901063142244/nutri-choice-zero-britannia
IN_8901719135156,8901719135156,parle,PARLE MONACO,"Biscuits, Bi",India,79.71,72.73,100.0,66.74,https://world.openfoodfacts.org/product/8901719135156/parle-monaco
IN_8901719127106,8901719127106,Generic,NG,"Biscuits, Buiscuits",India,32.73,38.18,,20.0,https://world.openfoodfacts.org/product/8901719127106/ng
IN_8901063162648,8901063162648,Britannia,Britannia Marie Gold,Biscuits,India,63.25,41.82,100.0,61.7,https://world.openfoodfacts.org/product/8901063162648/britannia-marie-gold
IN_8906009079165,8906009079165,Unibic,Unibic Choco Chip Cookies,Chocolate chip cookies,India,59.05,30.91,100.0,68.0,https://world.openfoodfacts.org/product/8906009079165/unibic-choco-chip-cookies
IN_8901725015015,8901725015015,Sunfeast,8901725015015,Biscuits,India,58.82,30.91,95.59,73.46,https://world.openfoodfacts.org/product/8901725015015/8901725015015-sunfeast
IN_8901719135767,8901719135767,Parle,Parle-G ROYALE,Dry biscuits,India,59.96,36.36,100.0,58.9,https://world.openfoodfacts.org/product/8901719135767/parle-g-royale
IN_8909081005053,8909081005053,dark fantasy,8909081005053,Biscuit (cookie) snack w chocolate filling,India,56.93,27.27,100.0,66.47,https://world.openfoodfacts.org/product/8909081005053/8909081005053-dark-fantasy
IN_8901063139336,8901063139336,Britannia,Britannia bourbon 100g,Biscuits,India,48.5,29.09,71.88,61.98,https://world.openfoodfacts.org/product/8901063139336/britannia-bourbon-100g
IN_8901063142466,8901063142466,Britannia,Nutri Choice Digestive,Biscuits,India,66.66,47.27,100.0,65.11,https://world.openfoodfacts.org/product/8901063142466/nutri-choice-digestive-britannia
IN_8908008674808,8908008674808,Nabati,Wafer,"Chocolate biscuits, Stuffed wafers",India,59.4,30.91,100.0,69.75,https://world.openfoodfacts.org/product/8908008674808/wafer-nabati
IN_8901063004139,8901063004139,Britannia,Britannia Good day Chocolate Cookies 400g,"Chocolate biscuits, Chocolate biscuity bars",India,56.28,27.27,100.0,63.25,https://world.openfoodfacts.org/product/8901063004139/britannia-good-day-chocolate-cookies-400g
IN_8901063028234,8901063028234,Brittania,Unknown Product,Biscuits,India,45.18,34.55,,70.0,https://world.openfoodfacts.org/product/8901063028234/brittania
IN_8901719134937,8901719134937,Parle,Parle g dark biscuits,"Biscuits, Parle g biscuit",India,64.12,40.0,100.0,70.58,https://world.openfoodfacts.org/product/8901719134937/parle-g-dark-biscuits
IN_8901725016234,8901725016234,Sunfeast,Sunfeast Dark Fantasy Bourbon,Biscuit with a chocolate bar covering,India,79.39,72.73,100.0,65.15,https://world.openfoodfacts.org/product/8901725016234/sunfeast-dark-fantasy-bourbon
IN_8906010500214,8906010500214,Balaji Wafers,Balaji Wafers Sev Murmura,"Snacks, Puffed rice",India,64.89,38.18,100.0,79.01,https://world.openfoodfacts.org/product/8906010500214/balaji-wafers-sev-murmura
IN_8901499008169,8901499008169,Kellogg's,Chocos,Breakfast cereals filled with chocolate,India,73.28,56.36,100.0,75.48,https://world.openfoodfacts.org/product/8901499008169/chocos-kellogg-s
IN_8901491103794,8901491103794,"Pepsico, Quaker",Oats,Rolled oats,India,77.0,80.0,,70.0,https://world.openfoodfacts.org/product/8901491103794/oats-pepsico
IN_8901499010513,8901499010513,Kellogg's,"Muesli Fruit, Nut & Seeds",Mueslis with fruits,India,71.34,74.55,62.5,76.56,https://world.openfoodfacts.org/product/8901499010513/muesli-fruit-nut-seeds-kellogg-s
IN_8901088068734,8901088068734,Saffola,Saffola Masala Oats - Classic Masala,"Rolled oats, Oat",India,59.39,52.73,,74.93,https://world.openfoodfacts.org/product/8901088068734/saffola-masala-oats-classic-masala
IN_8904335604150,8904335604150,Yoga Bar,Yoga Bar Millet Muesli,Mueslis,India,82.92,74.55,100.0,78.2,https://world.openfoodfacts.org/product/8904335604150/yoga-bar-millet-muesli
IN_8908005144632,8908005144632,Yoga bar,Muesli dark chocolate cranberry,Mueslis,India,66.51,61.82,,77.46,https://world.openfoodfacts.org/product/8908005144632/muesli-dark-chocolate-cranberry-yoga-bar
IN_8901491103800,8901491103800,Quaker,Oats,Rolled oats,India,86.0,80.0,,100.0,https://world.openfoodfacts.org/product/8901491103800/oats-quaker
IN_8906136651968,8906136651968,Pintola,High Protein Oats Chocolate,"Breakfast cereals, Oat",India,74.73,72.73,,79.38,https://world.openfoodfacts.org/product/8906136651968/high-protein-oats-chocolate-pintola
IN_8901499023339,8901499023339,Kellogg's,"Muesli Fruit, Nut & Seeds","Seeds, Mueslis with nuts",India,81.81,72.73,100.0,77.25,https://world.openfoodfacts.org/product/8901499023339/muesli-fruit-nut-seeds-kellogg-s
IN_8901491702188,8901491702188,Quaker,Oats,Rolled oats,India,77.0,80.0,,70.0,https://world.openfoodfacts.org/product/8901491702188/oats-quaker
IN_8901088213608,8901088213608,"Saffola, Marico",Saffola Oats,Rolled oats,India,87.27,81.82,,100.0,https://world.openfoodfacts.org/product/8901088213608/saffola-oats
IN_8906113490887,8906113490887,Tata Soulfull,Tata Soulfull Millet Muesli,Mueslis with nuts,India,77.51,72.73,87.5,74.46,https://world.openfoodfacts.org/product/8906113490887/tata-soulfull-millet-muesli
IN_8908005144618,8908005144618,Yoga Bar,Yoga Bar Super Muesli 0% Added Sugar,Mueslis,India,85.94,80.0,100.0,79.69,https://world.openfoodfacts.org/product/8908005144618/yoga-bar-super-muesli-0-added-sugar
IN_8901499010483,8901499010483,Kellogg's,Kelloggs Muesli,"Cereal flakes, Mueslis with fruits",India,71.31,74.55,62.5,76.4,https://world.openfoodfacts.org/product/8901499010483/kelloggs-muesli-kellogg-s
IN_8906127550850,8906127550850,Alpino,High protein super oats chocolate,"Mueslis, Rolled oats",India,74.68,72.73,,79.23,https://world.openfoodfacts.org/product/8906127550850/high-protein-super-oats-chocolate-alpino
IN_8904335601869,8904335601869,Yoga bar,Yoga bar 23G protein muesli + choco almond + cranberry,Mueslis,India,76.7,61.82,100.0,78.94,https://world.openfoodfacts.org/product/8904335601869/yoga-bar-23g-protein-muesli-choco-almond-cranberry
IN_8901499010742,8901499010742,Kellogg's,Chocos Crunchy Bites,"Chocolate cereals, Food",India,66.3,58.18,75.0,73.57,https://world.openfoodfacts.org/product/8901499010742/chocos-crunchy-bites-kellogg-s
IN_8904335601951,8904335601951,Yoga Bar,100% Rolled Oats,Rolled oats,India,79.75,80.0,,79.17,https://world.openfoodfacts.org/product/8904335601951/100-rolled-oats-yoga-bar
IN_8908005144649,8908005144649,Yoga Bar,Muesli+ (Fruits + Nuts & Seeds),"Mueslis, Protein Energy Bars",India,78.65,78.18,,79.74,https://world.openfoodfacts.org/product/8908005144649/muesli-fruits-nuts-seeds-yoga-bar
IN_8901499008800,8901499008800,Kellogg's,Kellogg's chochos,Breakfast cereals,India,57.5,50.0,,75.0,https://world.openfoodfacts.org/product/8901499008800/kellogg-s-chochos
IN_8902710500752,8902710500752,Baggry’s,Nutty Fruity Muesli,"Mueslis, Breakfast cereals diet with dried fruits fortified with vitamins and chemical elements",India,71.91,72.73,,70.0,https://world.openfoodfacts.org/product/8902710500752/nutty-fruity-muesli-baggry-s
IN_8901088155496,8901088155496,Saffola,Saffola oats,Rolled oats,India,87.27,81.82,,100.0,https://world.openfoodfacts.org/product/8901088155496/saffola-oats
IN_8901088055772,8901088055772,Saffola,Oats,"Rolled oats, Oat",India,77.0,80.0,,70.0,https://world.openfoodfacts.org/product/8901088055772/oats-saffola
IN_8901499008244,8901499008244,Kellogg's,Chocos Moons & Stars,Breakfast cereals,India,61.16,54.55,62.5,75.68,https://world.openfoodfacts.org/product/8901499008244/chocos-moons-stars-kellogg-s
IN_8904335601890,8904335601890,Yoga bar,Yoga bar High Protein Muesli+,"Mueslis, Dietary supplements, Oat",India,65.37,60.0,,77.88,https://world.openfoodfacts.org/product/8904335601890/yoga-bar-high-protein-muesli
IN_8901499009043,8901499009043,Kellogg's,kelloggs chocos multigrain,Breakfast cereals filled with chocolate,India,60.45,56.36,,70.0,https://world.openfoodfacts.org/product/8901499009043/kelloggs-chocos-multigrain-kellogg-s
IN_8901499010728,8901499010728,Kellogg's,Kellogg's chocos,Breakfast cereals,India,73.19,74.55,,70.0,https://world.openfoodfacts.org/product/8901499010728/kellogg-s-chocos
IN_8906136651951,8906136651951,Pintola,Pintola High Protein Oats Dark Chocolate,"Breakfast cereals, Bodybuilding supplements",India,66.9,61.82,,78.76,https://world.openfoodfacts.org/product/8906136651951/pintola-high-protein-oats-dark-chocolate
IN_8901499009708,8901499009708,Kellogg's,Kellogg's Choco fills,"Breakfast cereals, Chocolates",India,57.31,50.91,,72.24,https://world.openfoodfacts.org/product/8901499009708/kellogg-s-choco-fills
IN_8901491363020,8901491363020,10,Chilli Chatka,"Crisps, Corn flakes",India,60.14,30.91,100.0,73.43,https://world.openfoodfacts.org/product/8901491363020/chilli-chatka-10
IN_8901499008183,8901499008183,Kellogg's,Corn Flakes Original,Corn flakes,India,55.22,65.45,25.0,75.0,https://world.openfoodfacts.org/product/8901499008183/corn-flakes-original-kellogg-s
IN_8901499009623,8901499009623,Kellogg's,Chocos Fills,"Breakfast cereals filled with chocolate, Unfortified diet chocolate breakfast cereals",India,69.54,49.09,100.0,75.0,https://world.openfoodfacts.org/product/8901499009623/chocos-fills-kellogg-s
IN_8906080349652,8906080349652,Vijay,"Murmura, Kurmura","Rices, Puffed rice, Vegetables from Spain, Roasted-rice",India,72.14,70.91,,75.0,https://world.openfoodfacts.org/product/8906080349652/murmura-kurmura-vijay
IN_0641837433199,0641837433199,Doctor's Choice,Protein Oats,Rolled oats,India,66.16,61.82,,76.27,https://world.openfoodfacts.org/product/0641837433199/protein-oats-doctor-s-choice
IN_8906136651982,8906136651982,Pintola,High Protein Muesli,Mueslis,India,71.91,72.73,,70.0,https://world.openfoodfacts.org/product/8906136651982/high-protein-muesli-pintola
IN_8901042967325,8901042967325,MTR,MTR POHA 60 g,Breakfast cereals,India,65.55,63.64,,70.0,https://world.openfoodfacts.org/product/8901042967325/mtr-poha-60-g
IN_8901499010704,8901499010704,Kellogg's,Chocos,Breakfast cereals,India,68.31,65.45,,75.0,https://world.openfoodfacts.org/product/8901499010704/chocos-kellogg-s
IN_8908002984958,8908002984958,Tata,Tata soulfull millet muesli,"Mueslis, Millet-muesli",India,82.2,72.73,100.0,79.17,https://world.openfoodfacts.org/product/8908002984958/tata-soulfull-millet-muesli
IN_8903363007643,8903363007643,Nutri Delite,Nutri Delite Crunchies,"Snacks, Breakfast cereals",India,69.76,50.91,100.0,71.54,https://world.openfoodfacts.org/product/8903363007643/nutri-delite-crunchies
IN_8904335600336,8904335600336,Yoga Bar,Muesli+,Mueslis,India,78.83,78.18,,80.34,https://world.openfoodfacts.org/product/8904335600336/muesli-yoga-bar
IN_8901499010711,8901499010711,Kellogg's,Kellogg'sCHOCOS,Chocolate cereals,India,63.0,60.0,,70.0,https://world.openfoodfacts.org/product/8901499010711/kellogg-schocos-kellogg-s
IN_8901499011398,8901499011398,Kellogg's,Kellogg's Museli Nuts delight,"Bars, Mueslis, Cereal flakes",India,82.52,74.55,100.0,76.24,https://world.openfoodfacts.org/product/8901499011398/kellogg-s-museli-nuts-delight
IN_8901499006936,8901499006936,Kellogg's,Kellogg's Chocos,"Breakfast cereals, Chocos",India,59.18,54.55,,70.0,https://world.openfoodfacts.org/product/8901499006936/kellogg-s-chocos
IN_8906112662803,8906112662803,True Elements,Muesli,Mueslis with fruits,India,84.51,76.36,100.0,81.63,https://world.openfoodfacts.org/product/8906112662803/muesli-true-elements
IN_8906112662414,8906112662414,True Elements,Rolled oats,"Rolled oats, Oat",India,84.73,78.18,,100.0,https://world.openfoodfacts.org/product/8906112662414/rolled-oats-true-elements
IN_8904335600343,8904335600343,yoga bar,chocolate cranberry museli,"Chocolate cereals, Mueslis",India,76.57,61.82,100.0,78.29,https://world.openfoodfacts.org/product/8904335600343/chocolate-cranberry-museli-yoga-bar
IN_8901499008190,8901499008190,Kellogg's,Corn flakes,Corn flakes,India,50.68,56.36,25.0,75.0,https://world.openfoodfacts.org/product/8901499008190/corn-flakes-kelloggs
IN_8901499009135,8901499009135,Kellogg's,Corn Flakes Original,Corn flakes,India,60.45,56.36,,70.0,https://world.openfoodfacts.org/product/8901499009135/corn-flakes-original-kellogg-s
IN_8901499010476,8901499010476,Kellogg's,Unknown Product,Mueslis,India,85.21,80.0,100.0,76.04,https://world.openfoodfacts.org/product/8901499010476/muesli-0-added-sugar-kellogg-s
IN_8901088213974,8901088213974,Saffola Oats,Creamy Oats,Breakfast cereals,India,78.27,81.82,,70.0,https://world.openfoodfacts.org/product/8901088213974/creamy-oats-saffola-oats
IN_8901088772433,8901088772433,Saffola,Saffola Masala Millets,Breakfast cereals,India,70.83,52.73,100.0,72.34,https://world.openfoodfacts.org/product/8901088772433/saffola-masala-millets
IN_8904335600800,8904335600800,Yoga bar,Rolled Oats,"Rolled oats, 6.3 Oat products",India,87.27,81.82,,100.0,https://world.openfoodfacts.org/product/8904335600800/rolled-oats-yoga-bar
IN_8906136651975,8906136651975,Pintola,High Protein Muesli,Mueslis,India,74.0,72.73,,76.96,https://world.openfoodfacts.org/product/8906136651975/high-protein-muesli-pintola
IN_8906008350500,8906008350500,Manna,Oats,Rolled oats,India,86.0,80.0,,100.0,https://world.openfoodfacts.org/product/8906008350500/oats-manna
IN_8901499010216,8901499010216,Kellogg's,Corn Flakes1.20 kg,Corn flakes,India,73.18,56.36,100.0,75.0,https://world.openfoodfacts.org/product/8901499010216/corn-flakes1-20-kg-kellogg-s
IN_8901491103787,8901491103787,"Pepsico, Quaker",Flocon d'avoine pour poridg,Rolled oats,India,51.55,43.64,,70.0,https://world.openfoodfacts.org/product/8901491103787/flocon-d-avoine-pour-poridg-pepsico
IN_8904335600756,8904335600756,Generic,Yoga bar oats dark chocolate,Breakfast cereals,India,76.57,61.82,100.0,78.29,https://world.openfoodfacts.org/product/8904335600756/yoga-bar-oats-dark-chocolate
IN_8901499010773,8901499010773,Kellogg's,Chocos Moons and Stars,Extruded cereals,India,59.35,50.91,62.5,75.73,https://world.openfoodfacts.org/product/8901499010773/chocos-moons-and-stars-kellogg-s
IN_8903363007636,8903363007636,Nutri Delite,Nutri Delite 2 in 1s,Extruded cereals,India,69.23,49.09,100.0,73.41,https://world.openfoodfacts.org/product/8903363007636/nutri-delite-2-in-1s
IN_8901499008893,8901499008893,Kellogg's,Kellogg's Corn flakes original,Corn flakes,India,75.91,61.82,100.0,75.0,https://world.openfoodfacts.org/product/8901499008893/kellogg-s-corn-flakes-original
IN_8901499008343,8901499008343,Kellogg's,CornFlakes Almond Honey,Corn flakes,India,50.27,41.82,,70.0,https://world.openfoodfacts.org/product/8901499008343/cornflakes-almond-honey-kellogg-s
IN_8904320002565,8904320002565,Disano,OATS,"Rolled oats, Oat",India,86.0,80.0,,100.0,https://world.openfoodfacts.org/product/8904320002565/oats-disano
IN_8906127551086,8906127551086,Alpino,Alpino Super Oats Chocolate,"Breakfast cereals, Oat",India,82.54,72.73,100.0,80.87,https://world.openfoodfacts.org/product/8906127551086/alpino-super-oats-chocolate
IN_8901499010230,8901499010230,Kellog's,Oats,"Rolled oats, Oat",India,87.27,81.82,,100.0,https://world.openfoodfacts.org/product/8901499010230/oats-kellog-s
IN_8901058003970,8901058003970,Generic,Unknown Product,"Breakfast cereals, Nestle",India,55.36,49.09,,70.0,https://world.openfoodfacts.org/product/8901058003970
IN_8906113490894,8906113490894,Tata,Soulfull Millet muesli,Mueslis,India,71.05,61.82,85.0,73.18,https://world.openfoodfacts.org/product/8906113490894/soulfull-millet-muesli-tata
IN_8901088759533,8901088759533,Saffola,Masala Oats Classic Masala,Breakfast cereals,India,56.64,50.91,,70.0,https://world.openfoodfacts.org/product/8901088759533/masala-oats-classic-masala-saffola
IN_8904335600329,8904335600329,Yoga Bar,Dark Chocolate And Cranberry Muesli,"Mueslis, Rolled oats (small)",India,63.0,60.0,,70.0,https://world.openfoodfacts.org/product/8904335600329/dark-chocolate-and-cranberry-muesli-yoga-bar
IN_8901499008299,8901499008299,Kellogg's,Corn Flakes Original,Corn flakes,India,73.41,72.73,,75.0,https://world.openfoodfacts.org/product/8901499008299/corn-flakes-original-kellogg
IN_8908002984965,8908002984965,Tata Soulfoul,Millet muesli,Mueslis with nuts,India,80.96,80.0,85.0,77.3,https://world.openfoodfacts.org/product/8908002984965/millet-muesli-tata-soulfoul
IN_8906113490801,8906113490801,Tata Soulfull,Masala Oats and Millets,"Millet, Rolled oats",India,63.48,47.27,85.0,71.74,https://world.openfoodfacts.org/product/8906113490801/masala-oats-and-millets-tata-soulfull
IN_8901499011466,8901499011466,Kellogg's,Corn Flakes Real Almond Honey,Corn flakes,India,50.27,41.82,,70.0,https://world.openfoodfacts.org/product/8901499011466/corn-flakes-real-almond-honey-kellogg-s
IN_8904335600312,8904335600312,YogaBar,YogaBar Muesli+,"Breakfast cereals, Health",India,59.56,50.91,,79.74,https://world.openfoodfacts.org/product/8904335600312/yogabar-muesli
IN_8903363008770,8903363008770,Nutri Delite,Oats,Rolled oats,India,79.64,70.91,,100.0,https://world.openfoodfacts.org/product/8903363008770/oats-nutri-delite
IN_8904132928657,8904132928657,Aarambh,Oats,"Rolled oats, Oat",India,86.0,80.0,,100.0,https://world.openfoodfacts.org/product/8904132928657/oats-aarambh
IN_8908003833002,8908003833002,Kanaiya,Mamra / Murmura / Roasted Rice,Puffed rice,India,73.41,72.73,,75.0,https://world.openfoodfacts.org/product/8908003833002/mamra-murmura-roasted-rice-kanaiya
IN_8901499011176,8901499011176,Kellogs,kellogs froot loops,Breakfast cereals,India,71.91,72.73,,70.0,https://world.openfoodfacts.org/product/8901499011176/kellogs-froot-loops
IN_8906127551437,8906127551437,Alpino,high protein super oats,"Breakfast cereals, Dietary supplements, Oat",India,68.59,45.45,100.0,79.31,https://world.openfoodfacts.org/product/8906127551437/high-protein-super-oats-alpino
IN_8901499011992,8901499011992,Kellogg's,Kellogg's Chocolate Muesli,Mueslis with chocolate,India,55.36,49.09,,70.0,https://world.openfoodfacts.org/product/8901499011992/kellogg-s-chocolate-muesli
IN_8904335602521,8904335602521,Yogabar,Chocolate Muesli,"Mueslis, Food",India,66.55,61.82,,77.58,https://world.openfoodfacts.org/product/8904335602521/chocolate-muesli-yogabar
IN_8904335603405,8904335603405,Yogabar,Protein Muesli,Mueslis,India,63.0,60.0,,70.0,https://world.openfoodfacts.org/product/8904335603405/protein-muesli-yogabar
IN_8901499008176,8901499008176,Kellogg's,Kelloggs Corn Flakes,Corn flakes,India,58.86,72.73,25.0,75.0,https://world.openfoodfacts.org/product/8901499008176/kelloggs-corn-flakes
IN_8906002348169,8906002348169,Rajdhani,Poha Mota,"Breakfast cereals, Rices",India,72.14,70.91,,75.0,https://world.openfoodfacts.org/product/8906002348169/poha-mota-rajdhani
IN_8901499009289,8901499009289,Kellogg's,Cornflakes Almond Honey (Kellogg's),Corn flakes,India,55.07,43.64,62.5,72.52,https://world.openfoodfacts.org/product/8901499009289/cornflakes-almond-honey-kellogg-s
IN_8902710100150,8902710100150,Bagrry’s,White Oats,"Rolled oats, Oat",India,87.27,81.82,,100.0,https://world.openfoodfacts.org/product/8902710100150/white-oats-bagrry-s
IN_8901499009715,8901499009715,Kellogg's,Kelloggs Crunchy Granola Almonds & Cranberries,"Breakfast cereals, Cereal bars with almonds, cereal-bar-with-almonds-or-hazelnuts",India,61.93,49.09,75.0,74.41,https://world.openfoodfacts.org/product/8901499009715/kelloggs-crunchy-granola-almonds-cranberries
IN_8906014903592,8906014903592,Kwality,Muesli Fruit & Nut,Mueslis with fruits,India,85.41,80.0,100.0,77.06,https://world.openfoodfacts.org/product/8906014903592/muesli-fruit-nut-kwality
IN_8901499010506,8901499010506,Kellogg's,Muesli With 20% Nuts Delight,"Mueslis, Diet breakfast cereals",India,71.91,74.55,62.5,79.42,https://world.openfoodfacts.org/product/8901499010506/muesli-with-20-nuts-delight-kelloggs
IN_7622202334009,7622202334009,"Cadbury, Dairy Milk",dairy milk,Milk chocolates,India,37.55,23.64,,70.0,https://world.openfoodfacts.org/product/7622202334009/dairy-milk
IN_8901262070546,8901262070546,Amul,Chocominis,"Chocolate Sculptures, Milk chocolate molds",India,52.94,25.45,100.0,51.09,https://world.openfoodfacts.org/product/8901262070546/chocominis-amul
IN_7622202325960,7622202325960,Cadbury,Bournville Intense 70% Dark,Dark chocolate bar,India,60.05,32.73,100.0,68.41,https://world.openfoodfacts.org/product/7622202325960/bournville-intense-70-dark-cadbury
IN_7622202318078,7622202318078,Cadbury,5 Star Chocolate Bar,"Confectioneries, Milk chocolates, Sugar-boil",India,55.54,25.45,100.0,64.07,https://world.openfoodfacts.org/product/7622202318078/5-star-chocolate-bar-cadbury
IN_8901262070676,8901262070676,Amul,Dark Chocolate,"Bars, Dark chocolates",India,56.2,27.27,100.0,62.84,https://world.openfoodfacts.org/product/8901262070676/dark-chocolate-amul
IN_7622202272639,7622202272639,Cadbury,Cadbury Dairy Milk,"Confectioneries, Milk chocolates",India,69.36,69.09,,70.0,https://world.openfoodfacts.org/product/7622202272639/cadbury-dairy-milk
IN_7622202324260,7622202324260,Generic,Dairy Milk Chocolate,"Milk chocolates, Candy chocolate bars, Ch",India,55.9,23.64,100.0,70.39,https://world.openfoodfacts.org/product/7622202324260/dairy-milk-chocolate
IN_8901058875577,8901058875577,Nestlé,Milkybar,Milk chocolate bar,India,38.81,25.45,,70.0,https://world.openfoodfacts.org/product/8901058875577/milkybar-nestle
IN_8901262071864,8901262071864,Amul,99% Cacao Ultimate Dark Chocolate,Dark chocolate bar,India,52.74,43.64,,73.99,https://world.openfoodfacts.org/product/8901262071864/99-cacao-ultimate-dark-chocolate-amul
IN_8901058861921,8901058861921,Nestlé,Milky bar,"Chocolate candies, Milk chocolate bar",India,54.96,25.45,100.0,61.19,https://world.openfoodfacts.org/product/8901058861921/milky-bar-nestle
IN_8901123005403,8901123005403,Lotte,Lotto Choco Pie With Rich Marshmallow,"Chocolates, Chocolate biscuits",India,51.6,16.36,100.0,67.09,https://world.openfoodfacts.org/product/8901123005403/lotto-choco-pie-with-rich-marshmallow-lotte
IN_8901058903966,8901058903966,Nestlé,Milkybar Moosha,Milk chocolate bar with nougat,India,60.4,27.27,100.0,83.84,https://world.openfoodfacts.org/product/8901058903966/milkybar-moosha-nestle
IN_7622201762063,7622201762063,Cadbury,Dairy milk chocolate,Milk chocolate bar,India,37.55,23.64,,70.0,https://world.openfoodfacts.org/product/7622201762063/dairy-milk-chocolate-cadbury
IN_7622202245558,7622202245558,Cadbury,Cadbury Dairy Milk,"Confectioneries, Chocolates",India,69.36,69.09,,70.0,https://world.openfoodfacts.org/product/7622202245558/cadbury-dairy-milk
IN_8901262070454,8901262070454,Amul,Amul Dark Chocolate,"Chocolate candies, Dark chocolates",India,54.87,27.27,100.0,56.16,https://world.openfoodfacts.org/product/8901262070454/amul-dark-chocolate
IN_8902433005763,8902433005763,Galaxy,70%coCÓA,Dark chocolates,India,45.18,34.55,,70.0,https://world.openfoodfacts.org/product/8902433005763/70-cocoa-galaxy
IN_7622202307171,7622202307171,Cadbury,shots,"Chocolate candies, Chocolates",India,38.79,27.27,,65.66,https://world.openfoodfacts.org/product/7622202307171/shots-cadbury
IN_8901262071048,8901262071048,Amul,Amul Sugar free chocolate,"Chocolate candies, Chocolates, Sugar free chocolate",India,63.68,43.64,100.0,59.3,https://world.openfoodfacts.org/product/8901262071048/amul-sugar-free-chocolate
IN_80135890,80135890,Ferrero,Kinder joy boy,"Chocolate candies, Easter eggs, Hollow chocolate eggs",India,37.55,23.64,,70.0,https://world.openfoodfacts.org/product/80135890/kinder-joy-boy-ferrero
IN_7622202325991,7622202325991,Cadbury Bournville,50% Dark Chocolate,Dark chocolates,India,38.81,25.45,,70.0,https://world.openfoodfacts.org/product/7622202325991/50-dark-chocolate-cadbury-bournville
IN_89008492,89008492,Nestlé,Milkybar,"Chocolates, Candy chocolate bars",India,48.05,9.09,100.0,67.55,https://world.openfoodfacts.org/product/89008492/milkybar-nestle
IN_7622202324871,7622202324871,Cadbury,Gadour Dairy milk chocolate fruit & nut,"Chocolate candies, Chocolates",India,39.05,23.64,,75.0,https://world.openfoodfacts.org/product/7622202324871/gadour-dairy-milk-chocolate-fruit-nut-cadbury
IN_8901058018639,8901058018639,Nestlé,Milkybar,"Chocolates, Chocolate covered bars with milk and cereals",India,64.27,61.82,,70.0,https://world.openfoodfacts.org/product/8901058018639/milkybar-nestle
IN_7622202346385,7622202346385,Cadbury,Cadbury Dairy Milk,Chocolates,India,56.41,25.45,100.0,68.41,https://world.openfoodfacts.org/product/7622202346385/cadbury-dairy-milk
IN_8901262070539,8901262070539,Amul,FRUIT N' NUT Dark Chocolate,"Confectioneries, Dark chocolate bar with dried fruits, Composite chocolate",India,58.42,29.09,100.0,69.4,https://world.openfoodfacts.org/product/8901262070539/fruit-n-nut-dark-chocolate-amul
IN_7622202030819,7622202030819,Cadbury Bournville,Cranberry,"Dark chocolates, Chocolates with cranberry",India,56.86,25.45,100.0,70.69,https://world.openfoodfacts.org/product/7622202030819/cranberry-cadbury-bournville
IN_7622202025426,7622202025426,Cadbury,Dairy milk,Milk chocolate bar,India,27.36,9.09,,70.0,https://world.openfoodfacts.org/product/7622202025426/dairy-milk-cadbury
IN_7622202290428,7622202290428,Cadbary,Dairy Milk Silk Roast Almond,"Milk chocolates, Chocolates with almonds, Roast almond chocolate",India,47.73,7.27,100.0,70.47,https://world.openfoodfacts.org/product/7622202290428/dairy-milk-silk-roast-almond-cadbary
IN_7622202237942,7622202237942,Cadbury,Cadbury dairy milk,Milk chocolate bar,India,55.26,23.64,100.0,67.22,https://world.openfoodfacts.org/product/7622202237942/cadbury-dairy-milk
IN_8000500126936,8000500126936,Ferrero Rocher,Ferrero Rocher,"Chocolates, Chocolate biscuits, Crispy biscuits, Biscuits with nuts, Chocolate sandwich cookies, Neules",India,57.48,27.27,100.0,69.2,https://world.openfoodfacts.org/product/8000500126936/ferrero-rocher
IN_8901262071703,8901262071703,Amul,Twilight Tryst Single Origin Dark Chocolate,"Chocolate candies, Dark chocolate bar",India,54.87,27.27,100.0,56.16,https://world.openfoodfacts.org/product/8901262071703/twilight-tryst-single-origin-dark-chocolate-amul
IN_7622202031618,7622202031618,cadbury,nutties,"Milk chocolates, Chocolate covered cashews",India,55.87,23.64,100.0,70.24,https://world.openfoodfacts.org/product/7622202031618/nutties-cadbury
IN_8906002484003,8906002484003,Mars,Snickers,"Chocolate candies, Bars, Chocolates",India,54.53,23.64,100.0,63.55,https://world.openfoodfacts.org/product/8906002484003/snickers-mars
IN_8902433003134,8902433003134,SNICKERS,SNICKERS BUTTERSCOTCH FLAVOUR,"Filled chocolates, fr:Barres chocolatées aux fruits oléagineux",India,55.44,23.64,100.0,68.12,https://world.openfoodfacts.org/product/8902433003134/snickers-butterscotch-flavour
IN_8901058009439,8901058009439,Nestlé,munch,"Confectioneries, Chocolates",India,58.34,30.91,100.0,64.43,https://world.openfoodfacts.org/product/8901058009439/munch-nestle
IN_7622202326110,7622202326110,Cadbury,Oreo Silk,Chocolates,India,35.0,20.0,,70.0,https://world.openfoodfacts.org/product/7622202326110/oreo-silk-cadbury
IN_7622202324604,7622202324604,Cadbury,Dairy Milk Family Pack,Milk chocolates,India,35.11,23.64,,61.89,https://world.openfoodfacts.org/product/7622202324604/dairy-milk-family-pack-cadbury
IN_7622202329494,7622202329494,Cadbury,Dairy Milk (Classic milk chocolate variant),Milk chocolates,India,55.5,23.64,100.0,68.41,https://world.openfoodfacts.org/product/7622202329494/dairy-milk-classic-milk-chocolate-variant-cadbury
IN_7622202326202,7622202326202,Cadbury Dairy Milk,Dairy Milk Silk Fruit and Nut Chocolate Bar,"Milk chocolates, Candy chocolate bars, Cocoa powders, Chocolate bar with dried fruits",India,55.81,23.64,100.0,69.97,https://world.openfoodfacts.org/product/7622202326202/dairy-milk-silk-fruit-and-nut-chocolate-bar-cadbury-dairy-milk
IN_7622202818332,7622202818332,Generic,Unknown Product,"Chocolates, Cadbury",India,38.81,25.45,,70.0,https://world.openfoodfacts.org/product/7622202818332
IN_7622202030758,7622202030758,Cadbury,Dark Chocolate,Chocolates,India,38.81,25.45,,70.0,https://world.openfoodfacts.org/product/7622202030758/dark-chocolate-cadbury
IN_7622202030840,7622202030840,Cadbury,Bournville 50% Dark,"Dark chocolates, Candy chocolate bars",India,68.09,67.27,,70.0,https://world.openfoodfacts.org/product/7622202030840/bournville-50-dark-cadbury
IN_7622202294396,7622202294396,Cadbury bournville,Unknown Product,Dark chocolate bar with dried fruits,India,40.09,27.27,,70.0,https://world.openfoodfacts.org/product/7622202294396/cadbury-bournville
IN_8901262070836,8901262070836,Amul,Amul Bitter Chocolate,Extra fine dark chocolates,India,43.12,34.55,,63.12,https://world.openfoodfacts.org/product/8901262070836/amul-bitter-chocolate
IN_8906051682207,8906051682207,Morde,Dark Chocolate Compound,"Confectioneries, Chocolates",India,43.91,32.73,,70.0,https://world.openfoodfacts.org/product/8906051682207/dark-chocolate-compound-morde
IN_8901262071130,8901262071130,Amul,Amul 90% Bitter Intense Dark Chocolate,Dark chocolates,India,60.19,40.0,100.0,50.96,https://world.openfoodfacts.org/product/8901262071130/amul-90-bitter-intense-dark-chocolate
IN_8909081000249,8909081000249,Sunfeast,Dark Fantasy,"Chocolates, Biscuit (cookie) snack w chocolate filling",India,26.69,9.09,,67.77,https://world.openfoodfacts.org/product/8909081000249/dark-fantasy-sunfeast
IN_8901262070324,8901262070324,Amul,Sugar free dark chocolate,Dark chocolate bar without sugar and with artificial sweeteners,India,63.05,43.64,100.0,56.16,https://world.openfoodfacts.org/product/8901262070324/sugar-free-dark-chocolate-amul
IN_7622202329555,7622202329555,Dairy Milk,Fruit And Nut,"Chocolate candies, Chocolates",India,50.27,41.82,,70.0,https://world.openfoodfacts.org/product/7622202329555/fruit-and-nut-dairy-milk
IN_7622202324758,7622202324758,Cadbury,Crispello,"Chocolate candies, Chocolates",India,54.8,21.82,100.0,69.47,https://world.openfoodfacts.org/product/7622202324758/crispello-cadbury
IN_7622202325847,7622202325847,Generic,Rum and Raising,Dark chocolate bar,India,38.81,25.45,,70.0,https://world.openfoodfacts.org/product/7622202325847/rum-and-raising
IN_7622201710606,7622201710606,5star,5 star chocolate,"Confectioneries, Chocolates, Chocolate Charlottes",India,57.0,25.45,100.0,71.39,https://world.openfoodfacts.org/product/7622201710606/5-star-chocolate-5star
IN_8901058852165,8901058852165,Nestlé,KitKat,"Bars, Chocolates",India,43.91,32.73,,70.0,https://world.openfoodfacts.org/product/8901058852165/kitkat-nestle
IN_8901058005905,8901058005905,Nestlé,KitKat Dark Chocolate Coated Wafer,"Bars, Chocolates, Chocolate confectioneries filled with wafer, Chocolate stuffed wafers",India,63.3,40.0,100.0,66.52,https://world.openfoodfacts.org/product/8901058005905/kitkat-dark-chocolate-coated-wafer-nestle
IN_8901262071086,8901262071086,Amul,Dark Passion Coated Wafer Layers,Chocolates,India,58.29,30.91,100.0,64.16,https://world.openfoodfacts.org/product/8901262071086/dark-passion-coated-wafer-layers-amul
IN_7622202398735,7622202398735,Cadbury,Dairy Milk Chocolate,Chocolates,India,69.36,69.09,,70.0,https://world.openfoodfacts.org/product/7622202398735/dairy-milk-chocolate-cadbury
IN_8902433005688,8902433005688,Galaxy,Galaxy Fusions Dark Chocolate,Dark chocolates,India,45.18,34.55,,70.0,https://world.openfoodfacts.org/product/8902433005688/galaxy-fusions-dark-chocolate
IN_7622202292927,7622202292927,Cadbury Dairy Milk,Silk Hearts And Roses Tiny Treats,Chocolates,India,37.55,23.64,,70.0,https://world.openfoodfacts.org/product/7622202292927/silk-hearts-and-roses-tiny-treats-cadbury-dairy-milk
IN_7622202294426,7622202294426,Generic,Temptations rum & raisins,Chocolate bar with dried fruits,India,56.57,25.45,100.0,69.23,https://world.openfoodfacts.org/product/7622202294426/temptations-rum-raisins
IN_8906020491342,8906020491342,Lal sweets,Mysore pak,Chocolates,India,41.36,29.09,,70.0,https://world.openfoodfacts.org/product/8906020491342/mysore-pak-lal-sweets
IN_7622202290756,7622202290756,Cadbury Dairy Milk,Silk Ganache,Milk chocolates,India,36.27,21.82,,70.0,https://world.openfoodfacts.org/product/7622202290756/silk-ganache-cadbury-dairy-milk
IN_7622202320330,7622202320330,Cadbury,Cadbury 5 Star Oreo,"Confectioneries, Chocolates, Cocoa powders",India,54.23,21.82,100.0,66.61,https://world.openfoodfacts.org/product/7622202320330/cadbury-5-star-oreo
IN_7622202818301,7622202818301,Cadbury is sold by Modelez,Dairy Milk,"Confectioneries, Milk chocolates",India,80.34,72.73,100.0,69.88,https://world.openfoodfacts.org/product/7622202818301/dairy-milk-cadbury-is-sold-by-modelez
IN_7622202398698,7622202398698,Cadbury,Cadbury Dairy Milk,Milk chocolates,India,39.05,23.64,,75.0,https://world.openfoodfacts.org/product/7622202398698/cadbury-dairy-milk
IN_8902433005732,8902433005732,Generic,Galaxy Fusions,Dark chocolate bar,India,78.99,72.73,100.0,63.12,https://world.openfoodfacts.org/product/8902433005732/galaxy-fusions
IN_8902433003677,8902433003677,Generic,Galaxy smooth Milk,Milk chocolate bar,India,80.38,72.73,100.0,70.07,https://world.openfoodfacts.org/product/8902433003677/galaxy-smooth-milk
IN_7622201415662,7622201415662,Cadbury,Dairymilk crispello,"Confectioneries, Chocolates",India,80.82,72.73,100.0,72.26,https://world.openfoodfacts.org/product/7622201415662/dairymilk-crispello-cadbury
IN_8906143890510,8906143890510,The Whole Truth,The Whole Truth Hazelnut Dark Chocolate,Dark chocolates with hazelnuts,India,50.5,40.0,,75.0,https://world.openfoodfacts.org/product/8906143890510/the-whole-truth-hazelnut-dark-chocolate
IN_8901262072670,8901262072670,Amul,55 % dark chocolate,Dark chocolates,India,40.09,27.27,,70.0,https://world.openfoodfacts.org/product/8901262072670/55-dark-chocolate-amul
IN_8901262072267,8901262072267,Amul,Amul White Chocolate,"Chocolates, Candy chocolate bars",India,53.7,23.64,100.0,59.4,https://world.openfoodfacts.org/product/8901262072267/amul-white-chocolate
IN_6942836717957,6942836717957,HERSHEY'S,Cream Milk Chocolate,"Milk chocolates, Chocolote",India,51.55,43.64,,70.0,https://world.openfoodfacts.org/product/6942836717957/cream-milk-chocolate-hershey-s
IN_7622202329586,7622202329586,Qadbury,Dairy Milk Crackle,Chocolates,India,36.27,21.82,,70.0,https://world.openfoodfacts.org/product/7622202329586/dairy-milk-crackle-qadbury
IN_8906144680127,8906144680127,The Select Aisle,Milk Chocolate Chips,Chocolates,India,51.55,43.64,,70.0,https://world.openfoodfacts.org/product/8906144680127/milk-chocolate-chips-the-select-aisle
IN_8906088701223,8906088701223,Didier & Frank,Wicked Dark Chocolate 85%,"Chocolates, Candy chocolate bars",India,69.54,49.09,100.0,75.0,https://world.openfoodfacts.org/product/8906088701223/wicked-dark-chocolate-85-didier-frank
IN_8901071704892,8901071704892,Hershey's,Choco Delights,Chocolates,India,66.81,65.45,,70.0,https://world.openfoodfacts.org/product/8901071704892/choco-delights-hershey-s
IN_7622202326059,7622202326059,Cadbury is sold by Mondelez,Dairy Milk Silk Mousse,"Milk chocolates, Chocolate mousses",India,37.55,23.64,,70.0,https://world.openfoodfacts.org/product/7622202326059/dairy-milk-silk-mousse-cadbury-is-sold-by-mondelez
IN_8901233030548,8901233030548,Mondelez,Cadbury Dairy Milk,"Confectioneries, Milk chocolates",India,37.07,23.64,,68.41,https://world.openfoodfacts.org/product/8901233030548/cadbury-dairy-milk-mondelez
IN_7622201761530,7622201761530,Dairy Milk,Fruit & Nut Silk,"Milk chocolates, Chocolate bar with dried fruits",India,37.55,23.64,,70.0,https://world.openfoodfacts.org/product/7622201761530/fruit-nut-silk-dairy-milk
IN_7622201150242,7622201150242,Cadbury,Dairy milk chocolate fruit and nut,Chocolates,India,38.81,25.45,,70.0,https://world.openfoodfacts.org/product/7622201150242/dairy-milk-chocolate-fruit-and-nut-cadbury
IN_8902433003615,8902433003615,Generic,Galaxy milk chocolate 20g,"Candy chocolate bars, Chocolate coated chickpeas, Milk chocolate bar",India,38.81,25.45,,70.0,https://world.openfoodfacts.org/product/8902433003615/galaxy-milk-chocolate-20g
IN_8901058000290,8901058000290,Nestlé,maggi,"Instant noodles, Instant Noodles with Seasoning",India,80.51,72.73,100.0,70.73,https://world.openfoodfacts.org/product/8901058000290/maggi-nestle
IN_8901058000306,8901058000306,Nestlé,Maggi noodles masala,Instant noodles,India,61.42,34.55,100.0,70.73,https://world.openfoodfacts.org/product/8901058000306/maggi-noodles-masala-nestle
IN_8901058023787,8901058023787,Maggi,2-minute noodles masala taste,"Herbs and spices, Instant noodles, Tastemaker",India,60.51,32.73,100.0,70.74,https://world.openfoodfacts.org/product/8901058023787/2-minute-noodles-masala-taste-maggi
IN_8901058023800,8901058023800,"Maggi, Nestlé",Maggi 2-minute noodles Masala,Instant noodles,India,65.52,41.82,100.0,73.05,https://world.openfoodfacts.org/product/8901058023800/maggi-2-minute-noodles-masala
IN_8909081005251,8909081005251,Sunfeast,Yippee Noodles,Instant noodles,India,41.36,29.09,,70.0,https://world.openfoodfacts.org/product/8909081005251/yippee-noodles-sunfeast
IN_8901058009729,8901058009729,Maggi,Masala Veg Atta Noodles,Instant noodles,India,65.7,43.64,100.0,69.38,https://world.openfoodfacts.org/product/8901058009729/masala-veg-atta-noodles-maggi
IN_8901725005986,8901725005986,"Sunfeast, Yippee!",Sunfeast Yippee! masala magic,Instant noodles,India,68.98,50.0,100.0,69.91,https://world.openfoodfacts.org/product/8901725005986/sunfeast-yippee-masala-magic
IN_8901058851298,8901058851298,"Maggi, Nestlé",Maggi 2-minutes Noodles,Instant noodles,India,64.26,40.0,100.0,71.32,https://world.openfoodfacts.org/product/8901058851298/maggi-2-minutes-noodles-nestle
IN_19010588,19010588,"Maggi, Nestlé",Chicken noodles,"Meals, Instant noodles, Chicken Noodles",India,60.6,36.36,93.75,71.49,https://world.openfoodfacts.org/product/19010588/chicken-noodles-maggi
IN_8901595851218,8901595851218,Ching's Secret,Veg Hakka Noodles,"Pasta dishes, Instant noodles",India,81.37,72.73,100.0,75.0,https://world.openfoodfacts.org/product/8901595851218/veg-hakka-noodles-ching-s-secret
IN_8901058022193,8901058022193,Maggi,Maggi Noodles,Instant noodles,India,43.91,32.73,,70.0,https://world.openfoodfacts.org/product/8901058022193/maggi-noodles
IN_0941458000290,0941458000290,Maggi,2-minute Noodles,Instant noodles,India,65.38,41.82,100.0,72.33,https://world.openfoodfacts.org/product/0941458000290/2-minute-noodles-maggi
IN_8901030976735,8901030976735,Knorr,Korean Ramen,"Instant noodles, Korean Ramen, Ramen",India,66.11,43.64,100.0,71.43,https://world.openfoodfacts.org/product/8901030976735/korean-ramen-knorr
IN_8901058014235,8901058014235,Neslé,Maggi,Instant noodles,India,59.92,32.73,100.0,67.77,https://world.openfoodfacts.org/product/8901058014235/maggi-nesle
IN_8901014000159,8901014000159,Nissin,nissin,"Crisps, Instant noodles",India,56.64,50.91,,70.0,https://world.openfoodfacts.org/product/8901014000159/nissin
IN_8901725005887,8901725005887,Sunfeast,Yippee Noodles,Instant noodles,India,61.95,36.36,100.0,68.83,https://world.openfoodfacts.org/product/8901725005887/yippee-noodles-sunfeast
IN_8901014000371,8901014000371,Nissin,Geki Hot & Spicy Korean Cheese,Instant noodles,India,81.28,72.73,100.0,74.59,https://world.openfoodfacts.org/product/8901014000371/geki-hot-spicy-korean-cheese-nissin
IN_8901058008999,8901058008999,Nescafé,2-Minutes Noodles,Instant noodles,India,64.09,38.18,100.0,75.0,https://world.openfoodfacts.org/product/8901058008999/2-minutes-noodles-nescafe
IN_8901058008050,8901058008050,Maggi,Maggi,Instant noodles,India,61.56,34.55,100.0,71.41,https://world.openfoodfacts.org/product/8901058008050/maggi
IN_8901058022872,8901058022872,Maggi,Masala Veg Atta Noodles,Instant noodles,India,51.55,43.64,,70.0,https://world.openfoodfacts.org/product/8901058022872/masala-veg-atta-noodles-maggi
IN_8901014000166,8901014000166,Nissin,Geki - Hot & Spicy,"Appetizers, Instant noodles",India,59.42,29.09,100.0,74.39,https://world.openfoodfacts.org/product/8901014000166/geki-hot-spicy-nissin
IN_8906013030022,8906013030022,Wai wai,Wai wai,"Appetizers, Cereals and their products, Instant noodles",India,59.41,29.09,100.0,74.33,https://world.openfoodfacts.org/product/8906013030022/wai-wai
IN_8901014000425,8901014000425,Nissin,nissin noodels,Instant noodles,India,68.09,67.27,,70.0,https://world.openfoodfacts.org/product/8901014000425/nissin-noodels
IN_8901030865855,8901030865855,Knorr,Knorr soupy noodles mast masala,Instant noodles,India,43.9,30.91,,74.22,https://world.openfoodfacts.org/product/8901030865855/knorr-soupy-noodles-mast-masala
IN_8901058019339,8901058019339,Maggie,2 Minutes Noodles,Instant noodles,India,43.91,32.73,,70.0,https://world.openfoodfacts.org/product/8901058019339/2-minutes-noodles-maggie
IN_8801043054768,8801043054768,Nongshim,Shin Kimchi,Instant noodle soups,India,75.69,63.64,100.0,69.37,https://world.openfoodfacts.org/product/8801043054768/shin-kimchi-nongshim
IN_8906078721965,8906078721965,Gopal Namkeeen,Gopal Namkeeen Shot Go Noodles,Instant noodles,India,69.92,52.73,100.0,67.77,https://world.openfoodfacts.org/product/8906078721965/gopal-namkeeen-shot-go-noodles
IN_8901058009705,8901058009705,"Maggi, Nestlé",Veg atta noodles,Instant noodles,India,80.17,72.73,100.0,69.01,https://world.openfoodfacts.org/product/8901058009705/veg-atta-noodles-maggi
IN_8901058017793,8901058017793,Maggi,2-Minute noodles,"Instant noodles, Product",India,81.37,72.73,100.0,75.0,https://world.openfoodfacts.org/product/8901058017793/2-minute-noodles-maggi
IN_8901014002061,8901014002061,Generic,Masala Noodles,Instant noodles,India,50.27,41.82,,70.0,https://world.openfoodfacts.org/product/8901014002061/masala-noodles
IN_8901058000191,8901058000191,Maggi,Family Fun Pack,Instant noodles,India,60.72,32.73,100.0,71.76,https://world.openfoodfacts.org/product/8901058000191/family-fun-pack-maggi
IN_8901014004836,8901014004836,Nissin,cup noodles,"Instant noodles, Cup noodles",India,59.15,29.09,100.0,73.03,https://world.openfoodfacts.org/product/8901014004836/cup-noodles-nissin
IN_8901741000927,8901741000927,Wai Wai,Wai Wai instant noodles,"Cereals and their products, Instant noodles",India,41.36,29.09,,70.0,https://world.openfoodfacts.org/product/8901741000927/wai-wai-instant-noodles
IN_8906090575546,8906090575546,Too Yum,K-Bomv Ramen,Instant noodles,India,46.45,36.36,,70.0,https://world.openfoodfacts.org/product/8906090575546/k-bomv-ramen-too-yum
IN_8901014000470,8901014000470,Generic,niisin,Instant noodles,India,81.23,72.73,100.0,74.35,https://world.openfoodfacts.org/product/8901014000470/niisin
IN_8901058851328,8901058851328,Maggi,Maggi 2 Minutes Noodles Masala,Instant noodles,India,60.55,32.73,100.0,70.92,https://world.openfoodfacts.org/product/8901058851328/maggi-2-minutes-noodles-masala
IN_8901595963348,8901595963348,Chings,Instant noodles,Instant noodles,India,64.67,40.0,100.0,73.35,https://world.openfoodfacts.org/product/8901595963348/instant-noodles-chings
IN_8901014004935,8901014004935,Cup Noodles,spiced chunky chicken,"Poultries, Instant noodle soups, Meals with chicken",India,59.0,29.09,100.0,72.28,https://world.openfoodfacts.org/product/8901014004935/spiced-chunky-chicken-cup-noodles
IN_8901014003181,8901014003181,"Nissin, Top Ramen",top ramn,Instant noodles,India,60.29,30.91,100.0,74.16,https://world.openfoodfacts.org/product/8901014003181/top-ramn-nissin
IN_8901725006006,8901725006006,Sunfeast,Sunfeast  yeppi  noodles,Instant noodles,India,58.76,29.09,100.0,71.07,https://world.openfoodfacts.org/product/8901725006006/sunfeast-yeppi-noodles
IN_8901058003734,8901058003734,Maggi,Maggie korean noodles,Instant noodles,India,57.91,52.73,,70.0,https://world.openfoodfacts.org/product/8901058003734/maggie-korean-noodles-maggi
IN_8901014004744,8901014004744,Nissin,Cup Noodles Mazedaar Masala,Instant noodles,India,56.96,25.45,100.0,71.16,https://world.openfoodfacts.org/product/8901014004744/cup-noodles-mazedaar-masala-nissin
IN_8906090575539,8906090575539,Too Yumm,Too Yumm! K-Bomb Ramen,"Instant noodles, ramen noodles",India,64.54,40.0,100.0,72.7,https://world.openfoodfacts.org/product/8906090575539/too-yumm-k-bomb-ramen
IN_8901014012114,8901014012114,Cup Noodles,Cup noodles Rogan  josh,Instant noodles,India,51.55,43.64,,70.0,https://world.openfoodfacts.org/product/8901014012114/cup-noodles-rogan-josh
IN_8901058006148,8901058006148,Nestlé,maggie chicken noodles,Instant noodles,India,43.91,32.73,,70.0,https://world.openfoodfacts.org/product/8901058006148/maggie-chicken-noodles-nestle
IN_8901725019754,8901725019754,"Sunfeast, Yippee!",Yippee! Korean Fiery Hot,Instant noodles,India,59.22,30.91,100.0,68.81,https://world.openfoodfacts.org/product/8901725019754/yippee-korean-fiery-hot
IN_8901014000609,8901014000609,Nissin,Pokeman Ramen Fun Masala,Instant noodles,India,57.91,27.27,100.0,71.37,https://world.openfoodfacts.org/product/8901014000609/pokeman-ramen-fun-masala-nissin
IN_8906131682417,8906131682417,Slurp Farm,Slurp Farm Millet Noodles,Instant noodles,India,80.5,70.91,100.0,75.2,https://world.openfoodfacts.org/product/8906131682417/slurp-farm-millet-noodles
IN_8901014004942,8901014004942,Nissin,Cup Noodles Spiced Chicken,Instant noodles,India,80.82,72.73,100.0,72.28,https://world.openfoodfacts.org/product/8901014004942/cup-noodles-spiced-chicken-nissin
IN_8901014000456,8901014000456,geki,koren veg noodles,"Fats, Instant noodles",India,71.91,72.73,,70.0,https://world.openfoodfacts.org/product/8901014000456/koren-veg-noodles-geki
IN_8901058002683,8901058002683,Maggi,Spicy Garlic 2 Minute Noodles,Instant noodles,India,60.05,32.73,100.0,68.45,https://world.openfoodfacts.org/product/8901058002683/spicy-garlic-2-minute-noodles-maggi
IN_8908017962248,8908017962248,Wicked Gud,Instant Noodles,Instant noodles,India,75.73,78.18,,70.0,https://world.openfoodfacts.org/product/8908017962248/instant-noodles-wicked-gud
IN_8901058901511,8901058901511,Maggi,2-minute Noodles Masala,Instant noodles,India,68.28,49.09,100.0,68.67,https://world.openfoodfacts.org/product/8901058901511/2-minute-noodles-masala-maggi
IN_8901014002054,8901014002054,Nissin,Top Ramen Masala Noodles,Instant noodles,India,60.65,30.91,100.0,75.97,https://world.openfoodfacts.org/product/8901014002054/top-ramen-masala-noodles-nissin
IN_8901725005214,8901725005214,Yippee,Atta Noodles,Instant noodles,India,65.31,41.82,100.0,72.02,https://world.openfoodfacts.org/product/8901725005214/atta-noodles-yippee
IN_8901058901542,8901058901542,Maggi,Maggie,Instant noodles,India,61.86,36.36,100.0,68.4,https://world.openfoodfacts.org/product/8901058901542/maggie-maggi
IN_8901058006292,8901058006292,"Maggi, Nestlé",2 - Minute Noodles,"Instant noodles, Pot noodles",India,60.54,32.73,100.0,70.86,https://world.openfoodfacts.org/product/8901058006292/2-minute-noodles-maggi
IN_8901741000910,8901741000910,Wai Wai,wai wai noodles,Instant noodles,India,75.73,78.18,,70.0,https://world.openfoodfacts.org/product/8901741000910/wai-wai-noodles
IN_8906069406178,8906069406178,wok tok,wok tok instant noodles masala,Instant noodles,India,73.41,72.73,,75.0,https://world.openfoodfacts.org/product/8906069406178/wok-tok-instant-noodles-masala
IN_8994963003128,8994963003128,indomie,Indomie Instant Noodles,Instant noodles,India,40.09,27.27,,70.0,https://world.openfoodfacts.org/product/8994963003128/indomie-instant-noodles
IN_8908017962088,8908017962088,Wicked Gud,Wicked Gud Noodles,Instant noodles,India,54.09,47.27,,70.0,https://world.openfoodfacts.org/product/8908017962088/wicked-gud-noodles
IN_8901058006100,8901058006100,"Maggi, Nestlé",Masala Veg Atta Noodles with Spinach,Instant noodles,India,81.7,74.55,100.0,72.12,https://world.openfoodfacts.org/product/8901058006100/masala-veg-atta-noodles-with-spinach-maggi
IN_8908006936007,8908006936007,Sloopy,Sloopy Masala Noodles,Instant noodles,India,64.81,41.82,100.0,69.49,https://world.openfoodfacts.org/product/8908006936007/sloopy-masala-noodles
IN_8947014692154,8947014692154,Wow!,Wow! Thupka Chicken,Instant noodles,India,81.28,72.73,100.0,74.55,https://world.openfoodfacts.org/product/8947014692154/wow-thupka-chicken
IN_8909081006388,8909081006388,Sunfeast,Yippee noodles,"Cereals and their products, Instant noodle soups",India,61.68,34.55,100.0,72.03,https://world.openfoodfacts.org/product/8909081006388/yippee-noodles-sunfeast
IN_8901725005993,8901725005993,Generic,Yippee noodles Mood masala,Instant noodles,India,41.36,29.09,,70.0,https://world.openfoodfacts.org/product/8901725005993/yippee-noodles-mood-masala
IN_6001068587209,6001068587209,Maggi,Maggi 2 Minute Noodles Beef 1 x 73G (Single),Instant noodles,India,56.64,50.91,,70.0,https://world.openfoodfacts.org/product/6001068587209/maggi-2-minute-noodles-beef-1-x-73g-single
IN_8901058891430,8901058891430,Nestle nutrition,2-minutes masala noodles,"Instant noodles, Whole Wheat Noodles",India,68.01,47.27,100.0,71.87,https://world.openfoodfacts.org/product/8901058891430/2-minutes-masala-noodles-nestle-nutrition
IN_8901058851304,8901058851304,Nestlé,Maggi Masala Noodles,"Cereals and their products, Instant noodles",India,63.88,40.0,100.0,69.38,https://world.openfoodfacts.org/product/8901058851304/maggi-masala-noodles-nestle
IN_8901058890709,8901058890709,Nestlé,maggie masala chuppa noodles,Instant noodles,India,61.44,34.55,100.0,70.85,https://world.openfoodfacts.org/product/8901058890709/maggie-masala-chuppa-noodles-nestle
IN_8901058902839,8901058902839,Maggi,Veg Atta Masala Noodles,Instant noodles,India,66.43,45.45,100.0,68.53,https://world.openfoodfacts.org/product/8901058902839/veg-atta-masala-noodles-maggi
IN_8901014004843,8901014004843,Nissin,cup noodles veggi manchow,"Spices, Instant noodles",India,57.0,25.45,100.0,71.38,https://world.openfoodfacts.org/product/8901014004843/cup-noodles-veggi-manchow-nissin
IN_8901088205221,8901088205221,Saffola,Oodles Yummy masala ring noodles,Instant noodles,India,68.14,47.27,100.0,72.51,https://world.openfoodfacts.org/product/8901088205221/oodles-yummy-masala-ring-noodles-saffola
IN_8906032019169,8906032019169,Generic,Patanjali Atta noodles Chatpata flavour,Instant noodles,India,45.18,34.55,,70.0,https://world.openfoodfacts.org/product/8906032019169/patanjali-atta-noodles-chatpata-flavour
IN_8901595963331,8901595963331,Ching's Secret,hot garlic,Instant noodles,India,65.0,40.0,100.0,75.0,https://world.openfoodfacts.org/product/8901595963331/hot-garlic-ching-s-secret
IN_8901058901832,8901058901832,Nestlé,Masala Veg Atta Noodles,Instant noodles,India,64.91,41.82,100.0,70.0,https://world.openfoodfacts.org/product/8901058901832/masala-veg-atta-noodles-nestle
IN_8801043053181,8801043053181,Nongshim,"Nouilles instantanées, Super Piquant et épicé",Instant noodles,India,45.18,34.55,,70.0,https://world.openfoodfacts.org/product/8801043053181/nouilles-instantanees-super-piquant-et-epice-nongshim
IN_8901058009712,8901058009712,Maggi,Maggi Masala Veg Atta noodles,"Instant noodles, Whole Wheat Noodles",India,80.22,72.73,100.0,69.27,https://world.openfoodfacts.org/product/8901058009712/maggi-masala-veg-atta-noodles
IN_8904300200622,8904300200622,TRDP Mario,Date of Expiry:,Instant noodles,India,81.02,72.73,100.0,73.25,https://world.openfoodfacts.org/product/8904300200622/date-of-expiry-trdp-mario
IN_8908017962224,8908017962224,Wicked Gud,wicked noodle,Instant noodles,India,74.88,60.0,100.0,74.42,https://world.openfoodfacts.org/product/8908017962224/wicked-noodle-wicked-gud
IN_8901014011124,8901014011124,"Nissin, Top Ramen",Top Ramen Atta Masala Noodles,Instant noodles,India,81.58,72.73,100.0,76.06,https://world.openfoodfacts.org/product/8901014011124/top-ramen-atta-masala-noodles
IN_8908017962095,8908017962095,Wicked Gud,Wicked Gud Noodles Schezwan,Instant noodles,India,60.45,56.36,,70.0,https://world.openfoodfacts.org/product/8908017962095/wicked-gud-noodles-schezwan
IN_8908016793768,8908016793768,Master Chow,Master Chow Instant Noodles,Instant noodles,India,66.87,43.64,100.0,75.24,https://world.openfoodfacts.org/product/8908016793768/master-chow-instant-noodles
IN_8901058891416,8901058891416,"Maggi, Nestlé",2-minute noodles,Instant noodles,India,62.13,36.36,100.0,69.77,https://world.openfoodfacts.org/product/8901058891416/2-minute-noodles-maggi
IN_8901725116729,8901725116729,"ITC, Sunfeast",Sunfeast Yippee! noodles Magic Masala,"Dried meals, Instant noodles",India,57.78,27.27,100.0,70.73,https://world.openfoodfacts.org/product/8901725116729/sunfeast-yippee-noodles-magic-masala-itc
IN_8906013032187,8906013032187,WAIWAI,WAI WAI,Instant noodles,India,62.63,38.18,100.0,67.71,https://world.openfoodfacts.org/product/8906013032187/wai-wai-waiwai
IN_8901058005851,8901058005851,Nestlé,Maggi Atta Noodles,"Instant noodles, Maggi noodles",India,66.31,43.64,100.0,72.43,https://world.openfoodfacts.org/product/8901058005851/maggi-atta-noodles-nestle
IN_8901058000450,8901058000450,Maggi(Nestlé),2-minute Noodles Veggie Masala,Instant noodles,India,61.44,34.55,100.0,70.84,https://world.openfoodfacts.org/product/8901058000450/2-minute-noodles-veggie-masala-maggi-nestle
IN_8901014011117,8901014011117,"Nissin, Top Ramen",Top Ramen Atta Masala Noodles,Instant noodles,India,65.79,41.82,100.0,74.42,https://world.openfoodfacts.org/product/8901014011117/top-ramen-atta-masala-noodles-nissin
IN_8901058008234,8901058008234,Maggi,Chicken Noodles,Instant noodles,India,65.9,43.64,100.0,70.38,https://world.openfoodfacts.org/product/8901058008234/chicken-noodles-maggi
IN_8901262010016,8901262010016,Amul,Amul Pasteurized Butter,Butters,India,56.82,23.64,100.0,75.0,https://world.openfoodfacts.org/product/8901262010016/amul-pasteurized-butter
IN_8901262200196,8901262200196,Amul,Amul Masti Spiced Buttermilk 200ml,"Beverages, Milks, Buttermilks",India,79.54,69.09,100.0,75.0,https://world.openfoodfacts.org/product/8901262200196/amul-masti-spiced-buttermilk-200ml
IN_8901262260121,8901262260121,"Amul, Amul taaza",Amul Taaza Milky Milk,Whole pasteurised milks,India,73.41,72.73,,75.0,https://world.openfoodfacts.org/product/8901262260121/amul-taaza-milky-milk
IN_8901262010320,8901262010320,AMUL,Amul Butter,Butters,India,64.09,38.18,100.0,75.0,https://world.openfoodfacts.org/product/8901262010320/amul-butter
IN_8906001023043,8906001023043,Paragon Partners,Govardhan pure cow ghee 500ml,"Butters, ghee",India,71.91,72.73,,70.0,https://world.openfoodfacts.org/product/8906001023043/govardhan-pure-cow-ghee-500ml-paragon-partners
IN_8904083303077,8904083303077,Milky Mist,Farm Fresh Sahi Plain Yoghurt,Yogurts,India,73.41,72.73,,75.0,https://world.openfoodfacts.org/product/8904083303077/farm-fresh-sahi-plain-yoghurt-milky-mist
IN_8908000794023,8908000794023,Gokul,Pasteurised full cream milk,"Whole milks, Pasteurised full cream milk",India,66.81,65.45,,70.0,https://world.openfoodfacts.org/product/8908000794023/pasteurised-full-cream-milk-gokul
IN_8901262180115,8901262180115,Amul,malai paneer fresh,Paneer,India,69.54,49.09,100.0,75.0,https://world.openfoodfacts.org/product/8901262180115/malai-paneer-fresh-amul
IN_8902579002299,8902579002299,Parle Agro,Smoodh chocolate,Chocolate milks,India,77.16,65.45,100.0,72.17,https://world.openfoodfacts.org/product/8902579002299/smoodh-chocolate-parle-agro
IN_8901262200189,8901262200189,Amul,Amul Lassi 200ml,"Yogurt drinks, Lassi",India,76.41,65.45,100.0,68.41,https://world.openfoodfacts.org/product/8901262200189/amul-lassi-200ml
IN_8906009501031,8906009501031,Chitale,Pasteurised Cow Milk,Whole milks,India,72.14,70.91,,75.0,https://world.openfoodfacts.org/product/8906009501031/pasteurised-cow-milk-chitale
IN_8901262020039,8901262020039,Amul,Amul cheese,Cheeses,India,59.54,29.09,100.0,75.0,https://world.openfoodfacts.org/product/8901262020039/amul-cheese
IN_8906001023050,8906001023050,Gowardhan,Gowardhan pure cow ghee,"Butters, ghee",India,71.91,72.73,,70.0,https://world.openfoodfacts.org/product/8906001023050/gowardhan-pure-cow-ghee
IN_8901262200004,8901262200004,Amul,Butter milk amul,Buttermilks,India,73.41,72.73,,75.0,https://world.openfoodfacts.org/product/8901262200004/butter-milk-amul
IN_8901262151863,8901262151863,Amul,Amul Fresh Cream,"Creams, Milks, Fresh cream cheese with cow's milk",India,73.41,72.73,,75.0,https://world.openfoodfacts.org/product/8901262151863/amul-fresh-cream
IN_8901262020015,8901262020015,Amul,Cheese slices,"Cheeses, Processed cheese in slices",India,60.46,30.91,100.0,75.0,https://world.openfoodfacts.org/product/8901262020015/cheese-slices-amul
IN_8901262150088,8901262150088,Amul,Milk,Whole milks,India,72.14,70.91,,75.0,https://world.openfoodfacts.org/product/8901262150088/milk-amul
IN_8901262151696,8901262151696,Amul,Amul Lassi 250 ml,"Yogurt drinks, Dairy based drink",India,76.41,65.45,100.0,68.41,https://world.openfoodfacts.org/product/8901262151696/amul-lassi-250-ml
IN_8901262260107,8901262260107,Amul,Amul Gold Milky Milk,"Milks, Full cream milk",India,70.86,69.09,,75.0,https://world.openfoodfacts.org/product/8901262260107/amul-gold-milky-milk
IN_8901262020046,8901262020046,Amul,Pure Milk Cheese Slices,Cheeses,India,60.46,30.91,100.0,75.0,https://world.openfoodfacts.org/product/8901262020046/pure-milk-cheese-slices-amul
IN_8901262150064,8901262150064,Amul,Amul Taaza 1ltr,"Toned milks, Whole milks",India,72.14,70.91,,75.0,https://world.openfoodfacts.org/product/8901262150064/amul-taaza-1ltr
IN_8901262010023,8901262010023,Amul,Amul pasteurised butter,"Cheeses, Butters",India,36.5,20.0,,75.0,https://world.openfoodfacts.org/product/8901262010023/amul-pasteurised-butter
IN_8904083302292,8904083302292,Milky Mist,Greek Yogurt,Greek-style yogurts,India,75.95,76.36,,75.0,https://world.openfoodfacts.org/product/8904083302292/greek-yogurt-milky-mist
IN_8902579002497,8902579002497,"Parle, SMOODH",SMOODH CHOCLATE FLAVORED MILK,Dairy drinks,India,76.9,65.45,100.0,70.88,https://world.openfoodfacts.org/product/8902579002497/smoodh-choclate-flavored-milk
IN_8901262200622,8901262200622,Amul,Amul Masti,Curd,India,73.41,72.73,,75.0,https://world.openfoodfacts.org/product/8901262200622/amul-masti
IN_8908000794054,8908000794054,Gokul,Pasteurised Cow Milk,Dairies,India,70.86,69.09,,75.0,https://world.openfoodfacts.org/product/8908000794054/pasteurised-cow-milk-gokul
IN_8901262202220,8901262202220,Amul,Dahi Yogurt,Curd,India,74.45,76.36,,70.0,https://world.openfoodfacts.org/product/8901262202220/dahi-yogurt-amul
IN_8901262202244,8901262202244,Amul,Tadka Chhach Probiotic Buttermilk,"Buttermilks, Chaas",India,70.86,69.09,,75.0,https://world.openfoodfacts.org/product/8901262202244/tadka-chhach-probiotic-buttermilk-amul
IN_8902579003470,8902579003470,Smoodh,Smoodh Masala Flavoured Buttermilk,Buttermilks,India,79.54,69.09,100.0,75.0,https://world.openfoodfacts.org/product/8902579003470/smoodh-masala-flavoured-buttermilk
IN_8902579003456,8902579003456,"Parle Agro, Smoodh",Smoodh Chaas,Flavoured buttermilks,India,79.54,69.09,100.0,75.0,https://world.openfoodfacts.org/product/8902579003456/smoodh-chaas
IN_8906027712235,8906027712235,Govind,Ghee,"Butters, ghee",India,71.91,72.73,,70.0,https://world.openfoodfacts.org/product/8906027712235/ghee-govind
IN_8901262152211,8901262152211,Amul,Amul Kool Kesar Flavour 180ml,Fruit and milk beverages,India,53.28,65.45,25.0,65.27,https://world.openfoodfacts.org/product/8901262152211/amul-kool-kesar-flavour-180ml
IN_8901262200028,8901262200028,Amul,Dahi,Yogurts,India,74.69,74.55,,75.0,https://world.openfoodfacts.org/product/8901262200028/dahi-amul
IN_8902579003302,8902579003302,Smoodh,Smoodh Lassi,"Dairy drinks, Fermented dairy desserts",India,78.63,67.27,100.0,75.0,https://world.openfoodfacts.org/product/8902579003302/smoodh-lassi
IN_8906016413792,8906016413792,Godrej Jersey,Badam Flavoured Milk,Flavoured milks,India,67.38,67.27,62.5,75.0,https://world.openfoodfacts.org/product/8906016413792/badam-flavoured-milk-godrej-jersey
IN_8901071732413,8901071732413,Hershey's,Milk shake chocolate flavour 180ml,"Milks, Milkshakes",India,77.72,65.45,100.0,75.0,https://world.openfoodfacts.org/product/8901071732413/milk-shake-chocolate-flavour-180ml-hershey-s
IN_8902979001724,8902979001724,Cavin's,Cavins Masala Chaasa 180 ml,"Dairy drinks, Buttermilks",India,77.93,67.27,100.0,71.45,https://world.openfoodfacts.org/product/8902979001724/cavins-masala-chaasa-180-ml-cavin-s
IN_8901262020558,8901262020558,Amul,Diced Cheese,Cheeses,India,50.27,41.82,,70.0,https://world.openfoodfacts.org/product/8901262020558/diced-cheese-amul
IN_8908010900056,8908010900056,Pintola,Peanut butter,"Butters, Peanut butters",India,60.45,56.36,,70.0,https://world.openfoodfacts.org/product/8908010900056/peanut-butter-pintola
IN_8901262060011,8901262060011,Amul,Cheese Spread,Cheese spreads,India,59.46,32.73,100.0,65.5,https://world.openfoodfacts.org/product/8901262060011/cheese-spread-amul
IN_8904083300021,8904083300021,Milky Mist,Paneer,Paneer,India,54.31,45.45,,75.0,https://world.openfoodfacts.org/product/8904083300021/paneer-milky-mist
IN_8904083302100,8904083302100,Milky Mist,Fruit Yogurt Blueberry,Fruit yogurts,India,72.71,67.27,80.0,75.36,https://world.openfoodfacts.org/product/8904083302100/fruit-yogurt-blueberry-milky-mist
IN_8901262030243,8901262030243,Amul,Amul gee,Butters,India,46.45,36.36,,70.0,https://world.openfoodfacts.org/product/8901262030243/amul-gee
IN_8904089920490,8904089920490,heritage,Heritage Total Curd,Curd,India,74.69,74.55,,75.0,https://world.openfoodfacts.org/product/8904089920490/heritage-total-curd
IN_8906009501017,8906009501017,Chitale,Full cream milk,Milks,India,68.31,65.45,,75.0,https://world.openfoodfacts.org/product/8906009501017/full-cream-milk-chitale
IN_8901808000068,8901808000068,Weikfield,WeiKFiELD,"Dessert mixes, Custards and pastry creams, Desse",India,51.11,60.0,25.0,68.05,https://world.openfoodfacts.org/product/8901808000068/weikfield
IN_8901262151368,8901262151368,Amul,Moti,Cow milks,India,72.14,70.91,,75.0,https://world.openfoodfacts.org/product/8901262151368/moti-amul
IN_8901262153348,8901262153348,Amul,Protein Lassi - Rose Flavour,"Yogurt drinks, Yogurts high in protein on a fruit layer",India,78.5,80.0,,75.0,https://world.openfoodfacts.org/product/8901262153348/protein-lassi-rose-flavour-amul
IN_8901058903959,8901058903959,Nestlé,milkmaid 100+ recipes,"Condensed milks, Sweetened condensed milk",India,53.05,43.64,,75.0,https://world.openfoodfacts.org/product/8901058903959/milkmaid-100-recipes-nestle
IN_8901262260947,8901262260947,Amul,Buffalo Milk A2,Milks,India,67.05,63.64,,75.0,https://world.openfoodfacts.org/product/8901262260947/buffalo-milk-a2-amul
IN_8906010090869,8906010090869,Dlecta,100 % mozzarella cheese,"Mozzarella, Grated cheese",India,63.18,36.36,100.0,75.0,https://world.openfoodfacts.org/product/8906010090869/100-mozzarella-cheese-dlecta
IN_8904083305071,8904083305071,Milky Mist,Pro Biotic Curd,Curd,India,75.95,76.36,,75.0,https://world.openfoodfacts.org/product/8904083305071/pro-biotic-curd-milky-mist
IN_8906117360353,8906117360353,Country Delight,Country Delight Buffalo Milk,Buffalo milks,India,68.31,65.45,,75.0,https://world.openfoodfacts.org/product/8906117360353/country-delight-buffalo-milk
IN_8906041150501,8906041150501,Katraj Dairy,Pasteurised Buttermilk,"Milks, Buttermilks",India,73.41,72.73,,75.0,https://world.openfoodfacts.org/product/8906041150501/pasteurised-buttermilk-katraj-dairy
IN_8901262151931,8901262151931,Amul,Amul Kadhai Doodh,Dairy drinks,India,58.14,50.91,,75.0,https://world.openfoodfacts.org/product/8901262151931/amul-kadhai-doodh
IN_8901262010344,8901262010344,Amul,Garlic & Herbs Buttery Spread,"Butters, Butter fat",India,55.91,21.82,100.0,75.0,https://world.openfoodfacts.org/product/8901262010344/garlic-herbs-buttery-spread-amul
IN_8906023416656,8906023416656,Generic,Unknown Product,Milkshakes,India,69.36,69.09,,70.0,https://world.openfoodfacts.org/product/8906023416656
IN_8902579002329,8902579002329,parley Agro,Smoodh toffee caramel,"Milks, Flavoured milks",India,77.02,67.27,100.0,66.93,https://world.openfoodfacts.org/product/8902579002329/smoodh-toffee-caramel-parley-agro
IN_8901262180016,8901262180016,Amul,Malai Paneer,Paneer,India,56.86,49.09,,75.0,https://world.openfoodfacts.org/product/8901262180016/malai-paneer-amul
IN_8901262260374,8901262260374,Amul,Amul Cow Milk,Milks,India,70.86,69.09,,75.0,https://world.openfoodfacts.org/product/8901262260374/amul-cow-milk
IN_8906027713546,8906027713546,Generic,Dahi,Yogurts,India,74.45,76.36,,70.0,https://world.openfoodfacts.org/product/8906027713546/dahi
IN_8904083300106,8904083300106,Milky Mist,Paneer,Paneer,India,69.59,67.27,,75.0,https://world.openfoodfacts.org/product/8904083300106/paneer-milky-mist
IN_8902979050913,8902979050913,Cavins,Covins chocolate milkshake 180ml,Chocolate milks,India,76.82,63.64,100.0,75.0,https://world.openfoodfacts.org/product/8902979050913/covins-chocolate-milkshake-180ml-cavins
IN_8901262152952,8901262152952,Amul,Protein Buttermilk,Yogurt drinks,India,85.0,80.0,100.0,75.0,https://world.openfoodfacts.org/product/8901262152952/protein-buttermilk-amul
IN_8901030976063,8901030976063,Horlicks,horlicks,"Instant beverages, Grated cheese, Sweetened beverages",India,71.91,72.73,,70.0,https://world.openfoodfacts.org/product/8901030976063/horlicks
IN_8901262040013,8901262040013,Amul,Shrikhand,Dairy desserts,India,56.86,49.09,,75.0,https://world.openfoodfacts.org/product/8901262040013/shrikhand-amul
IN_8901262153331,8901262153331,Amul,Amul Protein Blueberry Shake,"Milks, Lassi, Flavoured Lassi",India,80.68,81.82,85.71,70.26,https://world.openfoodfacts.org/product/8901262153331/amul-protein-blueberry-shake
IN_8906020580572,8906020580572,iD,Paneer,Paneer,India,56.86,49.09,,75.0,https://world.openfoodfacts.org/product/8906020580572/paneer-id
IN_8901030975530,8901030975530,Boost energy,Boost milk shake,"Milks, Chocolate milks",India,69.54,49.09,100.0,75.0,https://world.openfoodfacts.org/product/8901030975530/boost-milk-shake-boost-energy
IN_8901262010207,8901262010207,Amul,Butter School Pack,Butters,India,55.91,21.82,100.0,75.0,https://world.openfoodfacts.org/product/8901262010207/butter-school-pack-amul
IN_8906036670212,8906036670212,Nandini,Curd,"Milks, Milk curds",India,74.69,74.55,,75.0,https://world.openfoodfacts.org/product/8906036670212/curd-nandini
IN_8906059635007,8906059635007,epigamia,GREEK YOGURT natural,Greek-style yogurts,India,83.18,76.36,100.0,75.0,https://world.openfoodfacts.org/product/8906059635007/greek-yogurt-natural-epigamia
IN_8904057395503,8904057395503,Hatsun,Hatsun Curd,Curd,India,73.41,72.73,,75.0,https://world.openfoodfacts.org/product/8904057395503/hatsun-curd
IN_8901262152228,8901262152228,Amul,Amul kool elaichi 180ml,Dairy drinks,India,61.77,67.27,50.0,65.66,https://world.openfoodfacts.org/product/8901262152228/amul-kool-elaichi-180ml
IN_8901262030700,8901262030700,Amul,Amul pure ghee 1 ltr,"Butters, ghee",India,71.91,72.73,,70.0,https://world.openfoodfacts.org/product/8901262030700/amul-pure-ghee-1-ltr
IN_8906010360085,8906010360085,GRB,Ghee,Butters,India,47.95,36.36,,75.0,https://world.openfoodfacts.org/product/8906010360085/ghee-grb
IN_8906001020196,8906001020196,Go,Go Cheese Slices,Sliced cheeses,India,62.47,38.18,100.0,66.89,https://world.openfoodfacts.org/product/8906001020196/go-cheese-slices
IN_8901262200011,8901262200011,Amul,Masti Dahi,"Fruit yogurts, Curd",India,74.69,74.55,,75.0,https://world.openfoodfacts.org/product/8901262200011/masti-dahi-amul
IN_8901063146457,8901063146457,Britannia,Britannia winking cow chocolate 180ml,Chocolate milks,India,77.32,67.27,100.0,68.43,https://world.openfoodfacts.org/product/8901063146457/britannia-winking-cow-chocolate-180ml
IN_8901262260091,8901262260091,Amul,Amul Taaza,Whole milks,India,72.14,70.91,,75.0,https://world.openfoodfacts.org/product/8901262260091/amul-taaza
IN_8901262153607,8901262153607,Amul,Protein Lassi - Plain,"Dairy drinks, Yogurts",India,85.0,80.0,100.0,75.0,https://world.openfoodfacts.org/product/8901262153607/protein-lassi-plain-amul
IN_8901262202381,8901262202381,Amul,Amul Curd,Curd,India,73.41,72.73,,75.0,https://world.openfoodfacts.org/product/8901262202381/amul-curd
IN_8908023008022,8908023008022,Nucgnex,Celnutra 2.0,"Dietary supplements, whey powder",India,70.69,52.73,100.0,71.61,https://world.openfoodfacts.org/product/8908023008022/celnutra-2-0-nucgnex
IN_8906056450320,8906056450320,Sonai,Danedar Ghee,"Butters, ghee",India,47.95,36.36,,75.0,https://world.openfoodfacts.org/product/8906056450320/danedar-ghee-sonai
IN_8901262200035,8901262200035,Amul,Masti Dahi,Yogurts,India,71.91,72.73,,70.0,https://world.openfoodfacts.org/product/8901262200035/masti-dahi-amul
IN_8901262151726,8901262151726,Amul,Amul Lactose Free250ml,Lactose-free milk,India,72.14,70.91,,75.0,https://world.openfoodfacts.org/product/8901262151726/amul-lactose-free250ml
IN_5000354908248,5000354908248,Bird's,Original Custard powder,"Dessert mixes, Custards and pastry creams, Custard powder",India,81.37,72.73,100.0,75.0,https://world.openfoodfacts.org/product/5000354908248/original-custard-powder-bird-s
IN_8901262200233,8901262200233,Amul,Amul Masti Spiced Buttermilk,Milks,India,68.09,67.27,,70.0,https://world.openfoodfacts.org/product/8901262200233/amul-masti-spiced-buttermilk
IN_8906036673602,8906036673602,Nandini,Nandini GoodLife Toned Milk,"Pasteurised milks, Fortified Milk",India,73.41,72.73,,75.0,https://world.openfoodfacts.org/product/8906036673602/nandini-goodlife-toned-milk
IN_0716270001660,0716270001660,Chocolove,Ginger Crystallized In Dark Chocolate,"Candied fruits, Ginger, Crystallized ginger, Groceries",India,64.09,38.18,100.0,75.0,https://world.openfoodfacts.org/product/0716270001660/ginger-crystallized-in-dark-chocolate-chocolove
IN_8901786060504,8901786060504,Everest,Chaat Masala,"Spices, Groceries",India,73.41,72.73,,75.0,https://world.openfoodfacts.org/product/8901786060504/chaat-masala-everest
IN_8908012605003,8908012605003,Heinz,tomato ketchup,"Ketchup, Groceries",India,60.45,56.36,,70.0,https://world.openfoodfacts.org/product/8908012605003/tomato-ketchup-heinz
IN_8901786120505,8901786120505,everest,Kitchen King Masala,"Plant-based beverages, Spice blends, Groceries",India,73.41,72.73,,75.0,https://world.openfoodfacts.org/product/8901786120505/kitchen-king-masala-everest
IN_8901192000101,8901192000101,catch,catch sprinklers Table Salt,"Table salts, Groceries",India,59.18,54.55,,70.0,https://world.openfoodfacts.org/product/8901192000101/catch-sprinklers-table-salt
IN_8901786260508,8901786260508,Everest,Black pepper powder,"Spices, Groceries",India,73.41,72.73,,75.0,https://world.openfoodfacts.org/product/8901786260508/black-pepper-powder-everest
IN_8901207014642,8901207014642,"Dabur, Dabur Hommade",Tomato Puree,"Tomato purées, Groceries",India,80.46,70.91,100.0,75.0,https://world.openfoodfacts.org/product/8901207014642/tomato-puree-dabur
IN_8901030667756,8901030667756,Kissan,Fresh Tomato Ketchup,"Tomato Ketchup, Groceries",India,60.28,41.82,81.25,75.0,https://world.openfoodfacts.org/product/8901030667756/fresh-tomato-ketchup-kissan
IN_8901030653407,8901030653407,Kissan,Kissan Fresh Tomato Ketchup,"Ketchup, Groceries",India,73.41,72.73,,75.0,https://world.openfoodfacts.org/product/8901030653407/kissan-fresh-tomato-ketchup
IN_8902188801092,8902188801092,Ramdev,chilli powder,"Chili powders, Groceries",India,64.5,60.0,,75.0,https://world.openfoodfacts.org/product/8902188801092/chilli-powder-ramdev
IN_8939998813984,8939998813984,KitchenFeast The Superb Taste,KitchenFeast MEAT MASALA,"Spices, Groceries",India,73.41,72.73,,75.0,https://world.openfoodfacts.org/product/8939998813984/kitchenfeast-meat-masala-kitchenfeast-the-superb-taste
IN_8939997630766,8939997630766,KitchenFeast The Superb Taste,CORIANDER POWDER KitchenFeast,"Spices, Groceries",India,73.41,72.73,,75.0,https://world.openfoodfacts.org/product/8939997630766/coriander-powder-kitchenfeast-kitchenfeast-the-superb-taste
IN_3258831003982,3258831003982,"Delouis, Delouis Fils",Dijon Mustard,"Dijon mustards, Groceries",India,58.14,50.91,,75.0,https://world.openfoodfacts.org/product/3258831003982/dijon-mustard-delouis-fils
IN_8906066200564,8906066200564,Keya,Keya Mixed Herbs,"Herbs, Mixtures of herbs and spices, Groceries",India,57.5,50.0,,75.0,https://world.openfoodfacts.org/product/8906066200564/keya-mixed-herbs
IN_8939997630902,8939997630902,KitchenFeast The Superb Taste,KitchenFeast GARAM MASALA,"Spices, Groceries",India,57.5,50.0,,75.0,https://world.openfoodfacts.org/product/8939997630902/kitchenfeast-garam-masala-kitchenfeast-the-superb-taste
IN_8901058101577,8901058101577,Maggi,Tomato Ketchup,"Tomato Ketchup, Groceries",India,50.27,41.82,,70.0,https://world.openfoodfacts.org/product/8901058101577/tomato-ketchup-maggi
IN_5411788046442,5411788046442,Lima,Tamari soya sauce,"Tamaris, groceries",India,67.05,63.64,,75.0,https://world.openfoodfacts.org/product/5411788046442/tamari-soya-sauce-lima
IN_6982494701059,6982494701059,JK,Jeera,"Cumin, Groceries",India,57.5,50.0,,75.0,https://world.openfoodfacts.org/product/6982494701059/jeera-jk
IN_8715700033235,8715700033235,"Heinz, P'tits Heinz",Ketchup P'tits Heinz,"Ketchup, groceries",India,55.59,47.27,,75.0,https://world.openfoodfacts.org/product/8715700033235/ketchup-p-tits-heinz
IN_8901246002075,8901246002075,Del Monte,Del Monte Tomato Ketchup,"Ketchup, Groceries",India,71.19,63.64,81.25,75.0,https://world.openfoodfacts.org/product/8901246002075/del-monte-tomato-ketchup
IN_8906023415017,8906023415017,Cream Bell,Choco Vanilla,"Ice creams, Vanilla, Groceries",India,64.88,43.64,100.0,65.31,https://world.openfoodfacts.org/product/8906023415017/choco-vanilla-cream-bell
IN_0747356051705,0747356051705,Graminway from the roots,garlic peanut chutney powder,"Spices, Groceries",India,73.41,72.73,,75.0,https://world.openfoodfacts.org/product/0747356051705/garlic-peanut-chutney-powder-graminway-from-the-roots
IN_8906003653019,8906003653019,Swastik,Coriander powder,"Spices, Groceries",India,73.41,72.73,,75.0,https://world.openfoodfacts.org/product/8906003653019/coriander-powder-swastik
IN_14018808,14018808,TATA,Tata Salt,"Table salts, Groceries",India,72.28,54.55,100.0,75.0,https://world.openfoodfacts.org/product/14018808/tata-salt
IN_8901058842906,8901058842906,Nestlé,Tarmarind Sauce,"Sauces, Groceries",India,51.93,36.36,62.5,75.0,https://world.openfoodfacts.org/product/8901058842906/tarmarind-sauce-nestle
IN_8902188802099,8902188802099,Ramdev,turmeric powder,"Turmeric powder, Groceries",India,75.95,76.36,,75.0,https://world.openfoodfacts.org/product/8902188802099/turmeric-powder-ramdev
IN_8906069651349,8906069651349,Generic,Brunos,groceries,India,47.73,38.18,,70.0,https://world.openfoodfacts.org/product/8906069651349/brunos
IN_8902080000227,8902080000227,Sting,Sting Energy,Energy drink with sugar,India,75.46,70.91,83.33,75.0,https://world.openfoodfacts.org/product/8902080000227/sting-energy
IN_5999884034469,5999884034469,Hell,HELL,"Energy drink with sugar, Sweetened beverages",India,77.72,65.45,100.0,75.0,https://world.openfoodfacts.org/product/5999884034469/hell-energy-drink-cl-25-cl
IN_90162602,90162602,Red Bull,Red Bull Energy Drink,"Sodas, Energy drinks, Sweetened beverages, Carbonated Sodas",India,78.34,69.09,100.0,68.97,https://world.openfoodfacts.org/product/90162602/red-bull-energy-drink
IN_4897036691427,4897036691427,"Monster, Monster Energy",Monster Energy Drink 350ml,"Energy drinks, Sweetened beverages",India,79.54,69.09,100.0,75.0,https://world.openfoodfacts.org/product/4897036691427/monster-energy-drink-350ml
IN_8902080364022,8902080364022,PepsiCo,Mountain Dew,"Sodas, Carbonated waters, Energy drinks, Sweetened beverages",India,72.04,69.09,75.0,75.0,https://world.openfoodfacts.org/product/8902080364022/mountain-dew-pepsico
IN_4897036692455,4897036692455,"Monster, Monster Energy",Monster Energy Ultra,"Energy drinks, Caff",India,80.67,72.73,100.0,71.52,https://world.openfoodfacts.org/product/4897036692455/monster-energy-ultra
IN_8902346050560,8902346050560,"Enerzal, FDC",Enerzal Orange Flavour,Energy drink without sugar and with artificial sweeteners,India,54.09,18.18,100.0,75.0,https://world.openfoodfacts.org/product/8902346050560/enerzal-orange-flavour
IN_8901764048319,8901764048319,Thums Up,Charged berry bolt,"Sweet snacks, Energy drinks, Carbonated fruit soft drink with sugar and artificial sweeteners and with less than 10% of fruit juice, Caffeine beverage",India,72.96,70.91,75.0,75.0,https://world.openfoodfacts.org/product/8901764048319/charged-berry-bolt-thums-up
IN_8901542016226,8901542016226,Glucon-D,Glucon-D Regular,"Energy drinks, Glucose",India,62.81,65.45,,56.67,https://world.openfoodfacts.org/product/8901542016226/glucon-d-regular
IN_8902346050133,8902346050133,FDC,Enerzal Orange Flavour,Energy drinks,India,76.7,70.91,87.5,75.0,https://world.openfoodfacts.org/product/8902346050133/enerzal-orange-flavour-fdc
IN_8902080002337,8902080002337,Pepsico,Gatorade orange flv,"Artificially sweetened beverages, Energy drink without sugar and with artificial sweeteners, Sweetened beverages",India,78.15,72.73,89.29,75.0,https://world.openfoodfacts.org/product/8902080002337/gatorade-orange-flv-pepsico
IN_8906098120601,8906098120601,Cloud9,Cloud9 Classic Energy Drink,"Beers, Energy drinks, Sweetened beverages",India,73.2,69.09,81.25,71.41,https://world.openfoodfacts.org/product/8906098120601/cloud9-classic-energy-drink
IN_8901542001703,8901542001703,Dabur,Glucon D 500g cbd,Energy drink without sugar and with artificial sweeteners,India,66.81,65.45,,70.0,https://world.openfoodfacts.org/product/8901542001703/glucon-d-500g-cbd-dabur
IN_00001291,00001291,Herbalife,Afresh,Energy drinks,India,54.31,45.45,,75.0,https://world.openfoodfacts.org/product/00001291/afresh-herbalife
IN_90415470,90415470,Red Bull,Red bull energy drink 350ml,Energy drinks,India,63.23,58.18,,75.0,https://world.openfoodfacts.org/product/90415470/red-bull-energy-drink-350ml
IN_90448249,90448249,Redbull,The Red Edition Energy Drink,"Energy drink with sugar, Sweetened beverages",India,79.54,69.09,100.0,75.0,https://world.openfoodfacts.org/product/90448249/the-red-edition-energy-drink-redbull
IN_8903754313056,8903754313056,Tata,Tata Gluco+ Orange,"Energy drinks, Brianna ®️ nutri choice Thin, Glucose-drink",India,70.78,70.91,,70.47,https://world.openfoodfacts.org/product/8903754313056/tata-gluco-orange
IN_8908001658041,8908001658041,O'cean,Ocean Fruit drink Peach passion fruit flavour 500ml,Energy drink without sugar and with artificial sweeteners,India,71.08,69.09,,75.73,https://world.openfoodfacts.org/product/8908001658041/ocean-fruit-drink-peach-passion-fruit-flavour-500ml-o-cean
IN_8908001658386,8908001658386,Generic,Unknown Product,Energy drinks,India,79.54,69.09,100.0,75.0,https://world.openfoodfacts.org/product/8908001658386
IN_8902246015942,8902246015942,Hurricane,Energy Drink 250ml,"Energy drinks, Sweetened beverages",India,79.54,69.09,100.0,75.0,https://world.openfoodfacts.org/product/8902246015942/energy-drink-250ml-hurricane
IN_8939115680314,8939115680314,RO RE,RO RE Energy Drink,Energy drinks,India,73.12,69.09,78.57,75.0,https://world.openfoodfacts.org/product/8939115680314/ro-re-energy-drink
IN_8901542008931,8901542008931,300,Glucon-D,Energy drink with sugar,India,60.45,56.36,,70.0,https://world.openfoodfacts.org/product/8901542008931/glucon-d-300
IN_5056784900093,5056784900093,Monster,Orange Dreamsicle,"Energy drinks, Enter",India,69.98,70.91,67.86,70.82,https://world.openfoodfacts.org/product/5056784900093/orange-dreamsicle-monster
IN_8901138008116,8901138008116,Himalaya Wellness Company,"Himalaya Re-Hydrate Electrolyte Drink, Orange Flavor",Energy drinks,India,69.36,69.09,,70.0,https://world.openfoodfacts.org/product/8901138008116/himalaya-re-hydrate-electrolyte-drink-orange-flavor-himalaya-wellness-company
IN_8901012350041,8901012350041,Johnson & Johnson,ORSL Plus Electrolyte Drink Orange,"Energy drinks, Orange soft drinks, Sweetened beverages",India,71.13,67.27,75.0,75.0,https://world.openfoodfacts.org/product/8901012350041/orsl-plus-electrolyte-drink-orange-johnson-johnson
IN_8901207017056,8901207017056,Dabur,Glucose-D,"Beverage preparations, Energy drinks",India,55.59,47.27,,75.0,https://world.openfoodfacts.org/product/8901207017056/glucose-d-dabur
IN_8909106024564,8909106024564,Horlicks,HORLICKS,Energy drink with sugar,India,54.31,45.45,,75.0,https://world.openfoodfacts.org/product/8909106024564/horlicks
IN_5061013949910,5061013949910,"Monster, Monster Energy",Energy Ultra Rosà,"Carbonated drinks, Artificially sweetened beverages, Energy drinks",India,80.82,72.73,100.0,72.3,https://world.openfoodfacts.org/product/5061013949910/energy-ultra-rosa-monster
IN_8908013140619,8908013140619,HUSTLE ENERGY,Hustle Energy Drink,Energy drink with sugar,India,75.8,69.09,89.29,72.34,https://world.openfoodfacts.org/product/8908013140619/hustle-energy-drink
IN_8901542000553,8901542000553,Generic,Glucon D,Energy drinks,India,57.39,47.27,62.5,75.0,https://world.openfoodfacts.org/product/8901542000553/glucon-d
IN_8908000589063,8908000589063,Bindu,Sipon Mango Drink,"Soft drinks, Energy drink with sugar, Mango-drink",India,75.93,69.09,87.5,75.69,https://world.openfoodfacts.org/product/8908000589063/sipon-mango-drink-bindu
IN_8902246014273,8902246014273,AB InBev,Budweiser Beats,Energy drinks,India,70.64,70.91,,70.0,https://world.openfoodfacts.org/product/8902246014273/budweiser-beats-ab-inbev
IN_8902346050379,8902346050379,Enerzal,Enerzal,Energy drink without sugar and with artificial sweeteners,India,81.37,72.73,100.0,75.0,https://world.openfoodfacts.org/product/8902346050379/enerzal
IN_8934588232114,8934588232114,"Pepsi, PepsiCo, Sting, Sting Energy, Suntory",Sting Energy,Energy drink with sugar,India,68.72,65.45,70.0,75.0,https://world.openfoodfacts.org/product/8934588232114/sting-energy
IN_8902080495023,8902080495023,Sting Energy,Sting Energy Drink,"Artificially sweetened beverages, Energy drink with sugar, Sweetened beverages",India,75.46,70.91,83.33,75.0,https://world.openfoodfacts.org/product/8902080495023/sting-energy-drink
IN_4897036695678,4897036695678,Monster Energy,Monster Energy Pipeline Punch,Energy drink with sugar,India,69.29,70.91,62.5,75.44,https://world.openfoodfacts.org/product/4897036695678/monster-energy-pipeline-punch
IN_8906097590788,8906097590788,Fast&Up,Energy Gel,Energy drinks,India,78.63,69.09,100.0,70.42,https://world.openfoodfacts.org/product/8906097590788/energy-gel-fast-up
IN_8902080100491,8902080100491,PepsiCo Inc.,Sting energy,"Energy drinks, D",India,75.46,70.91,83.33,75.0,https://world.openfoodfacts.org/product/8902080100491/sting-energy-pepsico-inc
IN_8902080100415,8902080100415,Pepsico,Adrenaline Rush Ultimate Performance Energy Drink,Energy drinks,India,70.64,70.91,,70.0,https://world.openfoodfacts.org/product/8902080100415/adrenaline-rush-ultimate-performance-energy-drink-pepsico
IN_0946590641530,0946590641530,Amul,ENERDOZE power up,Energy drink with sugar,India,69.36,69.09,,70.0,https://world.openfoodfacts.org/product/0946590641530/enerdoze-power-up-amul
IN_8901030831690,8901030831690,kissan,kissan mixed fruit jam,Tropical fruit jams,India,64.1,49.09,81.25,75.88,https://world.openfoodfacts.org/product/8901030831690/kissan-mixed-fruit-jam
IN_8904327600924,8904327600924,Myfitness,Myfitness Peanut Butter,"Peanut butters, Nut butters",India,54.09,47.27,,70.0,https://world.openfoodfacts.org/product/8904327600924/myfitness-peanut-butter
IN_8901030922787,8901030922787,Kissan,Mixed Fruit Jam,Mixed fruit jams,India,64.17,49.09,81.25,76.26,https://world.openfoodfacts.org/product/8901030922787/mixed-fruit-jam-kissan
IN_8901207025365,8901207025365,Dabur,Honey,Honeys,India,55.59,47.27,,75.0,https://world.openfoodfacts.org/product/8901207025365/honey-dabur
IN_8901595863280,8901595863280,Ching's Secret,Schezwan Chutney,Fruit chutneys,India,63.58,47.27,85.0,72.22,https://world.openfoodfacts.org/product/8901595863280/schezwan-chutney-ching-s-secret
IN_8901030831706,8901030831706,"Hindustan Unilever Limited, Kissan",Mixed Fruit Jam,Mixed fruit jams,India,64.08,49.09,81.25,75.8,https://world.openfoodfacts.org/product/8901030831706/mixed-fruit-jam-hindustan-unilever-limited
IN_8901207005527,8901207005527,Dabur,Honey Squeezy,"Honeys, Food",India,56.86,49.09,,75.0,https://world.openfoodfacts.org/product/8901207005527/honey-squeezy-dabur
IN_8901595863013,8901595863013,ching's,Schezwan Chutney,"Salted spreads, Dips, Onion chutneys, Schezwan Chutney",India,62.32,43.64,85.0,75.0,https://world.openfoodfacts.org/product/8901595863013/schezwan-chutney-ching-s
IN_8904327600405,8904327600405,Myfitness,Myfitness Chocolate Peanut Butter,"Peanut butters, Nut butters",India,62.28,34.55,100.0,75.0,https://world.openfoodfacts.org/product/8904327600405/myfitness-chocolate-peanut-butter
IN_8904327600948,8904327600948,MYFITNESS,MYFITNESS Chocolate Peanut Butter Crunchy,Crunchy peanut butters,India,54.09,47.27,,70.0,https://world.openfoodfacts.org/product/8904327600948/myfitness-chocolate-peanut-butter-crunchy
IN_8901207025372,8901207025372,Dabur,Dabur Honey,Honeys,India,56.86,49.09,,75.0,https://world.openfoodfacts.org/product/8901207025372/dabur-honey
IN_8901030980053,8901030980053,Kissan,Peanut Butter Crunchy,"Peanut butters, Nut butters",India,52.73,43.64,,73.93,https://world.openfoodfacts.org/product/8901030980053/peanut-butter-crunchy-kissan
IN_8908010900070,8908010900070,Pintola,Pintola all natural peanut butter (crunchy),"Nut butters, Crunchy peanut butters",India,63.23,58.18,,75.0,https://world.openfoodfacts.org/product/8908010900070/peanut-butter-pintola
IN_8904320015404,8904320015404,Disano,Peanut Butter - Crunchy,"Peanut butters, Nut butters",India,69.54,49.09,100.0,75.0,https://world.openfoodfacts.org/product/8904320015404/peanut-butter-crunchy-disano
IN_8906127550010,8906127550010,ALPINO,Natural Peanut Butter Crunch,"Peanut butters, Nut butters",India,58.14,50.91,,75.0,https://world.openfoodfacts.org/product/8906127550010/natural-peanut-butter-crunch-alpino
IN_8901512144805,8901512144805,Sundrop,Peanut butter,"Peanut butters, Nut butters",India,65.2,43.64,100.0,66.89,https://world.openfoodfacts.org/product/8901512144805/peanut-butter-sundrop
IN_8906002006243,8906002006243,Dr. Oetker FUNFOODS,Peanut Butter Crunchy,"Peanut butters, Nut butters",India,74.49,72.73,,78.61,https://world.openfoodfacts.org/product/8906002006243/peanut-butter-crunchy-dr-oetker-funfoods
IN_8901207005374,8901207005374,Dabur,Honey,Honeys,India,55.36,49.09,,70.0,https://world.openfoodfacts.org/product/8901207005374/honey-dabur
IN_8901071701372,8901071701372,hershey's,Hershey's spreads,"Sweet spreads, Confectioneries",India,39.48,25.45,,72.2,https://world.openfoodfacts.org/product/8901071701372/hershey-s-spreads
IN_8906069401210,8906069401210,veeba,Peanut butter,"Peanut butters, Nut butters",India,65.29,45.45,100.0,62.84,https://world.openfoodfacts.org/product/8906069401210/peanut-butter-veeba
IN_8906029450548,8906029450548,Meal Time,Mixed Fruit Jam,"Jams, Food",India,56.89,47.27,62.5,72.54,https://world.openfoodfacts.org/product/8906029450548/mixed-fruit-jam-meal-time
IN_8908010900063,8908010900063,Pintola,Peanut Butter All Natural Creamy Unsweetened,"Nut butters, Pure peanut butters, Creamy peanut butters",India,61.95,56.36,,75.0,https://world.openfoodfacts.org/product/8908010900063/peanut-butter-all-natural-creamy-unsweetened-pintola
IN_8901207026553,8901207026553,Dabur,Honey,"Honeys, Honey and royal jelly mixtures",India,73.41,72.73,,75.0,https://world.openfoodfacts.org/product/8901207026553/honey-dabur
IN_8908010900162,8908010900162,Pintola,Peanut Butter,"Peanut butters, Nut butters",India,68.64,47.27,100.0,75.0,https://world.openfoodfacts.org/product/8908010900162/peanut-butter-pintola
IN_8906002006236,8906002006236,Dr. Oetker,Dr. Oetker Peanut Butter,"Nut butters, Crunchy peanut butters",India,47.73,38.18,,70.0,https://world.openfoodfacts.org/product/8906002006236/dr-oetker-peanut-butter
IN_8906006720329,8906006720329,Lion,Kashmir Honey,Honeys,India,71.91,72.73,,70.0,https://world.openfoodfacts.org/product/8906006720329/kashmir-honey-lion
IN_8901088882583,8901088882583,Saffola,Saffola Honey,Honeys,India,71.91,72.73,,70.0,https://world.openfoodfacts.org/product/8901088882583/saffola-honey
IN_8901088069120,8901088069120,Saffola,Saffola Honey Active,Honeys,India,54.09,47.27,,70.0,https://world.openfoodfacts.org/product/8901088069120/saffola-honey-active
IN_8904320015398,8904320015398,Disano,Peanut butter Creamy,"Nut butters, Creamy peanut butters",India,69.54,49.09,100.0,75.0,https://world.openfoodfacts.org/product/8904320015398/peanut-butter-creamy-disano
IN_8901030944376,8901030944376,Kissan,Hazelnut Choco Peanut spread,Chocolate spreads,India,79.3,72.73,100.0,64.68,https://world.openfoodfacts.org/product/8901030944376/hazelnut-choco-peanut-spread-kissan
IN_8904327600887,8904327600887,MyFitness,Peanut butter,Peanut butters,India,52.81,45.45,,70.0,https://world.openfoodfacts.org/product/8904327600887/peanut-butter-myfitness
IN_8901088069106,8901088069106,Saffola,Saffola Honey Sundarbans,Honeys,India,71.91,72.73,,70.0,https://world.openfoodfacts.org/product/8901088069106/saffola-honey-sundarbans
IN_8906069401388,8906069401388,veeba,peanut butter,"Peanut butters, Nut butters",India,45.18,34.55,,70.0,https://world.openfoodfacts.org/product/8906069401388/peanut-butter-veeba
IN_8908010900247,8908010900247,pintola,peanut butter,"Peanut butters, Nut butters",India,57.91,52.73,,70.0,https://world.openfoodfacts.org/product/8908010900247/peanut-butter-pintola
IN_8908010900216,8908010900216,Pintola,PEANUT BUTTER,"Confectioneries, Nut butters, Crunchy peanut butters",India,66.82,43.64,100.0,75.0,https://world.openfoodfacts.org/product/8908010900216/peanut-butter-pintola
IN_8908010900971,8908010900971,Pintola,High Protein Peanut Butter Dark Chocolate,Peanut butters,India,57.91,52.73,,70.0,https://world.openfoodfacts.org/product/8908010900971/high-protein-peanut-butter-dark-chocolate-pintola
IN_8904327600351,8904327600351,Myfitness,Chocolate Peanut butter smooth,"Peanut butters, Nut butters",India,65.91,41.82,100.0,75.0,https://world.openfoodfacts.org/product/8904327600351/chocolate-peanut-butter-smooth-myfitness
IN_8904327600436,8904327600436,MyFitness,Peanut butter - Chocolate,Peanut butters,India,50.27,41.82,,70.0,https://world.openfoodfacts.org/product/8904327600436/peanut-butter-chocolate-myfitness
IN_8904327600894,8904327600894,Generic,Unknown Product,"Oilseed purees, Peanut butter cups",India,66.82,43.64,100.0,75.0,https://world.openfoodfacts.org/product/8904327600894/peanut-based-spread-with-dark-chocolate
IN_8904327600955,8904327600955,MYFITNESS,MYFITNESS Peanut Butter - Chocolate,Peanut butters,India,80.46,70.91,100.0,75.0,https://world.openfoodfacts.org/product/8904327600955/myfitness-peanut-butter-chocolate
IN_8904327601969,8904327601969,Myfitness,Dark Chocolate Peanut Butter with added Whey,"Peanut butters, Nut butters",India,68.64,47.27,100.0,75.0,https://world.openfoodfacts.org/product/8904327601969/dark-chocolate-peanut-butter-with-added-whey-myfitness
IN_8901512881205,8901512881205,Sundrop,Sundrop Peanut Butter Regular,"Peanut butters, Nut butters",India,51.55,43.64,,70.0,https://world.openfoodfacts.org/product/8901512881205/sundrop-peanut-butter-regular
IN_8906143890053,8906143890053,The Whole Truth,Unsweetened Peanut Butter,"Peanut butters, Nut butters",India,63.23,58.18,,75.0,https://world.openfoodfacts.org/product/8906143890053/unsweetened-peanut-butter-the-whole-truth
IN_8904422700826,8904422700826,Patanjali,Honey,Honeys,India,56.86,49.09,,75.0,https://world.openfoodfacts.org/product/8904422700826/honey-patanjali
IN_8908010900049,8908010900049,Pintola,Peanut Butter,Peanut butters,India,61.95,56.36,,75.0,https://world.openfoodfacts.org/product/8908010900049/peanut-butter-pintola
IN_8904327600399,8904327600399,Myfitness,Myfitness Peanut butter,"Peanut butters, Nut butters",India,66.82,43.64,100.0,75.0,https://world.openfoodfacts.org/product/8904327600399/myfitness-peanut-butter
IN_8901088069083,8901088069083,Saffola,Saffola Honey 1 Kg,Honeys,India,55.59,47.27,,75.0,https://world.openfoodfacts.org/product/8901088069083/saffola-honey-1-kg
IN_8908010900209,8908010900209,Pintola,Dark chocolate peanut butter creamy,"Confectioneries, Peanut butters",India,65.26,43.64,100.0,67.22,https://world.openfoodfacts.org/product/8908010900209/dark-chocolate-peanut-butter-creamy-pintola
IN_8908010900223,8908010900223,Pintos,Peanut Butter Dark Chocolate Creamy,Peanut butters,India,64.92,43.64,100.0,65.5,https://world.openfoodfacts.org/product/8908010900223/peanut-butter-dark-chocolate-creamy-pintos
IN_8904320075446,8904320075446,Disano,Chocolate Peanut Butter,"Peanut butters, Nut butters",India,67.72,45.45,100.0,75.0,https://world.openfoodfacts.org/product/8904320075446/chocolate-peanut-butter-disano
IN_8904109449222,8904109449222,Generic,Honey,"Honeys, Honey and royal jelly mixtures",India,54.09,47.27,,70.0,https://world.openfoodfacts.org/product/8904109449222/honey
IN_8901512144706,8901512144706,Sundrop,Peanut Butter Regular Creamy,"Peanut butters, Nut butters",India,65.91,41.82,100.0,75.0,https://world.openfoodfacts.org/product/8901512144706/peanut-butter-regular-creamy-sundrop
IN_8906143890107,8906143890107,The Whole Truth,dark chocolate peanut butter,"Peanut butters, Chocolate spreads",India,59.41,52.73,,75.0,https://world.openfoodfacts.org/product/8906143890107/dark-chocolate-peanut-butter-the-whole-truth
IN_8904327600931,8904327600931,Generic,Myfitness Chocolate peanut butter,"Peanut butters, Nut butters",India,51.55,43.64,,70.0,https://world.openfoodfacts.org/product/8904327600931/myfitness-chocolate-peanut-butter
IN_8901088081313,8901088081313,Saffola,Saffola Peanut Butter Crunchy,"Peanut butters, Nut butters",India,68.67,50.0,100.0,68.33,https://world.openfoodfacts.org/product/8901088081313/saffola-peanut-butter-crunchy
IN_8901088081344,8901088081344,Saffola,Saffola Peanut Butter,"Peanut butters, Nut butters",India,52.81,45.45,,70.0,https://world.openfoodfacts.org/product/8901088081344/saffola-peanut-butter
IN_8901030959776,8901030959776,Kissan,Kissan Peanut Butter Crunchy,"Peanut butters, fr:Pâtes à tartiner, Nut butters",India,69.76,72.73,,62.84,https://world.openfoodfacts.org/product/8901030959776/kissan-peanut-butter-crunchy
IN_8901248749039,8901248749039,Generic,Zandu pure Honey,Honeys,India,56.86,49.09,,75.0,https://world.openfoodfacts.org/product/8901248749039/zandu-pure-honey
IN_8901207045370,8901207045370,Dabur,Honey,Honeys,India,73.41,72.73,,75.0,https://world.openfoodfacts.org/product/8901207045370/honey-dabur
IN_8908010900995,8908010900995,Pintola,Pintola High Protien Peanut Butter,"Peanut butters, Nut butters, High Protien Peanut Butter",India,71.36,52.73,100.0,75.0,https://world.openfoodfacts.org/product/8908010900995/pintola-high-protien-peanut-butter
IN_8904327600382,8904327600382,Myfitness,Myfitness Original Peanut Butter (Smooth),"Peanut butters, Nut butters",India,66.82,43.64,100.0,75.0,https://world.openfoodfacts.org/product/8904327600382/myfitness-original-peanut-butter-smooth
IN_8901044200284,8901044200284,mapro,mapro mixed fruit jam,Mixed fruit jams,India,57.75,49.09,62.5,72.27,https://world.openfoodfacts.org/product/8901044200284/mapro-mixed-fruit-jam
IN_8906002007455,8906002007455,Generic,Peanut butter,"Peanut butters, Nut butters, Food",India,50.5,40.0,,75.0,https://world.openfoodfacts.org/product/8906002007455/peanut-butter
IN_8901248749527,8901248749527,Zandu,Zandu Honey,Honeys,India,71.91,72.73,,70.0,https://world.openfoodfacts.org/product/8901248749527/zandu-honey
IN_8906127550003,8906127550003,Alpino,Peanut butter,"Peanut butters, Nut butters",India,56.64,50.91,,70.0,https://world.openfoodfacts.org/product/8906127550003/alpino-peanut-butter-unsweetened
IN_8901220600686,8901220600686,Baidyanath,honey,Honeys,India,71.91,72.73,,70.0,https://world.openfoodfacts.org/product/8901220600686/honey-baidyanath
IN_3017620425035,3017620425035,Nutella,Nutella,"Cocoa and hazelnuts spreads, Confectionary based spreads, pates-a-tartiner-au-chocolat, pates-a-tartiner-aux-noisettes, pates-a-tartiner-aux-noisettes-et-au-cacao, petit-dejeuners, produits-a-tartiner, produits-a-tartiner-sucres",India,57.72,25.45,100.0,75.0,https://world.openfoodfacts.org/product/3017620425035/nutella
IN_8906002008537,8906002008537,Dr. Oetker,Peanut Butter Creamy,"Peanut butters, Nut butters",India,45.41,32.73,,75.0,https://world.openfoodfacts.org/product/8906002008537/peanut-butter-creamy-dr-oetker
IN_8904109449239,8904109449239,Patanjali,Patanjali Honey,"Honeys, Honey-based preparations",India,60.68,54.55,,75.0,https://world.openfoodfacts.org/product/8904109449239/patanjali-honey
IN_8904327600450,8904327600450,My Fitness,Peanut Butter,"Peanut butters, Nut butters",India,66.82,43.64,100.0,75.0,https://world.openfoodfacts.org/product/8904327600450/peanut-butter-my-fitness
IN_8901262030151,8901262030151,Amul,Amul Ghee 1ltr,"Butters, ghee",India,47.95,36.36,,75.0,https://world.openfoodfacts.org/product/8901262030151/amul-ghee-1ltr
IN_8904083301813,8904083301813,Milky Mist,Cow Ghee,Butters,India,47.95,36.36,,75.0,https://world.openfoodfacts.org/product/8904083301813/cow-ghee-milky-mist
IN_8901542002090,8901542002090,Nutralite,DoodhShakti Ghee,"Butters, Clarified butter",India,47.95,36.36,,75.0,https://world.openfoodfacts.org/product/8901542002090/doodhshakti-ghee-nutralite
IN_8908009059291,8908009059291,The Health Factory,Zero Maida Pizza Base,Raw pizza base,India,79.44,80.0,,78.12,https://world.openfoodfacts.org/product/8908009059291/zero-maida-pizza-base-the-health-factory
IN_8901063325463,8901063325463,Britannia,Britannia toastea,Bakery products,India,67.07,47.27,100.0,67.15,https://world.openfoodfacts.org/product/8901063325463/britannia-toastea
IN_8901808000020,8901808000020,WeiKFiELD,Baking Powder,"Cooking helpers, Bakery products, Baking powders",India,79.54,69.09,100.0,75.0,https://world.openfoodfacts.org/product/8901808000020/baking-powder-weikfield
IN_8908002507409,8908002507409,Palekar,Ghee brown rusk,"Bakery products, Rusks",India,64.09,38.18,100.0,75.0,https://world.openfoodfacts.org/product/8908002507409/ghee-brown-rusk-palekar
IN_8908019552096,8908019552096,The Belgian waffle co,Waffle Crisps double choco,"Bakery products, 7.2.2 Other bakery products, Other bakery products",India,80.37,72.73,100.0,70.01,https://world.openfoodfacts.org/product/8908019552096/waffle-crisps-double-choco-the-belgian-waffle-co
IN_8907003513990,8907003513990,Generic,Unknown Product,Bakery products,India,64.27,61.82,,70.0,https://world.openfoodfacts.org/product/8907003513990
IN_8904043553542,8904043553542,Generic,Danish bun,"Bakery products, Bread rolls",India,57.82,50.91,,73.95,https://world.openfoodfacts.org/product/8904043553542/danish-bun
IN_8900017562619,8900017562619,Jo Bakes,Bun Maska,Bakery products,India,80.57,72.73,100.0,71.03,https://world.openfoodfacts.org/product/8900017562619/bun-maska-jo-bakes
IN_8904092498023,8904092498023,Kabhib,Pizza bread,"Flatbreads, Pizzas, Raw pizza base",India,71.97,54.55,100.0,73.5,https://world.openfoodfacts.org/product/8904092498023/pizza-bread-kabhib
IN_8908007499648,8908007499648,Brown Bear,Chocolate chip cookies,Bakery products,India,58.22,54.55,,66.78,https://world.openfoodfacts.org/product/8908007499648/chocolate-chip-cookies-brown-bear
IN_8904043551548,8904043551548,Modern,Modern 100% Whole Wheat Bread,Wholemeal sliced breads,India,83.19,76.36,100.0,75.07,https://world.openfoodfacts.org/product/8904043551548/modern-100-whole-wheat-bread
IN_8904043552644,8904043552644,Modern,Modern Sandwich Supreme Bread,White breads,India,64.27,61.82,,70.0,https://world.openfoodfacts.org/product/8904043552644/modern-sandwich-supreme-bread
IN_8901063338593,8901063338593,Britannia,100% Whole Wheat Brown Bread,Breads,India,73.19,74.55,,70.0,https://world.openfoodfacts.org/product/8901063338593/100-whole-wheat-brown-bread-britannia
IN_8908009059185,8908009059185,The Health Factory,Zero Maida Whole Wheat Bread,"Bread loaves, Whole wheat bread",India,79.33,80.0,,77.78,https://world.openfoodfacts.org/product/8908009059185/zero-maida-whole-wheat-bread-the-health-factory
IN_8906029110022,8906029110022,Wibs,Sliced Bread,White breads,India,77.72,65.45,100.0,75.0,https://world.openfoodfacts.org/product/8906029110022/sliced-bread-wibs
IN_8904043554716,8904043554716,"Bimbo, Modern",Crem Treat Vanilla Crem bun,Bread rolls,India,62.39,47.27,81.25,71.89,https://world.openfoodfacts.org/product/8904043554716/crem-treat-vanilla-crem-bun-modern
IN_8901063325036,8901063325036,Britannia,Britannia toastea 250gm,"Rusks, Toaste",India,67.07,47.27,100.0,67.15,https://world.openfoodfacts.org/product/8901063325036/britannia-toastea-250gm
IN_8904043551579,8904043551579,modern,multgrain bread,Breads,India,87.53,85.45,100.0,74.03,https://world.openfoodfacts.org/product/8904043551579/multgrain-bread-modern
IN_8906001387114,8906001387114,English Oven,Multi Grain High Fibre Bread,Multigrain sliced breads,India,81.97,74.55,100.0,73.46,https://world.openfoodfacts.org/product/8906001387114/multi-grain-high-fibre-bread-english-oven
IN_8901063341500,8901063341500,Britannia,White bread,Breads,India,73.19,74.55,,70.0,https://world.openfoodfacts.org/product/8901063341500/white-bread-britannia
IN_8901063325760,8901063325760,"Britannia, Toastea",Premium Bake Rusk,Rusks,India,71.91,72.73,,70.0,https://world.openfoodfacts.org/product/8901063325760/premium-bake-rusk-britannia
IN_8906001388609,8906001388609,English Oven,Brown Sliced Brown Bread,Wholemeal breads,India,87.22,85.45,100.0,72.48,https://world.openfoodfacts.org/product/8906001388609/brown-sliced-brown-bread-english-oven
IN_8906007610124,8906007610124,Kwality,Brown Bread,Bran bread,India,77.88,67.27,100.0,71.23,https://world.openfoodfacts.org/product/8906007610124/brown-bread-kwality
IN_8908009059178,8908009059178,The Health Factory,Super Multi Grain Bread - Zero Maida Bread,Multigrain sliced breads,India,75.73,78.18,,70.0,https://world.openfoodfacts.org/product/8908009059178/super-multi-grain-bread-zero-maida-bread-the-health-factory
IN_8908009059154,8908009059154,The Health Factory,Whole Wheat Bread,Breads,India,78.5,80.0,,75.0,https://world.openfoodfacts.org/product/8908009059154/whole-wheat-bread-the-health-factory
IN_8904043551555,8904043551555,Modern,Atta Shakti,Breads,India,82.13,74.55,100.0,74.27,https://world.openfoodfacts.org/product/8904043551555/atta-shakti-modern
IN_8904043551586,8904043551586,Modern,Brown Bread,Breads,India,81.73,74.55,100.0,72.26,https://world.openfoodfacts.org/product/8904043551586/brown-bread-modern
IN_8901063343450,8901063343450,Britania,Brown Bread,Breads,India,69.36,69.09,,70.0,https://world.openfoodfacts.org/product/8901063343450/brown-bread-britania
IN_8904004411003,8904004411003,Haldiram's,Rusky,Rusks,India,52.81,45.45,,70.0,https://world.openfoodfacts.org/product/8904004411003/rusky-haldiram-s
IN_8906076132640,8906076132640,The Baker’s Dozen,Whole Wheat Loaf,Sliced breads,India,75.37,74.55,,77.27,https://world.openfoodfacts.org/product/8906076132640/whole-wheat-loaf-the-baker-s-dozen
IN_8903553002458,8903553002458,Ram Bandhu,udad papad,"Papadum, Papadium",India,57.91,52.73,,70.0,https://world.openfoodfacts.org/product/8903553002458/udad-papad-ram-bandhu
IN_8901063338555,8901063338555,Britannia,100% Whole Wheat Bread,Wheat breads,India,79.55,83.64,,70.0,https://world.openfoodfacts.org/product/8901063338555/100-whole-wheat-bread-britannia
IN_8906001381143,8906001381143,English Oven,Whole Wheat Bread,Breads,India,82.16,74.55,100.0,74.4,https://world.openfoodfacts.org/product/8906001381143/whole-wheat-bread-english-oven
IN_8908001032049,8908001032049,Everyday,Everyday Milk Bread,Breads,India,69.69,50.91,100.0,71.19,https://world.openfoodfacts.org/product/8908001032049/everyday-milk-bread
IN_8906020460676,8906020460676,Harvest Gold,100% Atta Bread,Breads,India,87.57,85.45,100.0,74.21,https://world.openfoodfacts.org/product/8906020460676/100-atta-bread-harvest-gold
IN_8906020460027,8906020460027,Harvest Gold,White Bread,White breads,India,71.91,72.73,,70.0,https://world.openfoodfacts.org/product/8906020460027/white-bread-harvest-gold
IN_8901063344129,8901063344129,Britannia,Whole Wheat Sandwich Bread,Breads,India,73.19,74.55,,70.0,https://world.openfoodfacts.org/product/8901063344129/whole-wheat-sandwich-bread-britannia
IN_8904043551494,8904043551494,Modern,Modern Fruity Bread,Breads,India,65.76,61.82,66.67,74.24,https://world.openfoodfacts.org/product/8904043551494/modern-fruity-bread
IN_8901063342354,8901063342354,Britannia,sandwich white bread,Breads,India,77.49,67.27,100.0,69.28,https://world.openfoodfacts.org/product/8901063342354/sandwich-white-bread-britannia
IN_8904043551524,8904043551524,modern,modern family special bread,Breads,India,80.8,72.73,100.0,72.18,https://world.openfoodfacts.org/product/8904043551524/modern-family-special-bread
IN_8908009059307,8908009059307,The Health Factory,Milk Bread,Breads,India,77.98,78.18,,77.5,https://world.openfoodfacts.org/product/8908009059307/milk-bread-the-health-factory
IN_8906031251225,8906031251225,Chakote,Chakote Milk Toast,Toasts,India,81.15,72.73,100.0,73.9,https://world.openfoodfacts.org/product/8906031251225/chakote-milk-toast
IN_8906007612913,8906007612913,Kwality,Kwality Kreamy Magic,Breads,India,79.26,72.73,95.0,71.98,https://world.openfoodfacts.org/product/8906007612913/kwality-kreamy-magic
IN_8902027006169,8902027006169,Kitty,Kitty Brown Bread,Breads,India,81.23,72.73,100.0,74.33,https://world.openfoodfacts.org/product/8902027006169/kitty-brown-bread
IN_8901063338623,8901063338623,Britannia,Multi Grain Bread,Wholemeal breads,India,87.73,85.45,100.0,75.0,https://world.openfoodfacts.org/product/8901063338623/multi-grain-bread-britannia
IN_8901063342934,8901063342934,Britannia,100% Whole Wheat Sandwich Bread,Wholemeal sliced breads,India,82.5,76.36,100.0,71.58,https://world.openfoodfacts.org/product/8901063342934/100-whole-wheat-sandwich-bread-britannia
IN_8906020580138,8906020580138,iD,Whole Wheat Chapati,"Breads, Frozen chappatis",India,75.41,74.55,,77.41,https://world.openfoodfacts.org/product/8906020580138/whole-wheat-chapati-id
IN_8908009059246,8908009059246,The Health Factory,Zero Maida Protein Bread,Breads,India,77.0,80.0,,70.0,https://world.openfoodfacts.org/product/8908009059246/zero-maida-protein-bread-the-health-factory
IN_0760412594770,0760412594770,Generic,Unknown Product,Rusks,India,69.37,49.09,100.0,74.11,https://world.openfoodfacts.org/product/0760412594770
IN_8901063341852,8901063341852,Britannia,Milk Bread,Breads,India,79.9,70.91,100.0,72.22,https://world.openfoodfacts.org/product/8901063341852/milk-bread-britannia
IN_8901063325784,8901063325784,Britannia,Toastea Rusk,Rusks,India,67.05,47.27,100.0,67.09,https://world.openfoodfacts.org/product/8901063325784/toastea-rusk-britannia
IN_8906020460010,8906020460010,Harvest Gold,Harvest Gold White Bread,Sliced breads,India,78.94,69.09,100.0,71.99,https://world.openfoodfacts.org/product/8906020460010/harvest-gold-white-bread
IN_8901063342910,8901063342910,Britannia,Brown bread,Breads,India,69.36,69.09,,70.0,https://world.openfoodfacts.org/product/8901063342910/brown-bread-britannia
IN_8906001387039,8906001387039,English Oven,English Oven Milk Sliced White Bread,Breads,India,85.41,81.82,100.0,72.51,https://world.openfoodfacts.org/product/8906001387039/english-oven-milk-sliced-white-bread
IN_8901063343276,8901063343276,Britannia,Multi Grain Bread,Multigrain sliced breads,India,80.95,72.73,100.0,72.93,https://world.openfoodfacts.org/product/8901063343276/multi-grain-bread-britannia
IN_8906029110060,8906029110060,Generic,Browny Whole Wheat Bread,Breads,India,87.62,85.45,100.0,74.48,https://world.openfoodfacts.org/product/8906029110060/browny-whole-wheat-bread
IN_8904474000189,8904474000189,La Americana,La Americana Wholewheat Brown Bread,Wholemeal breads,India,74.68,72.73,,79.23,https://world.openfoodfacts.org/product/8904474000189/la-americana-wholewheat-brown-bread
IN_8908009059208,8908009059208,The Health Factory,Zero Maida Bombay Pav,Breads,India,77.0,80.0,,70.0,https://world.openfoodfacts.org/product/8908009059208/zero-maida-bombay-pav-the-health-factory
IN_8906020461116,8906020461116,Harvest Gold,Rolez Danish Bun,"Breads, Fairy cakes, Danish Bun",India,53.31,38.18,62.5,77.37,https://world.openfoodfacts.org/product/8906020461116/rolez-danish-bun-harvest-gold
IN_8906076131698,8906076131698,Bakers dozen,Sourdough. Pav,Breads,India,80.81,85.45,,70.0,https://world.openfoodfacts.org/product/8906076131698/sourdough-pav-bakers-dozen
IN_8906076131223,8906076131223,The Baker's Dozen,Lavash flatbread,"Flatbreads, Lavash",India,61.73,58.18,,70.0,https://world.openfoodfacts.org/product/8906076131223/lavash-the-baker-s-dozen
IN_8908002735321,8908002735321,Golden Bite,High Protein Bread,Breads,India,69.36,69.09,,70.0,https://world.openfoodfacts.org/product/8908002735321/high-protein-bread-golden-bite
IN_8906117360032,8906117360032,Country Delight,Country Delight Brown Bread,Breads,India,74.93,74.55,,75.8,https://world.openfoodfacts.org/product/8906117360032/country-delight-brown-bread
IN_8904067701387,8904067701387,Generic,Unknown Product,"Breads, Chickpeas",India,79.77,81.82,,75.0,https://world.openfoodfacts.org/product/8904067701387
IN_8908002735055,8908002735055,Golden bite,Mik bread,Breads,India,78.92,67.27,100.0,76.44,https://world.openfoodfacts.org/product/8908002735055/mik-bread-golden-bite
IN_8906149280650,8906149280650,Golden Majestic Bakery,Golden Majestic Bakery  Bread Roll,Breads,India,80.23,72.73,100.0,69.34,https://world.openfoodfacts.org/product/8906149280650/golden-majestic-bakery-bread-roll
IN_8904474000332,8904474000332,Bonn,Multigrain high fibre bread,Breads,India,83.56,76.36,100.0,76.92,https://world.openfoodfacts.org/product/8904474000332/multigrain-high-fibre-bread-bonn
IN_8901063338838,8901063338838,Britannia,Britannia Brown Bread 200 g,Wholemeal breads,India,73.19,74.55,,70.0,https://world.openfoodfacts.org/product/8901063338838/britannia-brown-bread-200-g
IN_8904043500072,8904043500072,Generic,Unknown Product,White breads,India,64.27,61.82,,70.0,https://world.openfoodfacts.org/product/8904043500072
IN_8906029605344,8906029605344,ammamma's,Whole Wheat Chapati,"Breads, chapati",India,76.22,63.64,100.0,71.98,https://world.openfoodfacts.org/product/8906029605344/whole-wheat-chapati-ammamma-s
IN_8906020460683,8906020460683,Harvest Gold,Harvest Gold 100% Whole Wheat Bread,Breads,India,82.82,76.36,100.0,73.18,https://world.openfoodfacts.org/product/8906020460683/harvest-gold-100-whole-wheat-bread
IN_8904043553054,8904043553054,Modern,Milk Plus Bread,Breads,India,80.94,72.73,100.0,72.89,https://world.openfoodfacts.org/product/8904043553054/milk-plus-bread-modern
IN_8908001588560,8908001588560,Asal,Wheat Chapati,"Breads, Frozen chapatis",India,76.54,61.82,100.0,78.12,https://world.openfoodfacts.org/product/8908001588560/wheat-chapati-asal
IN_8901063338494,8901063338494,Britannia,Britannia Pav,Breads,India,80.73,72.73,100.0,71.8,https://world.openfoodfacts.org/product/8901063338494/britannia-pav
IN_8908001032117,8908001032117,Everyday,Everyday 100% whole wheat bread,Wheat breads,India,64.16,58.18,,78.12,https://world.openfoodfacts.org/product/8908001032117/everyday-100-whole-wheat-bread
IN_8908001032124,8908001032124,EveryDay,Multi Grain Bread,Breads,India,87.72,85.45,100.0,75.0,https://world.openfoodfacts.org/product/8908001032124/multi-grain-bread-everyday
IN_8908002105117,8908002105117,BakesFresh,Brown Bread,Breads,India,70.64,70.91,,70.0,https://world.openfoodfacts.org/product/8908002105117/brown-bread-bakesfresh
IN_8904244300341,8904244300341,Miraj,Baked toast,"Snacks, Toasts",India,80.93,72.73,100.0,72.85,https://world.openfoodfacts.org/product/8904244300341/baked-toast-miraj
IN_8904043551609,8904043551609,modern,modern milk plus bread,Breads,India,77.37,65.45,100.0,73.23,https://world.openfoodfacts.org/product/8904043551609/modern-milk-plus-bread
IN_8901063325609,8901063325609,Britannia,Toastea premium rusk,"Breads, Premium Bake Rusk, Toasted bread",India,66.72,45.45,100.0,69.99,https://world.openfoodfacts.org/product/8901063325609/toastea-premium-rusk-britannia
IN_8906007702263,8906007702263,Salsalito,Wrap tortilla,Wheat flatbreads,India,81.57,74.55,100.0,71.45,https://world.openfoodfacts.org/product/8906007702263/wrap-tortilla-salsalito
IN_8901030535895,8901030535895,Bru,Bru Instant Coffee,"Coffees, Instant coffees",India,73.41,72.73,,75.0,https://world.openfoodfacts.org/product/8901030535895/bru-instant-coffee
IN_89009758,89009758,Nescafe,NESCAFE classic,"Coffees, Instant coffees",India,73.41,72.73,,75.0,https://world.openfoodfacts.org/product/89009758/nescafe-classic
IN_89009949,89009949,Nescafe,Nescafe Classic Instant coffee,"Coffees, Instant coffees",India,70.86,69.09,,75.0,https://world.openfoodfacts.org/product/89009949/nescafe-classic-instant-coffee
IN_8901262151306,8901262151306,Amul,Kool cafe,Coffees,India,66.81,65.45,,70.0,https://world.openfoodfacts.org/product/8901262151306/kool-cafe-amul
IN_89080528,89080528,Generic,Iced Latté,"Coffees, Coffee drinks",India,79.86,70.91,100.0,72.0,https://world.openfoodfacts.org/product/89080528/iced-latte
IN_8901030904561,8901030904561,Unilever,Unknown Product,Coffees,India,81.37,72.73,100.0,75.0,https://world.openfoodfacts.org/product/8901030904561/unilever
IN_8901036162514,8901036162514,Continental,Super Strong Blend Coffee,"Coffees, Instant coffees",India,73.41,72.73,,75.0,https://world.openfoodfacts.org/product/8901036162514/super-strong-blend-coffee-continental
IN_8901058898330,8901058898330,Nestlé,Nescafe choco mocha,Coffees,India,70.64,70.91,,70.0,https://world.openfoodfacts.org/product/8901058898330/nescafe-choco-mocha-nestle
IN_89008669,89008669,Nescafé,Nescafe Gold,"Beverages, Coffees, Instant coffees",India,73.41,72.73,,75.0,https://world.openfoodfacts.org/product/89008669/nescafe-gold
IN_8901058867015,8901058867015,Nescafe,Gold Blend Instant Coffee,"Coffees, Instant coffees",India,73.41,72.73,,75.0,https://world.openfoodfacts.org/product/8901058867015/gold-blend-instant-coffee-nescafe
IN_89080306,89080306,Nescafe,Nescafe Sunrise,"Coffees, Instant coffee without sugar",India,73.41,72.73,,75.0,https://world.openfoodfacts.org/product/89080306/nescafe-sunrise
IN_8904132946972,8904132946972,KafeHills,Instant Coffee,"Coffees, Instant coffees",India,73.41,72.73,,75.0,https://world.openfoodfacts.org/product/8904132946972/instant-coffee-kafehills
IN_8901090328802,8901090328802,Tata,Grand Classic Coffee,"Coffees, Instant coffee substitutes, Instant coffees",India,73.41,72.73,,75.0,https://world.openfoodfacts.org/product/8901090328802/grand-classic-coffee-tata
IN_89006740,89006740,nescafé,NESCAFE,"Coffee beans, Instant coffees",India,73.41,72.73,,75.0,https://world.openfoodfacts.org/product/89006740/nescafe
IN_8906144490498,8906144490498,sleepy owl,instant coffee,"Beverages, Coffees, Instant coffees",India,73.41,72.73,,75.0,https://world.openfoodfacts.org/product/8906144490498/instant-coffee-sleepy-owl
IN_8901036163351,8901036163351,Continental,Continental Xtra Coffee Powder,"Coffees, Instant coffees",India,73.41,72.73,,75.0,https://world.openfoodfacts.org/product/8901036163351/continental-xtra-coffee-powder
IN_8909106013919,8909106013919,"Bru, Hindustan Unilever Limited",Bru Instant Coffee,"Coffees, Instant coffees, Instant mix of chicory and coffee powder",India,57.5,50.0,,75.0,https://world.openfoodfacts.org/product/8909106013919/bru-instant-coffee-hindustan-unilever-limited
IN_8906088701667,8906088701667,COLOMBIAN BREW COFFEE,NUTTY HAZLENUT INSTANT COFFEE,"Beverages, Coffees, Instant coffees",India,77.23,78.18,,75.0,https://world.openfoodfacts.org/product/8906088701667/nutty-hazlenut-instant-coffee-colombian-brew-coffee
IN_8904384814005,8904384814005,Blue Tokai,Coffee,Coffee and tea variety packs,India,73.41,72.73,,75.0,https://world.openfoodfacts.org/product/8904384814005/coffee-blue-tokai
IN_89080047,89080047,Nescafe,Sunrise,"Beverages, Coffees, Instant coffee without sugar",India,73.41,72.73,,75.0,https://world.openfoodfacts.org/product/89080047/sunrise-nescafe
IN_8901090326051,8901090326051,TATA,Coffee Grand Premium,"Beverages, Coffees, Instant coffees",India,73.41,72.73,,75.0,https://world.openfoodfacts.org/product/8901090326051/coffee-grand-premium-tata
IN_89006733,89006733,"Nestlé, Nescafe",Nescafe Classic Pure Coffee,Roasted coffee beans,India,73.41,72.73,,75.0,https://world.openfoodfacts.org/product/89006733/nescafe-classic-pure-coffee-nestle
IN_8909106009622,8909106009622,Bru,Bru Instant,"Coffees, Unsweetened beverages, Instant coffees",India,57.5,50.0,,75.0,https://world.openfoodfacts.org/product/8909106009622/bru-instant
IN_8906031933602,8906031933602,Levista,Instant Coffee Strong,"Coffees, Instant coffees",India,73.41,72.73,,75.0,https://world.openfoodfacts.org/product/8906031933602/instant-coffee-strong-levista
IN_8901090328574,8901090328574,Tata,Tata Coffee Grand Classic,"Coffees, Instant coffees",India,73.41,72.73,,75.0,https://world.openfoodfacts.org/product/8901090328574/tata-coffee-grand-classic
IN_8901036173435,8901036173435,continental,Xtra instant coffee,"Coffees, Instant mix of chicory and coffee powder",India,73.41,72.73,,75.0,https://world.openfoodfacts.org/product/8901036173435/xtra-instant-coffee-continental
IN_8801037006391,8801037006391,Dongsuh Foods Corp,Maxim Mocha gold,"Coffees, Dehydrated beverages",India,58.64,27.27,100.0,75.0,https://world.openfoodfacts.org/product/8801037006391/maxim-mocha-gold-dongsuh-foods-corp
IN_5050001665833,5050001665833,Rage,Instant Coffee,"Beverages, Coffees, Instant coffees",India,74.69,74.55,,75.0,https://world.openfoodfacts.org/product/5050001665833/instant-coffee-rage
IN_8909106066410,8909106066410,"Bru, Hindustan Unilever Ltd. (HUL)",Bru Instant Coffee,"Hot beverages, Plant-based beverages, Coffees, Instant coffees",India,51.77,41.82,,75.0,https://world.openfoodfacts.org/product/8909106066410/bru-instant-coffee
IN_8901030733994,8901030733994,"Hindustan, Unilever",Bru Instant,"Beverages, Coffees, Instant coffees",India,57.5,50.0,,75.0,https://world.openfoodfacts.org/product/8901030733994/bru-instant-hindustan
IN_8906031934968,8906031934968,levista,instant coffee,"Beverages, Coffees, Instant coffees",India,73.41,72.73,,75.0,https://world.openfoodfacts.org/product/8906031934968/instant-coffee-levista
IN_8906161170397,8906161170397,Bevzilla,Bevzilla 100% Arabica Classic Strong Coffee,"Coffees, Instant coffees",India,73.41,72.73,,75.0,https://world.openfoodfacts.org/product/8906161170397/bevzilla-100-arabica-classic-strong-coffee
IN_8901030625381,8901030625381,BRU,bru coffee,"Beverages, Coffees, Instant coffees",India,71.91,72.73,,70.0,https://world.openfoodfacts.org/product/8901030625381/bru-coffee
IN_8904293723153,8904293723153,Rejuve,Instant Coffee Chicory Mixture,"Beverages, Coffees, Instant coffee without sugar",India,73.41,72.73,,75.0,https://world.openfoodfacts.org/product/8904293723153/instant-coffee-chicory-mixture-rejuve
IN_8901030974618,8901030974618,Hindustan Unilever Limited,BRU Gold,"Beverages, Coffees, Instant coffees",India,73.41,72.73,,75.0,https://world.openfoodfacts.org/product/8901030974618/bru-gold-hindustan-unilever-limited
IN_8908002359107,8908002359107,Minerva Coffee,Minerva Coffee Kaapi Premiere,Coffees,India,68.31,65.45,,75.0,https://world.openfoodfacts.org/product/8908002359107/minerva-coffee-kaapi-premiere
IN_96831434,96831434,Continental Coffee Limited,Continental This is Caramel coffee,Instant coffee with milk without sugar,India,76.02,65.45,100.0,66.48,https://world.openfoodfacts.org/product/96831434/continental-this-is-caramel-coffee-continental-coffee-limited
IN_8906002770175,8906002770175,Cothas,Classic Cold Coffee,"Beverages, Coffees, Cold coffee",India,79.54,69.09,100.0,75.0,https://world.openfoodfacts.org/product/8906002770175/classic-cold-coffee-cothas
IN_8906020580916,8906020580916,iD Fresh Food,ID Instant Filter Coffee Liquid (Bold),"Coffees, Instant coffees, Coffee decoction, Filter coffee",India,73.41,72.73,,75.0,https://world.openfoodfacts.org/product/8906020580916/id-instant-filter-coffee-liquid-bold-id-fresh-food
IN_8901725006402,8901725006402,Sunbean,Beaten Caffee Powder,"Coffees, Instant coffees",India,51.28,45.45,,64.88,https://world.openfoodfacts.org/product/8901725006402/beaten-caffee-powder-sunbean
IN_8908011648414,8908011648414,Jawai,instant premix coffee,"Beverages, Coffees, Instant coffees, Instant premix coffee",India,49.23,38.18,,75.0,https://world.openfoodfacts.org/product/8908011648414/instant-premix-coffee-jawai
IN_8906144490474,8906144490474,Sleepy Owl,Instant Coffee,"Coffees, Instant coffees",India,73.41,72.73,,75.0,https://world.openfoodfacts.org/product/8906144490474/instant-coffee-sleepy-owl
IN_4988563400498,4988563400498,sleepy owl,instant coffee,"Coffees, Unsweetened beverages",India,73.41,72.73,,75.0,https://world.openfoodfacts.org/product/4988563400498/instant-coffee-sleepy-owl
IN_8901030986888,8901030986888,Bru,Instant,"Beverages, Coffees, Instant coffees",India,73.41,72.73,,75.0,https://world.openfoodfacts.org/product/8901030986888/instant-bru
IN_8901058904192,8901058904192,Nestlé,Sunrise,Coffees,India,73.41,72.73,,75.0,https://world.openfoodfacts.org/product/8901058904192/sunrise-nestle
IN_8901058904321,8901058904321,Nescafe,Classic Black Roast,Coffees,India,73.41,72.73,,75.0,https://world.openfoodfacts.org/product/8901058904321/classic-black-roast-nescafe
IN_5059603179281,5059603179281,Rage,Rage Coffee Dark Chocolate,Coffees,India,73.19,74.55,,70.0,https://world.openfoodfacts.org/product/5059603179281/rage-coffee-dark-chocolate
IN_8998666003027,8998666003027,Kopiko,Cafe Blend,"Coffees, Coffee with milk with sugar",India,58.24,29.09,100.0,68.46,https://world.openfoodfacts.org/product/8998666003027/cafe-blend-kopiko
IN_8904293731158,8904293731158,Daily Pour,Daily Pour Instant Coffee,"Coffees, Instant coffees",India,73.41,72.73,,75.0,https://world.openfoodfacts.org/product/8904293731158/daily-pour-instant-coffee
IN_8901058016055,8901058016055,Nescafe,Nescafe Classic Instant Coffee,"Coffees, Instant coffees",India,73.41,72.73,,75.0,https://world.openfoodfacts.org/product/8901058016055/nescafe-classic-instant-coffee
IN_8906150346598,8906150346598,Bevzilla,Bevzilla Green Coffee,"Coffees, green coffee",India,57.5,50.0,,75.0,https://world.openfoodfacts.org/product/8906150346598/bevzilla-green-coffee
IN_3265490008012,3265490008012,Roger Vidal,Unknown Product,"Salted spreads, Roasted coffee beans",India,43.91,32.73,,70.0,https://world.openfoodfacts.org/product/3265490008012/roger-vidal
IN_8901030717253,8901030717253,BRU,Unknown Product,"Beverages, Coffees, Instant coffees",India,57.5,50.0,,75.0,https://world.openfoodfacts.org/product/8901030717253/bru
IN_4260302890082,4260302890082,K-fee System,Fellows Blend Espresso,Coffee capsules,India,73.41,72.73,,75.0,https://world.openfoodfacts.org/product/4260302890082/fellows-blend-espresso-k-fee-system
IN_8901058895322,8901058895322,Nescafe,Nescafe Sunrise,"Coffees, Instant coffees, Instant mix of chicory and coffee powder",India,57.5,50.0,,75.0,https://world.openfoodfacts.org/product/8901058895322/nescafe-sunrise
IN_2000000133525,2000000133525,continental,Continental Strong,"Sweet snacks, Coffee beans",India,57.5,50.0,,75.0,https://world.openfoodfacts.org/product/2000000133525/continental-strong
IN_8908014388034,8908014388034,Trelish,Filter Coffee Liquid Brew,Coffees,India,73.41,72.73,,75.0,https://world.openfoodfacts.org/product/8908014388034/filter-coffee-liquid-brew-trelish
IN_8904132917552,8904132917552,Generic,Kaffe Instant Blend 50g pp,Coffees,India,73.41,72.73,,75.0,https://world.openfoodfacts.org/product/8904132917552/kaffe-instant-blend-50g-pp
IN_8901036393185,8901036393185,Continental,Malgudi fresh filter coffee,Coffees,India,73.41,72.73,,75.0,https://world.openfoodfacts.org/product/8901036393185/malgudi-fresh-filter-coffee-continental
IN_8906031932674,8906031932674,Levista,Extra Strong Instant Coffee,"Beverages, Coffees, Instant coffee without sugar",India,73.41,72.73,,75.0,https://world.openfoodfacts.org/product/8906031932674/extra-strong-instant-coffee-levista
IN_89080153,89080153,"Maggi, Maggie",Maggi masala magic,Spices,India,67.97,50.91,100.0,62.59,https://world.openfoodfacts.org/product/89080153/maggi-masala-magic
IN_8901725123123,8901725123123,Aashirvaad,iodized salt,"Spices, Iodised salts",India,72.28,54.55,100.0,75.0,https://world.openfoodfacts.org/product/8901725123123/iodized-salt-aashirvaad
IN_0846203004885,0846203004885,Chitale,BAKARWADI,Spices,India,49.23,38.18,,75.0,https://world.openfoodfacts.org/product/0846203004885/bakarwadi-chitale
IN_89080672,89080672,"Maggi, Neslé, Neslé india",Masala ae magic,Masalas,India,80.6,72.73,100.0,71.19,https://world.openfoodfacts.org/product/89080672/masala-ae-magic-maggi
IN_8904004400014,8904004400014,Haldirams,Bhujia Sev,"Snacks, Spices",India,47.95,36.36,,75.0,https://world.openfoodfacts.org/product/8904004400014/bhujia-sev-haldirams
IN_8906066202476,8906066202476,Keyafood,Keya Piri Piri,"Spices, Spicy",India,69.38,65.45,,78.54,https://world.openfoodfacts.org/product/8906066202476/keya-piri-piri-keyafood
IN_0840222000149,0840222000149,L.G.,LG Hing Powder (asafoetida),asafoetida,India,73.19,74.55,,70.0,https://world.openfoodfacts.org/product/0840222000149/lg-hing-powder-asafoetida-l-g
IN_8901786061006,8901786061006,Everest,Unknown Product,Spice blends,India,54.31,45.45,,75.0,https://world.openfoodfacts.org/product/8901786061006/everest-chaat-masala
IN_8901786411009,8901786411009,Everest,Everest Kashmiri Lal / Red Mirch Powder,Garam masalas,India,73.41,72.73,,75.0,https://world.openfoodfacts.org/product/8901786411009/kashmiri-red-chilli-powder-everest
IN_8903363002181,8903363002181,DMart Premia,Methi,Fenugreek seeds,India,74.69,74.55,,75.0,https://world.openfoodfacts.org/product/8903363002181/methi-dmart-premia
IN_8901786161003,8901786161003,Everest,Chicken masala Spice Mix,"Spices, spice-mix, Masalas",India,52.81,45.45,,70.0,https://world.openfoodfacts.org/product/8901786161003/chicken-masala-spice-mix-everest
IN_8901662025061,8901662025061,Suhana,Chat Masala,Spice blends,India,56.86,49.09,,75.0,https://world.openfoodfacts.org/product/8901662025061/chat-masala-suhana
IN_8903363002693,8903363002693,Dmart,Funnel seeds roasted,Fennel seeds,India,71.91,72.73,,70.0,https://world.openfoodfacts.org/product/8903363002693/funnel-seeds-roasted-dmart
IN_8904004400069,8904004400069,"Haldiram's, haldirams",Halirams Bhujiya sev 1kg,"Snacks, Spices",India,48.92,36.36,,78.21,https://world.openfoodfacts.org/product/8904004400069/halirams-bhujiya-sev-1kg-haldiram-s
IN_8901192114006,8901192114006,Catch,Sprinkler Black Pepper,Ground black peppers,India,74.69,74.55,,75.0,https://world.openfoodfacts.org/product/8901192114006/sprinkler-black-pepper-catch
IN_8901725125141,8901725125141,Aashirvaad,Chilli powder,Chili powders,India,73.41,72.73,,75.0,https://world.openfoodfacts.org/product/8901725125141/chilli-powder-aashirvaad
IN_8902901222517,8902901222517,Good Life,Ajwain,"Spices, ajwain",India,57.5,50.0,,75.0,https://world.openfoodfacts.org/product/8902901222517/ajwain-good-life
IN_8906190331516,8906190331516,Yojak,Yojak Konkani Thecha,"Pickles, Spices",India,58.86,72.73,25.0,75.0,https://world.openfoodfacts.org/product/8906190331516/yojak-konkani-thecha
IN_8906021121156,8906021121156,Aachi,Garam Masala,Garam masalas,India,54.31,45.45,,75.0,https://world.openfoodfacts.org/product/8906021121156/garam-masala-aachi
IN_8901725125349,8901725125349,Aashirvaad,Turmeric Powder,Turmeric powder,India,73.41,72.73,,75.0,https://world.openfoodfacts.org/product/8901725125349/turmeric-powder-aashirvaad
IN_8906066206115,8906066206115,Keya,Piri Piri Spice Mix,"Spices, spice-mix",India,65.31,41.82,100.0,72.01,https://world.openfoodfacts.org/product/8906066206115/piri-piri-spice-mix-keya
IN_8904109465826,8904109465826,Patanjali,Chyawanprash with Saffron,Spices,India,57.5,50.0,,75.0,https://world.openfoodfacts.org/product/8904109465826/chyawanprash-with-saffron-patanjali
IN_8906030992099,8906030992099,Jimri,Chach Masala,Spices,India,84.09,78.18,100.0,75.0,https://world.openfoodfacts.org/product/8906030992099/chach-masala-jimri
IN_8906021123105,8906021123105,Aachi,Turmeric Powder/ Haldi,Turmeric powder,India,73.41,72.73,,75.0,https://world.openfoodfacts.org/product/8906021123105/turmeric-powder-haldi-aachi
IN_8902901231373,8902901231373,Good Life,Good Life hing,asafoetida,India,81.37,72.73,100.0,75.0,https://world.openfoodfacts.org/product/8902901231373/good-life-hing
IN_8904209304087,8904209304087,Aachi,Chilli Powder,Spices,India,73.41,72.73,,75.0,https://world.openfoodfacts.org/product/8904209304087/chilli-powder-aachi
IN_8903023005903,8903023005903,Vedaka,Vedaka Red Chilli,Chili peppers,India,73.41,72.73,,75.0,https://world.openfoodfacts.org/product/8903023005903/vedaka-red-chilli
IN_8906021120449,8906021120449,Aachi,Aachi chicken masala,"Spice blends, Herbs/Spices/Extracts Variety Packs",India,73.41,72.73,,75.0,https://world.openfoodfacts.org/product/8906021120449/aachi-chicken-masala
IN_8906033531394,8906033531394,Snapin,Snapin Chilli Flakes,Chili flakes,India,68.31,65.45,,75.0,https://world.openfoodfacts.org/product/8906033531394/snapin-chilli-flakes
IN_8906021120678,8906021120678,Generic,Aachi,Spices,India,73.41,72.73,,75.0,https://world.openfoodfacts.org/product/8906021120678/aachi
IN_3948537078321,3948537078321,Daawat,Daawat Biryani Kit Hyderabadi,Spice blends,India,81.08,72.73,100.0,73.56,https://world.openfoodfacts.org/product/3948537078321/daawat-biryani-kit-hyderabadi
IN_0000101403187,0000101403187,More,Ginger,Ginger,India,73.41,72.73,,75.0,https://world.openfoodfacts.org/product/0000101403187/ginger-more
IN_8901786380503,8901786380503,Everest,Everest Saffron,Saffron threads,India,81.37,72.73,100.0,75.0,https://world.openfoodfacts.org/product/8901786380503/everest-saffron
IN_8902901222777,8902901222777,Good Life,Good Life Jeera,Whole cumin seeds,India,57.5,50.0,,75.0,https://world.openfoodfacts.org/product/8902901222777/good-life-jeera
IN_8908001105446,8908001105446,Jayanti,The Only Cinnamon Powder you need,"Spices, Flavors",India,72.14,70.91,,75.0,https://world.openfoodfacts.org/product/8908001105446/the-only-cinnamon-powder-you-need-jayanti
IN_8906056740025,8906056740025,Mamta,Chicken Masala,Spice blends,India,75.95,76.36,,75.0,https://world.openfoodfacts.org/product/8906056740025/chicken-masala-mamta
IN_8906021121859,8906021121859,Aachi,Kulambu Chilli Masala,Spice blends,India,54.31,45.45,,75.0,https://world.openfoodfacts.org/product/8906021121859/kulambu-chilli-masala-aachi
IN_8904238400187,8904238400187,Tasty,Chicken 65 Masala,"Spices, Chicken tikka masala",India,57.96,70.91,25.0,75.0,https://world.openfoodfacts.org/product/8904238400187/chicken-65-masala-tasty
IN_8906001052005,8906001052005,Mother's Recipe,Spice Mix for Paneer Butter Masala,Spice blends,India,61.36,32.73,100.0,75.0,https://world.openfoodfacts.org/product/8906001052005/spice-mix-for-paneer-butter-masala-mother-s-recipe
IN_8901042968711,8901042968711,MTR,Hing - compounded asafoetida powder,asafoetida,India,81.37,72.73,100.0,75.0,https://world.openfoodfacts.org/product/8901042968711/hing-compounded-asafoetida-powder-mtr
IN_8908001105231,8908001105231,On1y,On1y Chilli Flakes,Spices,India,69.59,67.27,,75.0,https://world.openfoodfacts.org/product/8908001105231/on1y-chilli-flakes
IN_8904209302137,8904209302137,aachi,aachi,"Spices, Yule log",India,57.5,50.0,,75.0,https://world.openfoodfacts.org/product/8904209302137/aachi
IN_8906021122436,8906021122436,Aachi,Black Pepper Powder,Spices,India,73.41,72.73,,75.0,https://world.openfoodfacts.org/product/8906021122436/black-pepper-powder-aachi
IN_8902901222227,8902901222227,Good life,Good life chilli powder,Chili powders,India,74.69,74.55,,75.0,https://world.openfoodfacts.org/product/8902901222227/good-life-chilli-powder
IN_8901662037828,8901662037828,Suhana,CHICKEN BIRYANI MIX,"Spices, spice-mix",India,58.64,27.27,100.0,75.0,https://world.openfoodfacts.org/product/8901662037828/chicken-biryani-mix-suhana
IN_8902167000317,8902167000317,MDH,Black Pepper Powder,Black peppers,India,75.95,76.36,,75.0,https://world.openfoodfacts.org/product/8902167000317/black-pepper-powder-mdh
IN_8901440013099,8901440013099,Eastern,Eastern Chicken Masala,Spices,India,73.41,72.73,,75.0,https://world.openfoodfacts.org/product/8901440013099/eastern-chicken-masala
IN_8903023006047,8903023006047,Vedaka,Premium Whole Methi (Fenugreek),"Seeds, Whole fenugreek seeds",India,73.41,72.73,,75.0,https://world.openfoodfacts.org/product/8903023006047/premium-whole-methi-fenugreek-vedaka
IN_8901440023166,8901440023166,Eastern,Turmeric Powder,Turmeric powder,India,57.5,50.0,,75.0,https://world.openfoodfacts.org/product/8901440023166/turmeric-powder-eastern
IN_8904209322067,8904209322067,Aachi,Aachi Mixed Masala Powder,Spice blends,India,73.41,72.73,,75.0,https://world.openfoodfacts.org/product/8904209322067/aachi-mixed-masala-powder
IN_9825809935039,9825809935039,Lajawab,Lajawab Panipuri Masala,Spice blends,India,83.18,76.36,100.0,75.0,https://world.openfoodfacts.org/product/9825809935039/lajawab-panipuri-masala
IN_8903023281727,8903023281727,"Choice, More",More Choice Chilli Red Long,Chili peppers,India,57.5,50.0,,75.0,https://world.openfoodfacts.org/product/8903023281727/more-choice-chilli-red-long
IN_8902901222654,8902901222654,Good Life,coriander whole,Coriander seeds,India,73.41,72.73,,75.0,https://world.openfoodfacts.org/product/8902901222654/coriander-whole-good-life
IN_8901725125370,8901725125370,Aashirvaad,Turmeric powder,Turmeric powder,India,73.41,72.73,,75.0,https://world.openfoodfacts.org/product/8901725125370/turmeric-powder-aashirvaad
IN_8906044920231,8906044920231,Hallmark,Hallmark Byadgi Chilli Stemless,Chili peppers,India,73.41,72.73,,75.0,https://world.openfoodfacts.org/product/8906044920231/hallmark-byadgi-chilli-stemless
IN_8903023003466,8903023003466,Vedaka,Vedaka Whole Cumin,Whole cumin seeds,India,73.41,72.73,,75.0,https://world.openfoodfacts.org/product/8903023003466/vedaka-whole-cumin
IN_8906108302478,8906108302478,Popular,Popular Coriander (Dhaniya Seeds),Coriander seeds,India,73.41,72.73,,75.0,https://world.openfoodfacts.org/product/8906108302478/popular-coriander-dhaniya-seeds
IN_8836473163230,8836473163230,Keya,Keya Pizza Oregano Spice Mix,Spice blends,India,65.0,40.0,100.0,75.0,https://world.openfoodfacts.org/product/8836473163230/keya-pizza-oregano-spice-mix
IN_8904012501017,8904012501017,Laxmi,Laxmi Compounded Asafoetida Yellow powder,asafoetida,India,74.69,74.55,,75.0,https://world.openfoodfacts.org/product/8904012501017/laxmi-compounded-asafoetida-yellow-powder
IN_8904043927428,8904043927428,Tata Sampann,Tata Sampann Chaat Masala,Spice blends,India,67.72,45.45,100.0,75.0,https://world.openfoodfacts.org/product/8904043927428/tata-sampann-chaat-masala
IN_8902901065824,8902901065824,Good Life,Good Life Cardamom (Elaichi),Green cardamom,India,73.41,72.73,,75.0,https://world.openfoodfacts.org/product/8902901065824/good-life-cardamom-elaichi
IN_8901537074354,8901537074354,Daawat,brown rice,Brown Basmati rices,India,73.19,74.55,,70.0,https://world.openfoodfacts.org/product/8901537074354/brown-rice-daawat
IN_8904043902326,8904043902326,Tata Sampann,Poha Flaked Rice,"Rices, Flaked rice",India,54.09,47.27,,70.0,https://world.openfoodfacts.org/product/8904043902326/poha-flaked-rice-tata-sampann
IN_0690225101103,0690225101103,KRBL limited,India gate super Basmati rice 1.5 kg,Basmati rices,India,72.14,70.91,,75.0,https://world.openfoodfacts.org/product/0690225101103/india-gate-super-basmati-rice-1-5-kg-krbl-limited
IN_8901537074934,8901537074934,Generic,Dawat pulav basmati rice 500g,"Basmati rices, Vegetables from Spain",India,78.5,80.0,,75.0,https://world.openfoodfacts.org/product/8901537074934/dawat-pulav-basmati-rice-500g
IN_8901537007123,8901537007123,Daawat,Dwt rozana supr basmati rice 1 kg,Basmati rices,India,75.95,76.36,,75.0,https://world.openfoodfacts.org/product/8901537007123/dwt-rozana-supr-basmati-rice-1-kg-daawat
IN_8901537074231,8901537074231,Daawat,Daawat pulav basmati rice 1kg,Basmati rices,India,75.95,76.36,,75.0,https://world.openfoodfacts.org/product/8901537074231/daawat-pulav-basmati-rice-1kg
IN_0690225101134,0690225101134,India Gate,India Gate Basmati Rice Dubar,Basmati rices,India,74.69,74.55,,75.0,https://world.openfoodfacts.org/product/0690225101134/india-gate-basmati-rice-dubar
IN_8906008812817,8906008812817,fortune,poha (thick),"Rices, Rice flakes",India,78.5,80.0,,75.0,https://world.openfoodfacts.org/product/8906008812817/poha-thick-fortune
IN_8904083504870,8904083504870,24 Mantra,24 Mantra Puffed Rice,"Rices, Puffed rice, Vegetables from Spain",India,74.69,74.55,,75.0,https://world.openfoodfacts.org/product/8904083504870/24-mantra-puffed-rice
IN_8901537007116,8901537007116,Daawat,Daawat Rozana Basmati Rice,Basmati rices,India,75.95,76.36,,75.0,https://world.openfoodfacts.org/product/8901537007116/daawat-rozana-basmati-rice
IN_0690225309134,0690225309134,India Gate,Pulav Basmati Rice,Basmati rices,India,71.91,72.73,,70.0,https://world.openfoodfacts.org/product/0690225309134/pulav-basmati-rice-india-gate
IN_8905532000400,8905532000400,Bharat,Bharat Rice,"Rices, Vegetables from Spain",India,75.95,76.36,,75.0,https://world.openfoodfacts.org/product/8905532000400/bharat-rice
IN_8906008811766,8906008811766,Fortune,Punjabi Khichdi,"Breakfasts, Plant-based meals, Paddy rices",India,75.02,74.55,,76.11,https://world.openfoodfacts.org/product/8906008811766/punjabi-khichdi-fortune
IN_8939997880796,8939997880796,A.P.D.,Sona Raw Rice,Rices,India,74.69,74.55,,75.0,https://world.openfoodfacts.org/product/8939997880796/sona-raw-rice-a-p-d
IN_8904293725041,8904293725041,Flipkart Grocery,Queen's Choice MOGRA BASMATI RICE,Basmati rices,India,57.5,50.0,,75.0,https://world.openfoodfacts.org/product/8904293725041/queen-s-choice-mogra-basmati-rice-flipkart-grocery
IN_8901537078314,8901537078314,Daawat,Biryani Kit Lucknowi,"Rice dishes, Spice blends, Basmati rices, Vegetables from Spain",India,81.25,72.73,100.0,74.43,https://world.openfoodfacts.org/product/8901537078314/biryani-kit-lucknowi-daawat
IN_8906012230119,8906012230119,Vijay Gold,Vijay Gold Poha Medium,"Breakfast cereals, Rices",India,81.05,83.64,,75.0,https://world.openfoodfacts.org/product/8906012230119/vijay-gold-poha-medium
IN_8904043902319,8904043902319,Tata Sampann,Red Rice Aval / Poha,"Rices, flaked rice",India,79.77,81.82,,75.0,https://world.openfoodfacts.org/product/8904043902319/red-rice-aval-poha-tata-sampann
IN_8901047001055,8901047001055,Generic,Riz basmati,Basmati rices,India,71.91,72.73,,70.0,https://world.openfoodfacts.org/product/8901047001055/riz-basmati
IN_8906084410617,8906084410617,alimento agro,mom chinese fried rice,"Rices, Chinese",India,70.46,50.91,100.0,75.0,https://world.openfoodfacts.org/product/8906084410617/mom-chinese-fried-rice-alimento-agro
IN_8904049650580,8904049650580,Alishaan Superba,Riz basmati,Basmati rices,India,73.19,74.55,,70.0,https://world.openfoodfacts.org/product/8904049650580/riz-basmati-alishaan-superba
IN_8901537076679,8901537076679,Daawat,Brown Basmati Rice,Brown Basmati rices,India,73.19,74.55,,70.0,https://world.openfoodfacts.org/product/8901537076679/brown-basmati-rice-daawat
IN_2000000146048,2000000146048,AMARA,AMARA,Basmati rices,India,73.41,72.73,,75.0,https://world.openfoodfacts.org/product/2000000146048/amara
IN_0690225106948,0690225106948,Unity,Mini Mogra Rice,Rices,India,73.41,72.73,,75.0,https://world.openfoodfacts.org/product/0690225106948/mini-mogra-rice-unity
IN_8904064622517,8904064622517,Kalyani,Sona Masuri Rice,Rices,India,57.5,50.0,,75.0,https://world.openfoodfacts.org/product/8904064622517/sona-masuri-rice-kalyani
IN_0690225101127,0690225101127,India Gate,Basmati rice (raw),Basmati rices,India,73.19,74.55,,70.0,https://world.openfoodfacts.org/product/0690225101127/basmati-rice-raw-india-gate
IN_8906117001775,8906117001775,Zeeba,classic basmati rice,Basmati rices,India,74.69,74.55,,75.0,https://world.openfoodfacts.org/product/8906117001775/classic-basmati-rice-zeeba
IN_8908022656071,8908022656071,Aliza,Biryani basmati rice,Basmati rices,India,75.73,78.18,,70.0,https://world.openfoodfacts.org/product/8908022656071/biryani-basmati-rice-aliza
IN_0690225103633,0690225103633,Generic,India Gate bsmt Rozana 5kg,Rices,India,74.69,74.55,,75.0,https://world.openfoodfacts.org/product/0690225103633/india-gate-bsmt-rozana-5kg
IN_8901537021631,8901537021631,Daawat,DAWAT ROZANA BASMATI RICE MINI MOGRA 5 KG,Basmati rices,India,73.41,72.73,,75.0,https://world.openfoodfacts.org/product/8901537021631/dawat-rozana-basmati-rice-mini-mogra-5-kg-daawat
IN_8908011819005,8908011819005,Malabari,Malabari Special Biryani Rice,Basmati rices,India,74.69,74.55,,75.0,https://world.openfoodfacts.org/product/8908011819005/malabari-special-biryani-rice
IN_8906007289238,8906007289238,Fortune,Sona Masuri Supreme  Rice,Rices,India,73.41,72.73,,75.0,https://world.openfoodfacts.org/product/8906007289238/sona-masuri-supreme-rice-fortune
IN_8904132969995,8904132969995,Good Life,Good Life HMT Kolam Rice 26 Kg Bag,Rices,India,73.41,72.73,,75.0,https://world.openfoodfacts.org/product/8904132969995/good-life-hmt-kolam-rice-26-kg-bag
IN_8908005088660,8908005088660,Koppal Green Power Limited,Shree Akshara Premium Ponni Rice,Rices,India,73.41,72.73,,75.0,https://world.openfoodfacts.org/product/8908005088660/shree-akshara-premium-ponni-rice-koppal-green-power-limited
IN_8904132942660,8904132942660,Good Life,Good life rice Sona Masuri,Rices,India,73.41,72.73,,75.0,https://world.openfoodfacts.org/product/8904132942660/good-life-rice-sona-masuri
IN_8908015382277,8908015382277,Lalbaba rice,Lalbaba rice,Rices,India,73.41,72.73,,75.0,https://world.openfoodfacts.org/product/8908015382277/lalbaba-rice
IN_2064659000055,2064659000055,Koshava Foods,Zero Koshava Rice,Rices,India,74.69,74.55,,75.0,https://world.openfoodfacts.org/product/2064659000055/zero-koshava-rice-koshava-foods
IN_8906167244542,8906167244542,Whole Farm,Raw Sonamasuri Rice,Rices,India,73.41,72.73,,75.0,https://world.openfoodfacts.org/product/8906167244542/raw-sonamasuri-rice-whole-farm
IN_0690225106467,0690225106467,India Gate,Sona Masoori Rice,Rices,India,73.41,72.73,,75.0,https://world.openfoodfacts.org/product/0690225106467/sona-masoori-rice-india-gate
IN_7611131150002,7611131150002,Bhavana,Rice,"Rices, Dia rice",India,77.23,78.18,,75.0,https://world.openfoodfacts.org/product/7611131150002/rice-bhavana
IN_8903553601613,8903553601613,RAM BANDHU,Mango Pickle,Plant-based pickles,India,45.22,45.45,25.0,75.0,https://world.openfoodfacts.org/product/8903553601613/mango-pickle-ram-bandhu
IN_8904071700031,8904071700031,Chheda's,Masala Banana Chips,"Chips and fries, Olives, Banana breads",India,66.81,65.45,,70.0,https://world.openfoodfacts.org/product/8904071700031/masala-banana-chips-chheda-s
IN_8903241110038,8903241110038,Pravin,Mango Pickle,Pickles,India,51.55,43.64,,70.0,https://world.openfoodfacts.org/product/8903241110038/mango-pickle-pravin
IN_8903241110076,8903241110076,Pravin,Pravin Mango Pickle,Plant-based pickles,India,71.36,52.73,100.0,75.0,https://world.openfoodfacts.org/product/8903241110076/pravin-mango-pickle
IN_8903553601460,8903553601460,Ram Bandhu,Mango Pickle,Pickled mangoes,India,68.09,67.27,,70.0,https://world.openfoodfacts.org/product/8903553601460/mango-pickle-ram-bandhu
IN_8903553601491,8903553601491,Ram bandhu,Ram Bandhu Mango pickle,Plant-based pickles,India,52.81,45.45,,70.0,https://world.openfoodfacts.org/product/8903553601491/ram-bandhu-mango-pickle
IN_8901095000451,8901095000451,Society,Society Mango Pickle,"Plant-based pickles, Mango Pickle",India,61.14,47.27,75.0,75.0,https://world.openfoodfacts.org/product/8901095000451/society-mango-pickle
IN_8901246003614,8901246003614,Del Monte,Sliced Black Olives,Black olives,India,63.0,60.0,,70.0,https://world.openfoodfacts.org/product/8901246003614/sliced-black-olives-del-monte
IN_8906001050742,8906001050742,Mother's Recipe,Mixed pickle,"Canned vegetables, Pickled cucumbers, Plant-based mixed pickles, Pick",India,83.81,69.09,100.0,96.34,https://world.openfoodfacts.org/product/8906001050742/mixed-pickle-mother-s-recipe
IN_8904246910333,8904246910333,Priya,Priya mango pickle,Pickles,India,54.31,45.45,,75.0,https://world.openfoodfacts.org/product/8904246910333/priya-mango-pickle
IN_8906001050865,8906001050865,Mother's Recipe,green chilli pickle,Plant-based pickles,India,81.37,72.73,100.0,75.0,https://world.openfoodfacts.org/product/8906001050865/green-chilli-pickle-mother-s-recipe
IN_8904053502493,8904053502493,Goldiee,Goldiee Mixed Pickle,Plant-based pickles,India,73.19,74.55,,70.0,https://world.openfoodfacts.org/product/8904053502493/goldiee-mixed-pickle
IN_8904296903101,8904296903101,Generic,Lemon pickle,Plant-based pickles,India,54.09,47.27,,70.0,https://world.openfoodfacts.org/product/8904296903101/lemon-pickle
IN_8904264000627,8904264000627,Sparsh,Sparsh Lime Pickle,Pickles,India,68.09,67.27,,70.0,https://world.openfoodfacts.org/product/8904264000627/sparsh-lime-pickle
IN_8903241110984,8903241110984,Pravin,Pravin Mixed Pickle,Pickles,India,65.0,40.0,100.0,75.0,https://world.openfoodfacts.org/product/8903241110984/pravin-mixed-pickle
IN_8901560141436,8901560141436,Nilon's,Nilon's Green Chilli Pickle,"Canned vegetables, Pickled vegetables, Green chilli pickle in mustard oil",India,58.71,49.09,62.5,77.06,https://world.openfoodfacts.org/product/8901560141436/nilon-s-green-chilli-pickle
IN_8906147170700,8906147170700,Teju,Teju Mixed Pickle,Pickles,India,70.12,72.73,62.5,75.0,https://world.openfoodfacts.org/product/8906147170700/teju-mixed-pickle
IN_8901560000436,8901560000436,Nilon's,Green chilli pickle,"Condiments, Plant-based pickles",India,58.71,49.09,62.5,77.06,https://world.openfoodfacts.org/product/8901560000436/green-chilli-pickle-nilon-s
IN_8905507003146,8905507003146,Imli Tree,Mixed Pickle,Pickles,India,60.56,52.73,62.5,77.21,https://world.openfoodfacts.org/product/8905507003146/mixed-pickle-imli-tree
IN_8904246910012,8904246910012,Priya,Amla pickle,"Pickles, Amla pickle, Indian Gooseberry",India,67.72,45.45,100.0,75.0,https://world.openfoodfacts.org/product/8904246910012/amla-pickle-priya
IN_8906021129961,8906021129961,aachi,lemon pickle,"Plant-based pickles, Lime Pickle",India,62.29,49.09,75.0,76.2,https://world.openfoodfacts.org/product/8906021129961/lemon-pickle-aachi
IN_8904293721692,8904293721692,Delish,Lime Pickle,"Canned vegetables, Pickled vegetables",India,74.41,58.18,100.0,76.61,https://world.openfoodfacts.org/product/8904293721692/lime-pickle-delish
IN_8901483002395,8901483002395,Tify,Jalapeno Slices,"Canned vegetables, Pickled vegetables",India,81.37,72.73,100.0,75.0,https://world.openfoodfacts.org/product/8901483002395/jalapeno-slices-tify
IN_8906001050711,8906001050711,Mother's Recipe,Mixed pickle,Plant-based pickles,India,70.4,49.09,100.0,79.27,https://world.openfoodfacts.org/product/8906001050711/mixed-pickle-mother-s-recipe
IN_8901042955094,8901042955094,MTR,Mango Sliced Pickles,Plant-based pickles,India,62.96,50.91,75.0,75.0,https://world.openfoodfacts.org/product/8901042955094/mango-sliced-pickles-mtr
IN_8906021129992,8906021129992,Aachi,Aachi Mixed Vegetable Pickle,Pickles,India,69.32,47.27,100.0,78.41,https://world.openfoodfacts.org/product/8906021129992/aachi-mixed-vegetable-pickle
IN_8906132640591,8906132640591,Darling,Darling Garlic Pickle,"Pickles, Garlic Pickles",India,82.63,74.55,100.0,76.77,https://world.openfoodfacts.org/product/8906132640591/darling-garlic-pickle
IN_8905507001050,8905507001050,Imli Tree,Imli Tree Red Stuffed Chilli Pickle,Plant-based pickles,India,52.81,45.45,,70.0,https://world.openfoodfacts.org/product/8905507001050/imli-tree-red-stuffed-chilli-pickle
IN_8906003656423,8906003656423,Three Mango,Three Mango Ginger Pickle,Gari,India,76.82,63.64,100.0,75.0,https://world.openfoodfacts.org/product/8906003656423/three-mango-ginger-pickle
IN_0630456848415,0630456848415,FELOC - For The Empowerment Of Local,Honey Beef Pickle,"Pickles, Beef dishes, Honey-based preparations, Non-veg",India,73.41,72.73,,75.0,https://world.openfoodfacts.org/product/0630456848415/honey-beef-pickle-feloc-for-the-empowerment-of-local
IN_0846597026029,0846597026029,Tops,Mixed Pickle,"Canned vegetables, Mixed vegetable pickles",India,70.67,72.73,62.5,77.78,https://world.openfoodfacts.org/product/0846597026029/mixed-pickle-tops
IN_8904103032017,8904103032017,Swastiks,Mango Pickle,Plant-based pickles,India,81.37,72.73,100.0,75.0,https://world.openfoodfacts.org/product/8904103032017/mango-pickle-swastiks
IN_8906020932159,8906020932159,Engine,Green Chilli Pickle,Plant-based pickles,India,57.91,52.73,,70.0,https://world.openfoodfacts.org/product/8906020932159/green-chilli-pickle-engine
IN_8906132960828,8906132960828,Lovely,Mango pickle,Plant-based pickles,India,59.02,72.73,25.0,75.79,https://world.openfoodfacts.org/product/8906132960828/mango-pickle-lovely
IN_8906132960835,8906132960835,Lovely,Lime Pickle,Plant-based pickles,India,58.96,72.73,25.0,75.48,https://world.openfoodfacts.org/product/8906132960835/lime-pickle-lovely
IN_3297387000137,3297387000137,Royal Bourbon,Achard legumes,"Canned vegetables, Acar, fr:Légume & champignon (transformé/préparé), fr:Légume & champignon (transformé/préparé) ∣ 82939",India,78.63,67.27,100.0,75.0,https://world.openfoodfacts.org/product/3297387000137/achard-legumes-royal-bourbon
IN_8901095000475,8901095000475,Generic,Sweet and spicy mango pickle,"Canned vegetables, Plant-based pickles, Sweet and Slicy Mango pickle",India,73.41,72.73,,75.0,https://world.openfoodfacts.org/product/8901095000475/sweet-and-spicy-mango-pickle
IN_8906021128735,8906021128735,Aachi,Mango Ginger Pickle,"Plant-based pickles, Spices",India,59.45,50.91,62.5,76.2,https://world.openfoodfacts.org/product/8906021128735/mango-ginger-pickle-aachi
IN_8906033951369,8906033951369,G. Pulla Reddy,Gongura Red Chilli Pickle,Plant-based pickles,India,53.05,43.64,,75.0,https://world.openfoodfacts.org/product/8906033951369/gongura-red-chilli-pickle-g-pulla-reddy
IN_8908005754022,8908005754022,Deccan Achar,Mango Pickle,Pickled mangoes,India,75.21,60.0,100.0,76.03,https://world.openfoodfacts.org/product/8908005754022/mango-pickle-deccan-achar
IN_8906095480920,8906095480920,MN Pickles,Appe Midi Pickle,Pickles,India,81.37,72.73,100.0,75.0,https://world.openfoodfacts.org/product/8906095480920/appe-midi-pickle-mn-pickles
IN_8906081949936,8906081949936,Kouzina,Halkidiki Olives Greek Stuffed With Jalapenos,Green olives stuffed of peppers,India,55.36,49.09,,70.0,https://world.openfoodfacts.org/product/8906081949936/halkidiki-olives-greek-stuffed-with-jalapenos-kouzina
IN_8904288612028,8904288612028,Tops gold,Mixed pickles,"Canned vegetables, Spices, Mixed vegetable pickles, Lime green chilli, Mango, Top gold mixed pickles",India,64.1,52.73,75.0,76.19,https://world.openfoodfacts.org/product/8904288612028/mixed-pickles-tops-gold
IN_8901483011960,8901483011960,Tify,"Gherkins, Premium Canadian Style Baby Dill",Pickled gherkins,India,61.73,58.18,,70.0,https://world.openfoodfacts.org/product/8901483011960/gherkins-premium-canadian-style-baby-dill-tify
IN_8906074081988,8906074081988,Aswins Sweets & Snacks,Chettinad Kara Kuzhambu,Pickles,India,50.5,40.0,,75.0,https://world.openfoodfacts.org/product/8906074081988/chettinad-kara-kuzhambu-aswins-sweets-snacks
IN_8906078890159,8906078890159,Chandraraj,Unknown Product,Pickles,India,41.59,38.18,25.0,75.0,https://world.openfoodfacts.org/product/8906078890159/lemon-pickle-chandraraj
IN_8906090400923,8906090400923,Hop's,KERDA PICKLE,Pickles,India,61.93,56.36,62.5,75.0,https://world.openfoodfacts.org/product/8906090400923/kerda-pickle-hop-s
IN_8904071302419,8904071302419,Generic,Sweet mango pickle,Pickles,India,81.37,72.73,100.0,75.0,https://world.openfoodfacts.org/product/8904071302419/sweet-mango-pickle
IN_8939117991388,8939117991388,Foodza,Garlic Pickle,Pickles,India,64.78,61.82,62.5,75.6,https://world.openfoodfacts.org/product/8939117991388/garlic-pickle-foodza
IN_8906108640631,8906108640631,Zaika,Mixed Pickle,Pickles,India,60.11,52.73,62.5,75.0,https://world.openfoodfacts.org/product/8906108640631/mixed-pickle-zaika
IN_8908005144014,8908005144014,Yoga Bar,Multigain energy bar,Cereal bars,India,74.25,56.36,100.0,80.34,https://world.openfoodfacts.org/product/8908005144014/multigrain-energy-bar-chocolate-chunk-nut-yoga-bar
IN_8908005144359,8908005144359,Yoga Bar,Breakfast protein bar,"Cereal bars, Protein Energy Bars",India,75.33,60.0,100.0,76.67,https://world.openfoodfacts.org/product/8908005144359/breakfast-protein-bar-yoga-bar
IN_8908005144366,8908005144366,Yoga Bar,Breakfast Protein Bar Apricot Fig,"Cereal bars, Protein Energy Bars",India,70.7,50.91,100.0,76.22,https://world.openfoodfacts.org/product/8908005144366/breakfast-protein-bar-apricot-fig-yoga-bar
IN_8410076601445,8410076601445,Nature Valley,Nature valley crunchy,"Cereal bars, barres-de-céréales, snacks-sucrés",India,72.28,54.55,100.0,75.0,https://world.openfoodfacts.org/product/8410076601445/nature-valley-crunchy
IN_8906009532998,8906009532998,RiteBite,Nutrition Bar,"Cereal bars, Nutrition bar",India,81.92,74.55,100.0,73.23,https://world.openfoodfacts.org/product/8906009532998/nutrition-bar-ritebite
IN_8906009079707,8906009079707,Unions,Fruit And Nut Energy Bar,Cereal bars,India,63.0,60.0,,70.0,https://world.openfoodfacts.org/product/8906009079707/fruit-and-nut-energy-bar-unions
IN_8906009531236,8906009531236,RiteBite,RiteBite Nutrition Bar,Cereal bars,India,72.74,56.36,100.0,72.8,https://world.openfoodfacts.org/product/8906009531236/ritebite-nutrition-bar
IN_8908005144441,8908005144441,Yoga Bar,Breakfast protein Bar,"Cereal bars, Bodybuilding supplements",India,60.45,56.36,,70.0,https://world.openfoodfacts.org/product/8908005144441/breakfast-protein-bar-yoga-bar
IN_8904335602064,8904335602064,Yogabar,Yoga bar Breakfast Protein Bar,"Cereal bars, Protein bars",India,71.83,52.73,100.0,77.35,https://world.openfoodfacts.org/product/8904335602064/yoga-bar-breakfast-protein-bar-yogabar
IN_0787099843700,0787099843700,Wingreens Harvest,Crunchy Granola Bar,"Cereal bars, Mueslis with chocolate",India,70.0,49.09,100.0,77.27,https://world.openfoodfacts.org/product/0787099843700/crunchy-granola-bar-wingreens-harvest
IN_8480024754288,8480024754288,Alteza,Barritas de platano y chocolate,Cereal bars,India,49.0,40.0,,70.0,https://world.openfoodfacts.org/product/8480024754288/barritas-de-platano-y-chocolate-alteza
IN_8906080604133,8906080604133,Paper Boat,Protein Crunch,Cereal bars with nuts,India,54.09,47.27,,70.0,https://world.openfoodfacts.org/product/8906080604133/protein-crunch-paper-boat
IN_8901595873258,8901595873258,Smith and Jones,Smith & Jones Ginger Garlic Paste,Canned vegetables,India,70.5,60.0,85.0,75.0,https://world.openfoodfacts.org/product/8901595873258/smith-jones-ginger-garlic-paste-smith-and-jones
IN_5000171010025,5000171010025,John West,Wild Pacific Red Salmon,Canned salmons,India,73.41,72.73,,75.0,https://world.openfoodfacts.org/product/5000171010025/wild-pacific-red-salmon-john-west
IN_5000232192202,5000232192202,Princes,FOOD,"Mackerel fillets, Tinned Mackerels",India,69.59,67.27,,75.0,https://world.openfoodfacts.org/product/5000232192202/food-princes
IN_8906080604676,8906080604676,Paper boat,Paper boat Indigo exclusive mango basil,"Canned fruits in juice, Fruit juices",India,70.86,69.09,,75.0,https://world.openfoodfacts.org/product/8906080604676/paper-boat-indigo-exclusive-mango-basil
IN_4800024572509,4800024572509,Del Monte,pineapple slices,Canned pineapples in syrup,India,78.63,67.27,100.0,75.0,https://world.openfoodfacts.org/product/4800024572509/pineapple-slices-del-monte
IN_8906020580350,8906020580350,iD,iD Fresh Frozen Pineapple Pulp,Canned pineapples in syrup,India,68.31,65.45,,75.0,https://world.openfoodfacts.org/product/8906020580350/id-fresh-frozen-pineapple-pulp
IN_8901030902369,8901030902369,Knorr,Knorr hot & sour veg soup,Dehydrated soups,India,78.99,70.91,100.0,67.66,https://world.openfoodfacts.org/product/8901030902369/knorr-hot-sour-veg-soup
IN_8901030902383,8901030902383,Knorr,Manchow Veg,"Dried meals, Soup mixes",India,79.02,69.09,100.0,72.35,https://world.openfoodfacts.org/product/8901030902383/manchow-veg-knorr
IN_8901595971244,8901595971244,Generic,Ching's Hot and sour,Soups,India,50.27,41.82,,70.0,https://world.openfoodfacts.org/product/8901595971244/ching-s-hot-and-sour
IN_8901595971220,8901595971220,Ching's,Manchow instant soup,Dehydrated soups,India,71.8,54.55,100.0,72.62,https://world.openfoodfacts.org/product/8901595971220/manchow-instant-soup-ching-s
IN_8901030900112,8901030900112,Knorr,Hot and sour vegetable soup,Soups,India,55.36,49.09,,70.0,https://world.openfoodfacts.org/product/8901030900112/hot-and-sour-vegetable-soup-knorr
IN_8901030921636,8901030921636,Knorr,knorr cream of Broccoli,Soups,India,49.0,40.0,,70.0,https://world.openfoodfacts.org/product/8901030921636/knorr-cream-of-broccoli
IN_8901030900105,8901030900105,Knorr,knorr Thick tomato soup,Tomato soups,India,78.04,67.27,100.0,72.03,https://world.openfoodfacts.org/product/8901030900105/knorr-thick-tomato-soup
IN_8901030900297,8901030900297,Knorr,knorr hong kong manchow soup,Dehydrated soups,India,47.73,38.18,,70.0,https://world.openfoodfacts.org/product/8901030900297/knorr-hong-kong-manchow-soup
IN_8901595971237,8901595971237,Ching's,Sweet Corn Veg Instant Soup,Soups,India,51.55,43.64,,70.0,https://world.openfoodfacts.org/product/8901595971237/sweet-corn-veg-instant-soup-ching-s
IN_8901030757501,8901030757501,Knorr,Knorr,Soups,India,76.46,63.64,100.0,73.22,https://world.openfoodfacts.org/product/8901030757501/knorr
IN_8901030900303,8901030900303,Knorr,International Mexican Tomato Corn Soup,"Dehydrated soups, Soup mixes",India,80.78,72.73,100.0,72.1,https://world.openfoodfacts.org/product/8901030900303/international-mexican-tomato-corn-soup-knorr
IN_8901030555442,8901030555442,Knorr,Hot & Sour Veg Cup a Soup,Soup mixes,India,80.1,72.73,100.0,68.67,https://world.openfoodfacts.org/product/8901030555442/hot-sour-veg-cup-a-soup-knorr
IN_8901030900150,8901030900150,Knorr,Knorr soup,Soup mixes,India,63.41,38.18,100.0,71.61,https://world.openfoodfacts.org/product/8901030900150/knorr-soup
IN_8901030518232,8901030518232,Knorr,Cup-a-Soup Sweet Corn Veg,"Dried products, Vegetable soups",India,79.41,72.73,100.0,65.23,https://world.openfoodfacts.org/product/8901030518232/cup-a-soup-sweet-corn-veg-knorr
IN_8901595961412,8901595961412,Ching's Secret,Hot and sour soup,Soups,India,62.85,36.36,100.0,73.33,https://world.openfoodfacts.org/product/8901595961412/hot-and-sour-soup-ching-s-secret
IN_8906097592911,8906097592911,"Fast&Up, goodeatz",goodeatz Lentil Soup,"Reheatable vegetable soups, Lentil soups",India,71.78,54.55,100.0,72.51,https://world.openfoodfacts.org/product/8906097592911/goodeatz-lentil-soup-fast-up
IN_8906108530802,8906108530802,inchi,sweet corn soup,"Dehydrated soups, Soup mixes",India,80.43,72.73,100.0,70.33,https://world.openfoodfacts.org/product/8906108530802/sweet-corn-soup-inchi
IN_7108326644922,7108326644922,Organic Roots,Pumpkin & Lentil Soup,Soup mixes,India,51.77,41.82,,75.0,https://world.openfoodfacts.org/product/7108326644922/pumpkin-lentil-soup-organic-roots
IN_8901030743146,8901030743146,Knorr,sweet corn veg soup,Vegetable soups,India,54.19,50.0,,63.98,https://world.openfoodfacts.org/product/8901030743146/sweet-corn-veg-soup-knorr
IN_8901725007102,8901725007102,Itc,Bingo,Potato crisps,India,57.88,27.27,100.0,71.2,https://world.openfoodfacts.org/product/8901725007102/bingo-itc
IN_8901725007508,8901725007508,ITC,Bingo! Potato Chips Chilli Sprinkled,Potato crisps,India,57.88,27.27,100.0,71.2,https://world.openfoodfacts.org/product/8901725007508/bingo-potato-chips-chilli-sprinkled-itc
IN_8901725016838,8901725016838,"Aashirvaad, ITC",Aashirvaad Superior MP Atta,"Wheats, Whole wheat flours",India,88.55,83.64,,100.0,https://world.openfoodfacts.org/product/8901725016838/aashirvaad-superior-mp-atta
IN_8901725004682,8901725004682,"ITC, Sunfeast",farmlite oats & chocolate Cookies,Chocolate biscuits,India,62.27,38.18,100.0,65.92,https://world.openfoodfacts.org/product/8901725004682/farmlite-oats-chocolate-cookies-sunfeast
IN_8901725007096,8901725007096,"Bingo, ITC",Potato Chips Salted,Potato crisps,India,47.18,32.73,,80.89,https://world.openfoodfacts.org/product/8901725007096/potato-chips-salted-bingo
IN_8901725100131,8901725100131,"B Natural, ITC",B Natural Orange Juice 1ltr tpk,Orange juices with pulp,India,72.92,72.73,75.0,70.25,https://world.openfoodfacts.org/product/8901725100131/b-natural-orange-juice-1ltr-tpk
IN_8901725016562,8901725016562,"ITC, Sunfeast",Sunfeast 5-grain Digestive,Biscuits,India,66.41,45.45,100.0,68.44,https://world.openfoodfacts.org/product/8901725016562/sunfeast-5-grain-digestive
IN_8901725121747,8901725121747,"Aashirvaad, ITC",Superior MP Atta,Whole wheat flours,India,88.55,83.64,,100.0,https://world.openfoodfacts.org/product/8901725121747/superior-mp-atta-aashirvaad
IN_8901725015435,8901725015435,"ITC, Sunfeast",Sunfeast Marie Light Vita Orange,Biscuits,India,61.11,38.18,93.18,70.34,https://world.openfoodfacts.org/product/8901725015435/sunfeast-marie-light-vita-orange
IN_8901725135218,8901725135218,ITC,sunfeast yippe,Instant pasta,India,66.1,43.64,100.0,71.4,https://world.openfoodfacts.org/product/8901725135218/sunfeast-yippe-itc
IN_8909081001499,8909081001499,ITC,Jelimals,Fruit jellies,India,52.42,43.64,55.0,70.5,https://world.openfoodfacts.org/product/8909081001499/jelimals-itc
IN_8901725100063,8901725100063,ITC,B Natural apple juice 1ltr tpk,Apple juices,India,78.68,69.09,100.0,70.68,https://world.openfoodfacts.org/product/8901725100063/b-natural-apple-juice-1ltr-tpk-itc
IN_8901725001070,8901725001070,ITC,Aashirvaad Double Roasted Suji Rava,"Wheat semolinas, Wheats, Granulated wheat, Semolina",India,73.19,74.55,,70.0,https://world.openfoodfacts.org/product/8901725001070/aashirvaad-double-roasted-suji-rava-itc
IN_8901725008888,8901725008888,ITC,Aashirvad Aata,,India,78.27,81.82,,70.0,https://world.openfoodfacts.org/product/8901725008888/aashirvad-aata-itc
IN_8909081006197,8909081006197,"B Natural, ITC",Coconut Water with Litchi,Coconut waters,India,80.46,70.91,100.0,75.0,https://world.openfoodfacts.org/product/8909081006197/coconut-water-with-litchi-b-natural
IN_8906065169749,8906065169749,Itc,Itc master  chef,,India,70.64,70.91,,70.0,https://world.openfoodfacts.org/product/8906065169749/itc-master-chef
IN_8901725121754,8901725121754,ITC,Aashirvaad,"Common wheat flours, Wheats",India,73.41,72.73,,75.0,https://world.openfoodfacts.org/product/8901725121754/aashirvaad-itc
IN_8906065169374,8906065169374,ITC,ITC Master Chef Classic Aloo Tikki,Frozen snacks and starters,India,61.73,58.18,,70.0,https://world.openfoodfacts.org/product/8906065169374/itc-master-chef-classic-aloo-tikki
IN_8906065169329,8906065169329,ITC,Chicken Breast Strips,,India,57.91,52.73,,70.0,https://world.openfoodfacts.org/product/8906065169329/chicken-breast-strips-itc
IN_8909081007637,8909081007637,Itc,Barbourn Bounce,,India,47.73,38.18,,70.0,https://world.openfoodfacts.org/product/8909081007637/barbourn-bounce-itc
IN_8901725013714,8901725013714,"Bingo, ITC",bingo mad angles very peri peri,Snacks,India,80.85,72.73,100.0,72.44,https://world.openfoodfacts.org/product/8901725013714/bingo-mad-angles-very-peri-peri-itc
IN_8906065160883,8906065160883,ITc,ITC Large Prawns,,India,57.91,52.73,,70.0,https://world.openfoodfacts.org/product/8906065160883/itc-large-prawns
IN_8906065169510,8906065169510,ITC,Lebanese Falafel Kebab,,India,56.64,50.91,,70.0,https://world.openfoodfacts.org/product/8906065169510/lebanese-falafel-kebab-itc
IN_8901262172448,8901262172448,Amul,Amul Chocolate Brownie,"Ice creams, Chocolate icecream, Icecream",India,67.99,49.09,100.0,67.22,https://world.openfoodfacts.org/product/8901262172448/amul-chocolate-brownie
IN_8901262174114,8901262174114,Amul,King Alphonso Gold Ice Cream,Ice cream in a box,India,56.64,50.91,,70.0,https://world.openfoodfacts.org/product/8901262174114/king-alphonso-gold-ice-cream-amul
IN_8901262173490,8901262173490,Amul,Vanilla ice cream,Ice cream in a box,India,65.73,49.09,100.0,55.93,https://world.openfoodfacts.org/product/8901262173490/vanilla-ice-cream-amul
IN_8901262173483,8901262173483,Amul,Amul Fruit 'N' Nut Fantasy,Ice cream in a box,India,49.32,27.27,75.0,65.93,https://world.openfoodfacts.org/product/8901262173483/amul-fruit-n-nut-fantasy
IN_8901262175845,8901262175845,Amul,Icecream,Ice creams,India,61.73,58.18,,70.0,https://world.openfoodfacts.org/product/8901262175845/icecream-amul
IN_8901262173599,8901262173599,Amul,Amul Rajbhog,Ice cream tubs,India,54.09,47.27,,70.0,https://world.openfoodfacts.org/product/8901262173599/amul-rajbhog
IN_8901262152242,8901262152242,amul,Amul Kool Badam Flv 180ml,Beverages,India,55.36,49.09,,70.0,https://world.openfoodfacts.org/product/8901262152242/amul-kool-badam-flv-180ml
IN_8901262300612,8901262300612,amul,Tender Coconut,Ice creams,India,68.64,47.27,100.0,75.0,https://world.openfoodfacts.org/product/8901262300612/tender-coconut-amul
IN_8901262152181,8901262152181,Amul,Dark Chocolate Milk,,India,66.81,65.45,,70.0,https://world.openfoodfacts.org/product/8901262152181/dark-chocolate-milk-amul
IN_8901262200677,8901262200677,Amul,amul masti dahi,,India,73.41,72.73,,75.0,https://world.openfoodfacts.org/product/8901262200677/amul-masti-dahi
IN_8901262030878,8901262030878,Amul,Amul cow ghee 1ltr,,India,46.45,36.36,,70.0,https://world.openfoodfacts.org/product/8901262030878/amul-cow-ghee-1ltr
IN_8901262177122,8901262177122,Amul,Tricone Butterscotch,Icecream,India,50.27,41.82,,70.0,https://world.openfoodfacts.org/product/8901262177122/tricone-butterscotch-amul
IN_8901262260114,8901262260114,Amul,Gold Milky Milk,Dairies,India,68.31,65.45,,75.0,https://world.openfoodfacts.org/product/8901262260114/gold-milky-milk-amul
IN_8901262178068,8901262178068,Amul,Choco Almond N' Kesar Badam Double Sundae,Ice cream tubs,India,63.2,47.27,85.0,70.32,https://world.openfoodfacts.org/product/8901262178068/choco-almond-n-kesar-badam-double-sundae-amul
IN_8901262201124,8901262201124,Amul,Amul Masti Dahi,Yogurts,India,74.69,74.55,,75.0,https://world.openfoodfacts.org/product/8901262201124/amul-masti-dahi
IN_8901262020091,8901262020091,Amul,Cheese Cube,Cheeses,India,42.64,30.91,,70.0,https://world.openfoodfacts.org/product/8901262020091/cheese-cube-amul
IN_8901262030366,8901262030366,AMUL,AMUL PURE GHEE,"Butters, Dairy by-products, Dairy non fermented, Oil",India,47.95,36.36,,75.0,https://world.openfoodfacts.org/product/8901262030366/amul-pure-ghee
IN_8901262030519,8901262030519,Amul,Amul Cow Ghee,ghee,India,71.91,72.73,,70.0,https://world.openfoodfacts.org/product/8901262030519/amul-cow-ghee
IN_8901262010436,8901262010436,Amul,Amul White Unsalted Butter,Butters,India,60.45,56.36,,70.0,https://world.openfoodfacts.org/product/8901262010436/amul-white-unsalted-butter
IN_8901262176224,8901262176224,Amul,Amul Chocobar Probiotic,Ice cream bars,India,70.31,54.55,100.0,65.16,https://world.openfoodfacts.org/product/8901262176224/amul-chocobar-probiotic
IN_8901262173421,8901262173421,Amul,Moroccon Dry Fruit,,India,71.91,72.73,,70.0,https://world.openfoodfacts.org/product/8901262173421/moroccon-dry-fruit-amul
IN_8901262153300,8901262153300,Amul,Try Nutrition,,India,71.91,72.73,,70.0,https://world.openfoodfacts.org/product/8901262153300/try-nutrition-amul
IN_8901262174138,8901262174138,Amul,Gold Cookies N Cream,,India,41.36,29.09,,70.0,https://world.openfoodfacts.org/product/8901262174138/gold-cookies-n-cream-amul
IN_8901262150989,8901262150989,Amul,Amul Gold 1ltr,"Homogenized milks, Pasteurised milks, Cow milks",India,70.86,69.09,,75.0,https://world.openfoodfacts.org/product/8901262150989/amul-gold-1ltr
IN_8901262130325,8901262130325,Amul,Amul Pro Chocolate 500g pp,Sweetened beverages,India,64.7,41.82,100.0,68.94,https://world.openfoodfacts.org/product/8901262130325/amul-pro-chocolate-500g-pp
IN_8901262178075,8901262178075,Amul,Chocolate Magic Sundae,Ice creams and sorbets,India,63.3,40.0,100.0,66.49,https://world.openfoodfacts.org/product/8901262178075/chocolate-magic-sundae-amul
IN_8901262030564,8901262030564,Amul,Cow Ghee,Butters,India,71.91,72.73,,70.0,https://world.openfoodfacts.org/product/8901262030564/cow-ghee-amul
IN_8901262220552,8901262220552,Amul,Chocolate Cookies,Chocolate biscuits,India,59.09,30.91,100.0,68.18,https://world.openfoodfacts.org/product/8901262220552/chocolate-cookies-amul
IN_8901262173223,8901262173223,Amul,Butterscotch Bliss,Ice cream in a box,India,63.08,45.45,87.5,70.5,https://world.openfoodfacts.org/product/8901262173223/butterscotch-bliss-amul
IN_8901262020299,8901262020299,Amul,Pure Milk Cheese,Sliced cheeses,India,60.46,30.91,100.0,75.0,https://world.openfoodfacts.org/product/8901262020299/pure-milk-cheese-amul
IN_8901262176446,8901262176446,Amul,Pista malai kulfi,"Ice creams, Icecream",India,63.61,40.0,100.0,68.07,https://world.openfoodfacts.org/product/8901262176446/pista-malai-kulfi-amul
IN_8901262030458,8901262030458,Amul,Ghee,"Butters, ghee",India,51.55,43.64,,70.0,https://world.openfoodfacts.org/product/8901262030458/ghee-amul
IN_8901262120029,8901262120029,Amul,Mithai Mate,,India,46.45,36.36,,70.0,https://world.openfoodfacts.org/product/8901262120029/mithai-mate-amul
IN_8901262300513,8901262300513,Amul,Fruit & Nut Fantasy Gold,,India,55.36,49.09,,70.0,https://world.openfoodfacts.org/product/8901262300513/fruit-nut-fantasy-gold-amul
IN_8901262020541,8901262020541,Amul,Amul diced cheese blend (mozzarella and cheddar cheese blend),"Mozzarella, Cheddar cheese",India,51.77,41.82,,75.0,https://world.openfoodfacts.org/product/8901262020541/amul-diced-cheese-blend-mozzarella-and-cheddar-cheese-blend
IN_8901262070430,8901262070430,Amul,Amul,Chocolate candies,India,54.96,23.64,100.0,65.72,https://world.openfoodfacts.org/product/8901262070430/amul
IN_8901262260152,8901262260152,Amul,Slim 'n' Trim,"Milks, Dietary supplements",India,73.41,72.73,,75.0,https://world.openfoodfacts.org/product/8901262260152/slim-n-trim-amul
IN_8901262150118,8901262150118,Amul,Amul Fresh Cream 1ltr,"Creams, Milks",India,56.86,49.09,,75.0,https://world.openfoodfacts.org/product/8901262150118/amul-fresh-cream-1ltr
IN_8901262201001,8901262201001,Amul,Amul Spiced Buttermilk,"Milks, Buttermilks",India,76.82,63.64,100.0,75.0,https://world.openfoodfacts.org/product/8901262201001/amul-spiced-buttermilk
IN_8901262030663,8901262030663,amul,amul cow ghee,Butters,India,47.95,36.36,,75.0,https://world.openfoodfacts.org/product/8901262030663/amul-cow-ghee
IN_8901262178259,8901262178259,Amul,Ice Cream Sandwich Vanilla,Ice cream sandwiches,India,60.77,38.18,100.0,58.38,https://world.openfoodfacts.org/product/8901262178259/ice-cream-sandwich-vanilla-amul
IN_8901262260138,8901262260138,Amul,Taaza Milk,,India,69.36,69.09,,70.0,https://world.openfoodfacts.org/product/8901262260138/taaza-milk-amul
IN_8901262300117,8901262300117,Amul,Chocolate Crackle Ice cream,Ice cream in a box,India,66.4,43.64,100.0,72.88,https://world.openfoodfacts.org/product/8901262300117/chocolate-crackle-ice-cream-amul
IN_8904004408164,8904004408164,Haldirams,Haldiram's Pasta,"Cereals and their products, Pastas",India,68.31,65.45,,75.0,https://world.openfoodfacts.org/product/8904004408164/haldiram-s-pasta-haldirams
IN_8904004403053,8904004403053,Haldirams,Udad Papad,,India,70.64,70.91,,70.0,https://world.openfoodfacts.org/product/8904004403053/udad-papad-haldirams
IN_8904004400090,8904004400090,haldirams,Soya chips,Snacks,India,64.27,61.82,,70.0,https://world.openfoodfacts.org/product/8904004400090/soya-chips-haldirams
IN_8904063226402,8904063226402,Haldirams,Chips,"Potato-chips-in-vegetable-oil, classic salted potato chips",India,46.74,32.73,,79.42,https://world.openfoodfacts.org/product/8904063226402/chips-haldirams
IN_8901030779312,8901030779312,"Pepsico, Unilever, lipton",Lipton Green Tea,"Green teas, Flavored teas",India,73.41,72.73,,75.0,https://world.openfoodfacts.org/product/8901030779312/lipton-green-tea
UK_5010029000504,5010029000504,Weetabix,Whole wheat cereal with added vitamins and iron. 12 Biscuits,"Biscuits, Breakfast cereals",United Kingdom,79.77,81.82,,75.0,https://world.openfoodfacts.org/product/5010029000504/whole-wheat-cereal-with-added-vitamins-and-iron-12-biscuits-weetabix
UK_5000168036755,5000168036755,McVitie's,Digestives The ORIGINAL,Biscuits,United Kingdom,63.45,36.36,100.0,76.36,https://world.openfoodfacts.org/product/5000168036755/digestives-the-original-mcvitie-s
UK_0612322000202,0612322000202,Nairn's,Fruit & Seed Oatcakes,"Appetizers, Biscuits",United Kingdom,74.25,56.36,100.0,80.36,https://world.openfoodfacts.org/product/0612322000202/fruit-seed-oatcakes-nairn-s
UK_0039047011304,0039047011304,Walker’s,Shortbread Fingers,Shortbread,United Kingdom,47.95,36.36,,75.0,https://world.openfoodfacts.org/product/0039047011304/shortbread-fingers-walker-s
UK_0061232201948,0061232201948,nairn's,Cheese Oatcakes,"Biscuits, Crackers (Appetizers), Aperitivos, Botanas, Snacks-salados",United Kingdom,63.85,34.55,100.0,82.89,https://world.openfoodfacts.org/product/0061232201948/cheese-oatcakes-nairn-s
UK_0061232200545,0061232200545,nairn's,Fine Milled Oatcakes,"Biscuits, Oatcakes",United Kingdom,69.86,45.45,100.0,85.67,https://world.openfoodfacts.org/product/0061232200545/fine-milled-oatcakes-nairn-s
UK_5059512738814,5059512738814,Tesco,All butter shortbread fingers,Shortbread,United Kingdom,51.77,41.82,,75.0,https://world.openfoodfacts.org/product/5059512738814/all-butter-shortbread-fingers-tesco
UK_0061232202556,0061232202556,nairn's,Dark Chocolate Chip Oat Biscuits,Chocolate biscuits,United Kingdom,69.35,47.27,100.0,78.58,https://world.openfoodfacts.org/product/0061232202556/dark-chocolate-chip-oat-biscuits-nairn-s
UK_0072417196379,0072417196379,Paterson's,Shortbread Fingers,Shortbread,United Kingdom,53.05,43.64,,75.0,https://world.openfoodfacts.org/product/0072417196379/shortbread-fingers-paterson-s
UK_7622202018701,7622202018701,Belvita,Bolachas Belvita Breakfast Milk & Cereals,Biscuits,United Kingdom,80.54,72.73,100.0,70.88,https://world.openfoodfacts.org/product/7622202018701/bolachas-belvita-breakfast-milk-cereals
UK_7622201499679,7622201499679,LU,Le Petit Beurre,Petit-Beurre,United Kingdom,57.33,27.27,100.0,68.48,https://world.openfoodfacts.org/product/7622201499679/le-petit-beurre-lu
UK_5010029207880,5010029207880,Weetabix,Oatibix For A Healthy Heart,"Breakfasts, Cereals and potatoes, Biscuits",United Kingdom,78.16,78.18,,78.12,https://world.openfoodfacts.org/product/5010029207880/oatibix-for-a-healthy-heart-weetabix
UK_00672566,00672566,Marks & Spencer,All Butter Scottish Shortbread Fingers,"Shortbread, Scottish shortbread",United Kingdom,63.18,36.36,100.0,75.0,https://world.openfoodfacts.org/product/00672566/all-butter-scottish-shortbread-fingers-marks-spencer
UK_0061232202952,0061232202952,Nairn's,Fine Milled Oatcakes,"Biscuits, Crackers (Appetizers)",United Kingdom,69.86,45.45,100.0,85.67,https://world.openfoodfacts.org/product/0061232202952/fine-milled-oatcakes-nairn-s
UK_00019101,00019101,Sainsbury's,SHORTBREAD all butter fingers,Shortbread,United Kingdom,63.18,36.36,100.0,75.0,https://world.openfoodfacts.org/product/00019101/shortbread-all-butter-fingers-sainsbury-s
UK_00130509,00130509,Sainsbury's,Wheat Biscuits,"Biscuits, Breakfast cereals",United Kingdom,79.77,81.82,,75.0,https://world.openfoodfacts.org/product/00130509/wheat-biscuits-sainsbury-s
UK_0061232201047,0061232201047,Nairn's,Stem Ginger Oat Biscuits,Dry biscuits,United Kingdom,71.24,50.91,100.0,78.94,https://world.openfoodfacts.org/product/0061232201047/stem-ginger-oat-biscuits-nairn-s
UK_5000168124643,5000168124643,McVitie's,McVitie's Rich Tea The Light One (Delights),Biscuits,United Kingdom,82.54,74.55,100.0,76.31,https://world.openfoodfacts.org/product/5000168124643/mcvitie-s-rich-tea-the-light-one-delights
UK_4088600107998,4088600107998,Bakers Selection,Shortbread Fingers,Shortbread,United Kingdom,50.5,40.0,,75.0,https://world.openfoodfacts.org/product/4088600107998/shortbread-fingers-bakers-selection
UK_0061232200293,0061232200293,Nairn's,Oatcakes - Organic,Oatmeal biscuits,United Kingdom,74.01,54.55,100.0,83.66,https://world.openfoodfacts.org/product/0061232200293/oatcakes-organic-nairn-s
UK_5000168001210,5000168001210,McVitie's,McVities Rich Tea Biscuits,Biscuits,United Kingdom,65.43,43.64,100.0,68.05,https://world.openfoodfacts.org/product/5000168001210/mcvities-rich-tea-biscuits-mcvitie-s
UK_0072417143700,0072417143700,Jammie Dodgers,Raspberry Flavor Shortcake Cookies,Biscuits,United Kingdom,65.98,41.82,100.0,75.35,https://world.openfoodfacts.org/product/0072417143700/raspberry-flavor-shortcake-cookies-jammie-dodgers
UK_50168101,50168101,JACOB'S,CHEDDARS ORIGINAL,"Biscuits, Cheese biscuits",United Kingdom,62.58,36.36,100.0,72.0,https://world.openfoodfacts.org/product/50168101/cheddars-original-jacob-s
UK_5000168085555,5000168085555,Carr's,Melts Original,"Biscuits, Crackers (Appetizers)",United Kingdom,64.38,38.18,100.0,76.47,https://world.openfoodfacts.org/product/5000168085555/melts-original-carr-s
UK_7622202232633,7622202232633,Belvita,Soft Bakes Choc Chips,Breakfast biscuit,United Kingdom,75.31,61.82,100.0,71.98,https://world.openfoodfacts.org/product/7622202232633/soft-bakes-choc-chips-belvita
UK_0612322000219,0612322000219,Nairn's,Fruit & Seed Oatcakes on the go,"Biscuits, Oat biscuit",United Kingdom,73.35,54.55,100.0,80.36,https://world.openfoodfacts.org/product/0612322000219/fruit-seed-oatcakes-on-the-go-nairn-s
UK_7622210740427,7622210740427,Belvita,belVita BREAKFAST Cocoa with choc chips,Chocolate biscuits,United Kingdom,71.96,54.55,100.0,73.41,https://world.openfoodfacts.org/product/7622210740427/belvita-breakfast-cocoa-with-choc-chips
UK_5000168194189,5000168194189,McVitie's,Digestives Milk Chocolate,"Milk chocolate biscuits, Digestives covered with chocolate",United Kingdom,42.31,30.91,,68.92,https://world.openfoodfacts.org/product/5000168194189/digestives-milk-chocolate-mcvitie-s
UK_7622201766375,7622201766375,"Belvita, Mondelez",Soft Bakes Blueberry,Breakfast biscuit,United Kingdom,78.27,69.09,100.0,68.61,https://world.openfoodfacts.org/product/7622201766375/soft-bakes-blueberry-belvita
UK_7622202219214,7622202219214,Cadbury,Brunch Choc Chip,"Cereal bars, Chocolate-covered biscuits",United Kingdom,64.99,41.82,100.0,70.38,https://world.openfoodfacts.org/product/7622202219214/brunch-choc-chip-cadbury
UK_7622300315283,7622300315283,Oreo,Oreo Original Night Twist,"Chocolate biscuits, Chocolate sandwich cookies",United Kingdom,63.39,38.18,100.0,71.52,https://world.openfoodfacts.org/product/7622300315283/oreo-original-night-twist
UK_0652655001156,0652655001156,Border,Dark Chocolate Ginger,"Chocolate biscuits, Dark chocolates with ginger",United Kingdom,59.82,29.09,100.0,76.39,https://world.openfoodfacts.org/product/0652655001156/dark-chocolate-ginger-border
UK_5010029219494,5010029219494,Weetabixfood,Redy Brek,Breakfast biscuit with cereals fortified with vitamins and chemical elements,United Kingdom,80.76,81.82,,78.28,https://world.openfoodfacts.org/product/5010029219494/redy-brek-weetabixfood
UK_5015168000026,5015168000026,Stockan's,Oatcakes,"Biscuits, Oatcakes",United Kingdom,76.42,60.0,100.0,82.11,https://world.openfoodfacts.org/product/5015168000026/oatcakes-stockan-s
UK_5054402919854,5054402919854,TESCO,BOURBON CREAMS,Biscuits,United Kingdom,59.7,34.55,100.0,62.14,https://world.openfoodfacts.org/product/5054402919854/bourbon-creams-tesco
UK_5000168197586,5000168197586,Go Ahead,Fruit & Oat Bakes Apple,"Biscuits, Apple cereal bars",United Kingdom,77.08,67.27,100.0,67.22,https://world.openfoodfacts.org/product/5000168197586/fruit-oat-bakes-apple-go-ahead
UK_5059697770203,5059697770203,Tesco,Salt & pepper crackers,"Biscuits, Crackers (Appetizers)",United Kingdom,70.55,52.73,100.0,70.95,https://world.openfoodfacts.org/product/5059697770203/salt-pepper-crackers-tesco
UK_20018924,20018924,Tower Gate,Ginger Nuts,Biscuits,United Kingdom,67.68,47.27,100.0,70.25,https://world.openfoodfacts.org/product/20018924/ginger-nuts-tower-gate
UK_7622202230998,7622202230998,Belvita,Soft Bakes Choco Hazelnut Flavour,"Biscuits, Soft Bakes",United Kingdom,77.65,69.09,100.0,65.52,https://world.openfoodfacts.org/product/7622202230998/soft-bakes-choco-hazelnut-flavour-belvita
UK_5010975030020,5010975030020,Thomas Tunnock Ltd,Tunnocks Teacakes Chocolate 6pk,"Biscuits, Bonbons, Chocolate cakes",United Kingdom,60.46,30.91,100.0,75.0,https://world.openfoodfacts.org/product/5010975030020/tunnocks-teacakes-chocolate-6pk-thomas-tunnock-ltd
UK_5057753083922,5057753083922,Stockwell,Wheat Biscuits,Breakfast biscuit,United Kingdom,81.05,83.64,,75.0,https://world.openfoodfacts.org/product/5057753083922/wheat-biscuits-stockwell
UK_5050974000556,5050974000556,Ryvita,Fruit Crunch Crisp,"Biscuits, Bars, Rye breads",United Kingdom,77.66,78.18,,76.46,https://world.openfoodfacts.org/product/5050974000556/fruit-crunch-crisp-ryvita
UK_4088600226736,4088600226736,Savour Bakes,Savoury Crackers Lightly Salted,"Biscuits, Crackers (Appetizers)",United Kingdom,76.78,65.45,100.0,70.25,https://world.openfoodfacts.org/product/4088600226736/savoury-crackers-lightly-salted-savour-bakes
UK_5000168164045,5000168164045,McVitie's,Ginger Nuts,Biscuits,United Kingdom,58.92,27.27,100.0,76.44,https://world.openfoodfacts.org/product/5000168164045/ginger-nuts-mcvitie-s
UK_4017100207136,4017100207136,Bahlsen,CHOCO LEIBNIZ milk,"Milk chocolate biscuits, Biscuit (cookie) snack w chocolate filling, Biscuit with a chocolate bar covering",United Kingdom,59.92,30.91,100.0,72.34,https://world.openfoodfacts.org/product/4017100207136/choco-leibniz-milk-bahlsen
UK_5000168034928,5000168034928,McVitie's,Hobnobs,Plain rolled oats biscuits,United Kingdom,66.23,43.64,100.0,72.04,https://world.openfoodfacts.org/product/5000168034928/hobnobs-mcvitie-s
UK_50168064,50168064,McVitie's,Penguin Biscuit Bar,"Chocolate biscuits, Candy chocolate bars, Candy-bar",United Kingdom,60.0,30.91,100.0,72.75,https://world.openfoodfacts.org/product/50168064/penguin-biscuit-bar-mcvitie-s
UK_20018986,20018986,Tower Gate,Rich Tea,Plain biscuit,United Kingdom,64.07,43.64,100.0,61.26,https://world.openfoodfacts.org/product/20018986/rich-tea-tower-gate
UK_5000137440903,5000137440903,Hovis,Digestive Biscuits with Wheatgerm,"Biscuits, Wheat germ digestive biscuits",United Kingdom,64.48,38.18,100.0,76.96,https://world.openfoodfacts.org/product/5000137440903/digestive-biscuits-with-wheatgerm-hovis
UK_5410126676037,5410126676037,Lotus,LOTUS BISCOFF Original Pocket Format Familial - 248g (16x2p),"Biscuits/Cookies (Shelf Stable), Speculoos",United Kingdom,59.54,29.09,100.0,75.0,https://world.openfoodfacts.org/product/5410126676037/biscoff-lotus
UK_5010204049458,5010204049458,Tesco,Finest Scottish Shortbread Fingers,Shortbread,United Kingdom,47.95,36.36,,75.0,https://world.openfoodfacts.org/product/5010204049458/finest-scottish-shortbread-fingers-tesco
UK_7622202019265,7622202019265,Belvita,BREAKFAST Honey & Nut with choc chips,Breakfast biscuit with cereals fortified with vitamins and chemical elements,United Kingdom,79.59,70.91,100.0,70.69,https://world.openfoodfacts.org/product/7622202019265/breakfast-honey-nut-with-choc-chips-belvita
UK_5410126656022,5410126656022,Lotus,Biscoff,Biscuits,United Kingdom,63.54,36.36,100.0,76.8,https://world.openfoodfacts.org/product/5410126656022/biscoff-lotus
UK_5010975070095,5010975070095,Tunnock's,Tunnock's Caramel Wafer Biscuits,"Chocolate biscuits, Thin crunchy wafer biscuit with chocolate, Snacks-sweet-snacks-biscuits-and-cakes-biscuits-wafers",United Kingdom,61.36,32.73,100.0,75.0,https://world.openfoodfacts.org/product/5010975070095/tunnock-s-caramel-wafer-biscuits
UK_01705461,01705461,Sainsbury's,Rough oatcakes,Oatmeal biscuits,United Kingdom,71.33,54.55,100.0,70.27,https://world.openfoodfacts.org/product/01705461/rough-oatcakes-sainsbury-s
UK_5000168124858,5000168124858,McVitie's,McVitie's Rich Tea Classic 2 x,Plain biscuit,United Kingdom,72.64,54.55,100.0,76.8,https://world.openfoodfacts.org/product/5000168124858/mcvitie-s-rich-tea-classic-2-x
UK_5060088701607,5060088701607,nakd,Cashew Cookie Fruit & Nut Bar,"Confectioneries, Biscuits, Cashew nut bars, Energy bars",United Kingdom,56.86,49.09,,75.0,https://world.openfoodfacts.org/product/5060088701607/cashew-cookie-fruit-nut-bar-nakd
UK_5060198648366,5060198648366,Crosta and mollica,amaretti,Amaretti,United Kingdom,56.67,47.27,,78.61,https://world.openfoodfacts.org/product/5060198648366/amaretti-crosta-and-mollica
UK_5010745055864,5010745055864,Paterson's,Clotted Cream Shortbread Fingers,Shortbread,United Kingdom,67.72,45.45,100.0,75.0,https://world.openfoodfacts.org/product/5010745055864/clotted-cream-shortbread-fingers-paterson-s
UK_5000168037011,5000168037011,Go Ahead,Fruit Slice FOREST FRUIT,"Confectioneries, Biscuits, Bars, Fruit biscuits",United Kingdom,79.13,69.09,100.0,72.92,https://world.openfoodfacts.org/product/5000168037011/fruit-slice-forest-fruit-go-ahead
UK_5031021069665,5031021069665,Tesco,Scottish Rough Oatcakes,"Biscuits, Crackers (Appetizers)",United Kingdom,69.43,50.91,100.0,69.88,https://world.openfoodfacts.org/product/5031021069665/scottish-rough-oatcakes-tesco
UK_5011766999991,5011766999991,Doves farm,Organic wholemeal digestive biscuits,Biscuits,United Kingdom,66.28,45.45,100.0,67.77,https://world.openfoodfacts.org/product/5011766999991/organic-wholemeal-digestive-biscuits-doves-farm
UK_4088600551951,4088600551951,Savour Bakes,Cream Crackers,"Biscuits, Crackers (Appetizers), cream-crackers",United Kingdom,68.77,50.91,100.0,66.56,https://world.openfoodfacts.org/product/4088600551951/cream-crackers-savour-bakes
UK_0612322030018,0612322030018,Nairn's,Fruit Oat Biscuit Breaks,Gluten-free biscuits,United Kingdom,69.41,47.27,100.0,78.88,https://world.openfoodfacts.org/product/0612322030018/fruit-oat-biscuit-breaks-nairn-s
UK_50823093,50823093,TUNNOCK'S,MILK CHOCOLATE CARAMEL WAFER BISCUIT,"Chocolate candies, Wafers",United Kingdom,61.36,32.73,100.0,75.0,https://world.openfoodfacts.org/product/50823093/milk-chocolate-caramel-wafer-biscuit-tunnock-s
UK_0612322001063,0612322001063,Nairn's,Coconut & Chia Oat Biscuits imp,Biscuits,United Kingdom,72.08,52.73,100.0,78.56,https://world.openfoodfacts.org/product/0612322001063/coconut-chia-oat-biscuits-imp-nairn-s
UK_29436156,29436156,Marks & Spencers,Oat Crunch,Plain rolled oats biscuits,United Kingdom,67.48,50.91,100.0,60.15,https://world.openfoodfacts.org/product/29436156/oat-crunch-m-s
UK_5000169051658,5000169051658,Waitrose,Essential waitrose wholewheat biscuits,Breakfast biscuit with cereals fortified with vitamins and chemical elements,United Kingdom,79.77,81.82,,75.0,https://world.openfoodfacts.org/product/5000169051658/essential-waitrose-wholewheat-biscuits
UK_5000168194127,5000168194127,McVitie's,Digestives Dark chocolate,"Digestives covered with chocolate, es:Galletas-de-tipo-digestive",United Kingdom,62.56,34.55,100.0,76.44,https://world.openfoodfacts.org/product/5000168194127/digestives-dark-chocolate-mcvitie-s
UK_5000119014436,5000119014436,Tesco,Water Biscuits,"Biscuits, Crackers (Appetizers)",United Kingdom,70.17,58.18,100.0,55.38,https://world.openfoodfacts.org/product/5000119014436/water-biscuits-tesco
UK_0612322001612,0612322001612,Nairn’s,nairns dark chocolate chip oat biscuits,Chocolate biscuits,United Kingdom,68.87,47.27,100.0,76.17,https://world.openfoodfacts.org/product/0612322001612/dark-chocolate-chip-oat-biscuits-nairn-s
UK_5000168210360,5000168210360,McVitie's,Penguin,"Chocolate biscuits, Chocolate biscuity bars, Barres-chocolatées, Barres-chocolatées-biscuitées, Cacao-et-dérivés, Confiseries-chocolatées, Snacks-sucrés",United Kingdom,60.0,30.91,100.0,72.75,https://world.openfoodfacts.org/product/5000168210360/penguin-mcvitie-s
UK_10595125,10595125,TESCO,Smoked Irish Yellowfin Hake Fillets,Biscuits,United Kingdom,46.68,34.55,,75.0,https://world.openfoodfacts.org/product/10595125/smoked-irish-yellowfin-hake-fillets-tesco
UK_4017100287343,4017100287343,Bahlsen,CHOCO LEIBNIZ Dark,"Dark chocolate biscuits, Biscuit with a chocolate bar covering, Choco Leibniz Dark",United Kingdom,62.96,38.18,100.0,69.36,https://world.openfoodfacts.org/product/4017100287343/choco-leibniz-dark-bahlsen
UK_5000119002402,5000119002402,Tesco,Tesco Malted Milk Biscuits 200G,Biscuits,United Kingdom,63.73,40.0,100.0,68.67,https://world.openfoodfacts.org/product/5000119002402/tesco-malted-milk-biscuits-200g
UK_0612322001841,0612322001841,Nairns,Nairn's Fruit Oatcake,"Biscuits, Fruit biscuits",United Kingdom,73.03,54.55,100.0,78.75,https://world.openfoodfacts.org/product/0612322001841/nairn-s-fruit-oatcake-nairns
UK_5015168000019,5015168000019,Stockan's,Thin Orkney Oatcakes,"Biscuits, Oatcakes",United Kingdom,69.15,45.45,100.0,82.11,https://world.openfoodfacts.org/product/5015168000019/thin-orkney-oatcakes-stockan-s
UK_5010035068383,5010035068383,Fox's,Half-Coated Milk Chocolate Cookies,Milk chocolate biscuits,United Kingdom,58.87,30.91,100.0,67.05,https://world.openfoodfacts.org/product/5010035068383/half-coated-milk-chocolate-cookies-fox-s
UK_5000168036670,5000168036670,McVitie's,Digestives The Original Twin Pack,"Biscuits, Wheatmeal biscuits",United Kingdom,62.67,34.55,100.0,76.96,https://world.openfoodfacts.org/product/5000168036670/digestives-the-original-twin-pack-mcvitie-s
UK_5000169653517,5000169653517,Waitrose,Cinnamon knots,Biscuits,United Kingdom,41.59,27.27,,75.0,https://world.openfoodfacts.org/product/5000169653517/cinnamon-knots-waitrose
UK_7622202037528,7622202037528,LU,le petit cookie,Cookies with milk chocolate,United Kingdom,58.46,29.09,100.0,69.59,https://world.openfoodfacts.org/product/7622202037528/le-petit-cookie-lu
UK_5063334010621,5063334010621,Sainsbury's,Digestives,"Biscuits, Wheatmeal biscuits, Wheatmeal-biscuits",United Kingdom,69.19,50.91,100.0,68.67,https://world.openfoodfacts.org/product/5063334010621/digestives-sainsbury-s
UK_8410376049602,8410376049602,gullón,Digestive biscuits,Biscuit with reduced sugar,United Kingdom,81.37,72.73,100.0,75.0,https://world.openfoodfacts.org/product/8410376049602/sugar-free-digestive-biscuits-gullon
UK_5010035002486,5010035002486,Fox‘s,Party Rings,Biscuits,United Kingdom,62.06,36.36,100.0,69.38,https://world.openfoodfacts.org/product/5010035002486/party-rings-fox-s
UK_5010251920113,5010251920113,Morrisons,Mor Shortbread Fingers 210g,Shortbread,United Kingdom,49.23,38.18,,75.0,https://world.openfoodfacts.org/product/5010251920113/mor-shortbread-fingers-210g-morrisons
UK_4088600108568,4088600108568,Aldi,Crumbly Oaties,Biscuits,United Kingdom,65.99,45.45,100.0,66.35,https://world.openfoodfacts.org/product/4088600108568/crumbly-oaties-aldi
UK_4061463564061,4061463564061,Aldi,Unknown Product,"Biscuits, Water Biscuits",United Kingdom,69.59,67.27,,75.0,https://world.openfoodfacts.org/product/4061463564061/aldi
UK_5063334012359,5063334012359,Sainsbury's,Custard Creams,Biscuits,United Kingdom,64.54,41.82,100.0,68.15,https://world.openfoodfacts.org/product/5063334012359/custard-creams-sainsbury-s
UK_5410126716016,5410126716016,Lotus,Biscoff,Speculoos,United Kingdom,63.54,36.36,100.0,76.8,https://world.openfoodfacts.org/product/5410126716016/biscoff-lotus
UK_4088600108063,4088600108063,Belmont Biscuits,Rich Tea,Biscuits,United Kingdom,64.07,43.64,100.0,61.26,https://world.openfoodfacts.org/product/4088600108063/rich-tea-belmont-biscuits
UK_5060088701690,5060088701690,Nakd,Cashew Cookie Raw Fruit & Nut WholefoodBars,"Biscuits, Cashew nut bars, Energy bars, Fruit based foods (prepared)",United Kingdom,56.86,49.09,,75.0,https://world.openfoodfacts.org/product/5060088701690/cashew-cookie-raw-fruit-nut-wholefoodbars-nakd
UK_5000119003034,5000119003034,Tesco,Custard Creams,Biscuits,United Kingdom,58.55,30.91,100.0,65.46,https://world.openfoodfacts.org/product/5000119003034/custard-creams-tesco
UK_7622210695406,7622210695406,Belvita,Soft Bakes Strawberry Filled,"Biscuits, Fruits cereal bars, nl:Ontbijtkoeken, breakfast-bar",United Kingdom,78.67,69.09,100.0,70.62,https://world.openfoodfacts.org/product/7622210695406/soft-bakes-strawberry-filled-belvita
UK_20319618,20319618,Tower Gate,Oaties,Biscuits,United Kingdom,79.61,72.73,100.0,66.2,https://world.openfoodfacts.org/product/20319618/oaties-tower-gate
UK_5010035167697,5010035167697,Party rings minis Fox’s,Party Rings Mini’s,Biscuits,United Kingdom,60.78,36.36,100.0,62.98,https://world.openfoodfacts.org/product/5010035167697/party-rings-mini-s-party-rings-minis-fox-s
UK_5010035064798,5010035064798,Fox's,Fox's Milk Chocolate Rounds,Biscuit with a chocolate bar covering,United Kingdom,56.24,23.64,100.0,72.08,https://world.openfoodfacts.org/product/5010035064798/fox-s-milk-chocolate-rounds
UK_5000168038780,5000168038780,McVities,Digestives the light one cookies,Biscuits,United Kingdom,81.59,74.55,100.0,71.56,https://world.openfoodfacts.org/product/5000168038780/digestives-the-light-one-cookies-mcvities
UK_5059697744303,5059697744303,Tesco,Digestive,Biscuits,United Kingdom,65.37,43.64,100.0,67.77,https://world.openfoodfacts.org/product/5059697744303/digestive-tesco
UK_29098354,29098354,"Marks & Spencers, Marks & Spencer",Organic all butter Shortbread fingers,"Biscuit with milk, Plain butter shortbreads",United Kingdom,45.41,32.73,,75.0,https://world.openfoodfacts.org/product/29098354/organic-all-butter-shortbread-fingers-marks-spencer
UK_20675554,20675554,Rivercote,Oven Baked Cheese Thins,Biscuits,United Kingdom,65.77,61.82,,75.0,https://world.openfoodfacts.org/product/20675554/oven-baked-cheese-thins-rivercote
UK_5000118203503,5000118203503,POT noodle,Chicken & Mushroom Flavour,"Cereals and their products, Soups, Instant noodles",United Kingdom,80.97,72.73,100.0,73.04,https://world.openfoodfacts.org/product/5000118203503/chicken-mushroom-flavour-pot-noodle
UK_5000354405099,5000354405099,Batchelors,Chicken Noodles,"Cereals and their products, Instant noodles",United Kingdom,73.35,67.27,89.29,64.66,https://world.openfoodfacts.org/product/5000354405099/chicken-noodles-batchelors
UK_5060262485286,5060262485286,Itsu,Rice noodles Satay flavour,Instant noodles,United Kingdom,81.37,72.73,100.0,75.0,https://world.openfoodfacts.org/product/5060262485286/rice-noodles-satay-flavour-itsu
UK_5060262489741,5060262489741,Itsu,Rice noodles chick-n ramen,"Dehydrated soups, Instant noodles",United Kingdom,73.41,72.73,,75.0,https://world.openfoodfacts.org/product/5060262489741/rice-noodles-chick-n-ramen-itsu
UK_5000118203664,5000118203664,KING,POT noodle Chicken & Mushroom flavour,"Meals, Cereals and their products, Instant noodle soups",United Kingdom,78.96,69.09,100.0,72.1,https://world.openfoodfacts.org/product/5000118203664/pot-noodle-chicken-mushroom-flavour-king
UK_00322775,00322775,Sainsbury's,Wholewheat Medium Noodles,"Cereals and their products, Instant noodles",United Kingdom,78.5,80.0,,75.0,https://world.openfoodfacts.org/product/00322775/wholewheat-medium-noodles-sainsbury-s
UK_00322768,00322768,Sainsbury's,Medium Egg Noodles,"Cereals and their products, Egg pastas, Instant noodles",United Kingdom,81.37,72.73,100.0,75.0,https://world.openfoodfacts.org/product/00322768/medium-egg-noodles-sainsbury-s
UK_5060262485309,5060262485309,itsu,Rice noodles chilli miso,Instant noodles,United Kingdom,81.37,72.73,100.0,75.0,https://world.openfoodfacts.org/product/5060262485309/rice-noodles-chilli-miso-itsu
UK_5060262485262,5060262485262,Itsu,Katsu rice noodles cup,"Soups, Instant noodles, Rice Noodles",United Kingdom,56.86,49.09,,75.0,https://world.openfoodfacts.org/product/5060262485262/katsu-rice-noodles-cup-itsu
UK_5997523315535,5997523315535,Cup Noodles,Soba noodle spicy,"Instant noodles, Soba",United Kingdom,80.7,72.73,100.0,71.68,https://world.openfoodfacts.org/product/5997523315535/soba-noodle-spicy-cup-noodles
UK_8851876201549,8851876201549,MAMA,Instant Rice Noodles,"Cereals and their products, Instant noodles",United Kingdom,74.69,74.55,,75.0,https://world.openfoodfacts.org/product/8851876201549/instant-rice-noodles-mama
UK_5056053308667,5056053308667,Yorkshire Provender,Thai Green Chicken Noodles Soup,"Instant noodles, Reheatable soups",United Kingdom,74.81,74.55,,75.42,https://world.openfoodfacts.org/product/5056053308667/thai-green-chicken-noodles-soup-yorkshire-provender
UK_5060960663245,5060960663245,itsu,big'bowl noodles sesame ramen,Instant noodle soups,United Kingdom,70.86,69.09,,75.0,https://world.openfoodfacts.org/product/5060960663245/big-bowl-noodles-sesame-ramen-itsu
UK_5000118203695,5000118203695,King Pot Noodle,pot noodles bombay bad boy,"Cereals and their products, Instant noodles, Chinese noodles",United Kingdom,81.17,72.73,100.0,74.01,https://world.openfoodfacts.org/product/5000118203695/pot-noodles-bombay-bad-boy-king-pot-noodle
UK_5060250611390,5060250611390,Generic,Chicken Ramen Noodles,Dehydrated Asian-style soup with noodles,United Kingdom,70.86,69.09,,75.0,https://world.openfoodfacts.org/product/5060250611390/chicken-ramen-noodles
UK_5052910433244,5052910433244,TESCO,STRAIGHT TO WOK MEDIUM NOODLES,Instant noodles,United Kingdom,84.09,78.18,100.0,75.0,https://world.openfoodfacts.org/product/5052910433244/straight-to-wok-medium-noodles-tesco
UK_5000118203480,5000118203480,Pot Noodle,Original curry flavour,"Cereals and their products, Instant noodles",United Kingdom,81.37,72.73,100.0,75.0,https://world.openfoodfacts.org/product/5000118203480/original-curry-flavour-pot-noodle
UK_5000118203497,5000118203497,Pot Noodle,Pot Noodle Beef & Tomato flavour,"Cereals and their products, Instant noodle soups, Pot noodles",United Kingdom,80.84,72.73,100.0,72.35,https://world.openfoodfacts.org/product/5000118203497/pot-noodle-beef-tomato-flavour
UK_5000354914409,5000354914409,Batchelors,"Super Noodles, Curry Flavour","Dried meals, Instant noodles",United Kingdom,74.0,67.27,87.5,70.56,https://world.openfoodfacts.org/product/5000354914409/super-noodles-curry-flavour-batchelors
UK_5000118203688,5000118203688,King,Pot Noodle Original Curry flavour,"Cereals and their products, Instant noodles, Pot noodles",United Kingdom,80.9,72.73,100.0,72.68,https://world.openfoodfacts.org/product/5000118203688/pot-noodle-original-curry-flavour-king
UK_8712429361106,8712429361106,Nissin,Demae Ramen Spicy,"Instant noodle soups, ramen noodles",United Kingdom,81.37,72.73,100.0,75.0,https://world.openfoodfacts.org/product/8712429361106/demae-ramen-spicy-nissin
UK_5997523315511,5997523315511,Cup Noodles,Soba Wok Style,"Cereals and their products, Pasta dishes, Instant noodles, Chinese noodles",United Kingdom,73.98,60.0,100.0,69.88,https://world.openfoodfacts.org/product/5997523315511/soba-wok-style-cup-noodles
UK_5997523315733,5997523315733,Cup Noodles,Soba Wok Style Yakitori Chicken,"Cereals and their products, Pasta dishes, Instant noodle soups",United Kingdom,77.81,67.27,100.0,70.86,https://world.openfoodfacts.org/product/5997523315733/soba-wok-style-yakitori-chicken-cup-noodles
UK_5997523314804,5997523314804,Nissin,Cup Noodles Teriyaki Chicken,Instant noodles,United Kingdom,66.81,65.45,,70.0,https://world.openfoodfacts.org/product/5997523314804/cup-noodles-teriyaki-chicken-nissin
UK_4056489850878,4056489850878,Newgate - Lidl,Instant Noodles - Chicken Flavour,"Instant noodles, Flavoured dehydrated Asian noodles",United Kingdom,79.54,69.09,100.0,75.0,https://world.openfoodfacts.org/product/4056489850878/instant-noodles-chicken-flavour-newgate-lidl
UK_8722700153276,8722700153276,King,Pot Noodle Beef & Tomato flavour,"Cereals and their products, Instant noodles",United Kingdom,70.13,50.91,100.0,73.37,https://world.openfoodfacts.org/product/8722700153276/pot-noodle-beef-tomato-flavour-king
UK_5997523315559,5997523315559,Nissin,Cup Noodles Soba Wok Style Teriyaki,"Cereals and their products, Dried meals, Instant noodles, Pot noodles",United Kingdom,70.34,52.73,100.0,69.9,https://world.openfoodfacts.org/product/5997523315559/cup-noodles-soba-wok-style-teriyaki-nissin
UK_5997523329013,5997523329013,Nissin,Soba Wok Style Classic,Instant noodles,United Kingdom,74.09,58.18,100.0,75.0,https://world.openfoodfacts.org/product/5997523329013/soba-wok-style-classic-nissin
UK_5997523329037,5997523329037,Nissin,Soba Wok Style Chilli,Instant noodles,United Kingdom,70.69,52.73,100.0,71.63,https://world.openfoodfacts.org/product/5997523329037/soba-wok-style-chilli-nissin
UK_5000118203541,5000118203541,Pot Noodle,Pot Noodle Bombay Bad Boy 90g,"Cereals and their products, Instant noodles, Chinese noodles, Pot noodles",United Kingdom,79.92,70.91,100.0,72.34,https://world.openfoodfacts.org/product/5000118203541/pot-noodle-bombay-bad-boy-90g
UK_8994963002800,8994963002800,indomie,Mi Goreng Fry Noodles,"Frozen foods, Pasta dishes, Instant noodles",United Kingdom,59.18,29.09,100.0,73.19,https://world.openfoodfacts.org/product/8994963002800/mi-goreng-fry-noodles-indomie
UK_4088600215532,4088600215532,Aldi Own Brand,Snack noodle,Instant noodles,United Kingdom,78.31,67.27,100.0,73.38,https://world.openfoodfacts.org/product/4088600215532/snack-noodle-aldi-own-brand
UK_7613036127110,7613036127110,Maggi,Ramen,Instant noodles,United Kingdom,81.45,72.73,100.0,75.42,https://world.openfoodfacts.org/product/7613036127110/ramen-maggi
UK_5000354405105,5000354405105,Batchelors,Super Noodles BBQ Beef Flavour,Instant noodles,United Kingdom,76.57,67.27,100.0,64.67,https://world.openfoodfacts.org/product/5000354405105/super-noodles-bbq-beef-flavour-batchelors
UK_7613035062795,7613035062795,Maggi,Instant Noodles,"Cereals and their products, Instant noodles",United Kingdom,81.37,72.73,100.0,75.0,https://world.openfoodfacts.org/product/7613035062795/instant-noodles-maggi
UK_5023751000308,5023751000308,KO-LEE,Instant Noodles,"Cereals and their products, Instant noodles",United Kingdom,79.54,69.09,100.0,75.0,https://world.openfoodfacts.org/product/5023751000308/instant-noodles-ko-lee
UK_5997523315832,5997523315832,Cup Noodles,Cup Noodles Big Soba Wok Style,"Canned meals, Instant noodles, Chinese noodles",United Kingdom,69.54,49.09,100.0,75.0,https://world.openfoodfacts.org/product/5997523315832/big-soba-wok-stix-chili-cup-noodles
UK_5050665023741,5050665023741,Naked,Thai Sweet Chilli Egg Noodles,"Cereals and their products, Instant noodles",United Kingdom,78.61,69.09,100.0,70.35,https://world.openfoodfacts.org/product/5050665023741/thai-sweet-chilli-egg-noodles-naked
UK_5060250611406,5060250611406,kabuto noodles,chilli chicken ramen noodles imp,"Soups, Instant noodles, Chinese noodles",United Kingdom,70.31,69.09,,73.17,https://world.openfoodfacts.org/product/5060250611406/chilli-chicken-ramen-noodles-imp-kabuto-noodles
UK_8888056708109,8888056708109,Koka,Spicy stir fried noodles,Instant noodles,United Kingdom,80.52,72.73,100.0,70.78,https://world.openfoodfacts.org/product/8888056708109/spicy-stir-fried-noodles-koka
UK_5050665039841,5050665039841,Naked,Naked noodle soup,"Soups, Instant noodles",United Kingdom,66.46,63.64,,73.03,https://world.openfoodfacts.org/product/5050665039841/naked-noodle-soup
UK_5050665048652,5050665048652,Naked,Ultimate noodles naked Japanese style chicken,Instant noodles,United Kingdom,78.27,69.09,100.0,68.63,https://world.openfoodfacts.org/product/5050665048652/ultimate-noodles-naked-japanese-style-chicken
UK_4061459041705,4061459041705,Bramwells,Instant Noodles Chicken Flavour,Instant noodles,United Kingdom,79.49,70.91,100.0,70.19,https://world.openfoodfacts.org/product/4061459041705/instant-noodles-chicken-flavour-bramwells
UK_8712429350407,8712429350407,Nissin,"Demae ramen, sésame","Instant noodle soups, instant noddles",United Kingdom,81.37,72.73,100.0,75.0,https://world.openfoodfacts.org/product/8712429350407/demae-ramen-sesame-nissin
UK_5000354907357,5000354907357,Batchelors,SUPER NOODLES CHICKEN FLAVOUR,Instant noodle soups,United Kingdom,80.66,72.73,100.0,71.5,https://world.openfoodfacts.org/product/5000354907357/super-noodles-chicken-flavour-batchelors
UK_5050665020429,5050665020429,NAKED,CHINESE STYLE CHOW MEIN EGG NOODLES,"Instant noodles, Dried Egg Noodles",United Kingdom,78.63,67.27,100.0,75.0,https://world.openfoodfacts.org/product/5050665020429/chinese-style-chow-mein-egg-noodles-naked
UK_8888056603961,8888056603961,Koka,The Original Curry Flavour,Instant noodles,United Kingdom,60.1,32.73,100.0,68.67,https://world.openfoodfacts.org/product/8888056603961/the-original-curry-flavour-koka
UK_5000175409023,5000175409023,Batchelors,CHICKEN NOODLE,"Instant noodle soups, Insta",United Kingdom,78.24,69.09,100.0,68.5,https://world.openfoodfacts.org/product/5000175409023/chicken-noodle-batchelors
UK_5000354916618,5000354916618,Batchelors,Super Noodles,Instant noodles,United Kingdom,80.85,72.73,100.0,72.41,https://world.openfoodfacts.org/product/5000354916618/super-noodles-batchelors
UK_5997523314934,5997523314934,Nissin,Cup Noodles Curry Katsu Curry,"Cereals and their products, Instant noodles",United Kingdom,66.81,65.45,,70.0,https://world.openfoodfacts.org/product/5997523314934/cup-noodles-curry-katsu-curry-nissin
UK_7613036127097,7613036127097,Maggi,Instant noodles curry flavour,"Cereals and their products, Instant noodles",United Kingdom,74.93,74.55,,75.83,https://world.openfoodfacts.org/product/7613036127097/instant-noodles-curry-flavour-maggi
UK_8888056803606,8888056803606,Koka,Chicken instant noodles,"Cereals and their products, Instant noodles",United Kingdom,59.88,34.55,100.0,63.05,https://world.openfoodfacts.org/product/8888056803606/signature-instant-noodle-chicken-flavor-koka
UK_8888056603862,8888056603862,Koka,The Original Chicken Flavour,"Cereals and their products, Dehydrated soups, Instant noodles, Chinese noodles",United Kingdom,77.7,67.27,100.0,70.33,https://world.openfoodfacts.org/product/8888056603862/the-original-chicken-flavour-koka
UK_5021476000825,5021476000825,Mug Shot,Comforting Chicken & Sweetcorn Noodles,Instant noodles,United Kingdom,78.52,69.09,100.0,69.89,https://world.openfoodfacts.org/product/5021476000825/comforting-chicken-sweetcorn-noodles-mug-shot
UK_8720182414137,8720182414137,Pot Noodle,Pot Noodle Lost the pot Chicken 85g,"Instant noodles, Pot noodles",United Kingdom,79.54,69.09,100.0,75.0,https://world.openfoodfacts.org/product/8720182414137/pot-noodle-lost-the-pot-chicken-85g
UK_8994963002794,8994963002794,Indo Mie,Instant noodles,Instant noodles,United Kingdom,58.64,27.27,100.0,75.0,https://world.openfoodfacts.org/product/8994963002794/instant-noodles-indo-mie
UK_5997523315856,5997523315856,Cup Noodles,Big Soba Wok Style Teriyaki,Instant noodles,United Kingdom,71.36,52.73,100.0,75.0,https://world.openfoodfacts.org/product/5997523315856/big-soba-wok-style-teriyaki-cup-noodles
UK_8888056603015,8888056603015,KOKA,Oriental Instant Noodles Curry Flavor,"Instant noodles, Koka curry noodles, The original curry noodles",United Kingdom,69.18,69.09,,69.38,https://world.openfoodfacts.org/product/8888056603015/oriental-instant-noodles-curry-flavor-koka
UK_5060084349483,5060084349483,The Gym Kitchen,POZT THE GYM KITCHEN FOOD TO FUEL HIGH PROTEIN CHI,Instant noodles,United Kingdom,61.95,56.36,,75.0,https://world.openfoodfacts.org/product/5060084349483/pozt-the-gym-kitchen-food-to-fuel-high-protein-chi
UK_5997523314958,5997523314958,"Cup Noodles, Nissin",Spicy Hot Chilli,Instant noodles,United Kingdom,80.33,72.73,100.0,69.84,https://world.openfoodfacts.org/product/5997523314958/spicy-hot-chilli-cup-noodles
UK_7613035062771,7613035062771,Maggi,3 Minute Instant Curry Flavour Noodles,"Cereals and their products, Instant noodle soups",United Kingdom,79.65,70.91,100.0,70.96,https://world.openfoodfacts.org/product/7613035062771/3-minute-instant-curry-flavour-noodles-maggi
UK_5997523315870,5997523315870,Cup Noodles,Big Soba Yakitori Chicken,"Instant noodles, Chinese noodles, Instant",United Kingdom,59.41,52.73,,75.0,https://world.openfoodfacts.org/product/5997523315870/big-soba-yakitori-chicken-cup-noodles
UK_4061463099143,4061463099143,Bramwells Express,BRAMWELLS Soba EXPRESS Noodles YAKITORI FLAVOUR,Instant noodles,United Kingdom,79.01,74.55,91.67,71.19,https://world.openfoodfacts.org/product/4061463099143/bramwells-soba-express-noodles-yakitori-flavour-bramwells-express
UK_5011673400832,5011673400832,Urban Noodle,Spicy Pho,Instant noodles,United Kingdom,69.36,69.09,,70.0,https://world.openfoodfacts.org/product/5011673400832/spicy-pho-urban-noodle
UK_5061035300270,5061035300270,itsu,chick-n ramen,"Soups, Instant noodles",United Kingdom,70.86,69.09,,75.0,https://world.openfoodfacts.org/product/5061035300270/chick-n-ramen-itsu
UK_4088600260457,4088600260457,Make In Minutes By Aldi,Instant noodles chicken flavour,Instant noodles,United Kingdom,80.5,72.73,100.0,70.69,https://world.openfoodfacts.org/product/4088600260457/instant-noodles-chicken-flavour-make-in-minutes-by-aldi
UK_5059697718687,5059697718687,HEARTY FOOD CO.,CHICKEN FLAVOUR INSTANT NOODLES,Instant noodles,United Kingdom,76.17,69.09,100.0,58.13,https://world.openfoodfacts.org/product/5059697718687/chicken-flavour-instant-noodles-hearty-food-co
UK_5060960661562,5060960661562,Itsu,Crystal noodles sesame glaze,Instant noodles,United Kingdom,69.59,67.27,,75.0,https://world.openfoodfacts.org/product/5060960661562/crystal-noodles-sesame-glaze-itsu
UK_5050665020504,5050665020504,Naked,Cantonese style Hoisin Duck flavour Egg Noodles,Instant noodles,United Kingdom,78.17,69.09,100.0,68.12,https://world.openfoodfacts.org/product/5050665020504/cantonese-style-hoisin-duck-flavour-egg-noodles-naked
UK_8801043021883,8801043021883,Nongshim,Shin Ramyun Noodle Soup,Instant noodle soups,United Kingdom,62.28,34.55,100.0,75.0,https://world.openfoodfacts.org/product/8801043021883/shin-ramyun-noodle-soup-nongshim
UK_8888056603008,8888056603008,NOKA,Chicken Flavor Oriental Instant Noodles,Instant noodles,United Kingdom,59.14,52.73,,74.08,https://world.openfoodfacts.org/product/8888056603008/chicken-flavor-oriental-instant-noodles-noka
UK_5000354914287,5000354914287,Batchelors,Super Noodles Southern Fried Chicken,Instant noodles,United Kingdom,76.61,65.45,100.0,69.42,https://world.openfoodfacts.org/product/5000354914287/super-noodles-southern-fried-chicken-batchelors
UK_5060250611444,5060250611444,Generic,Singapore noodles imp,Instant noodle soups,United Kingdom,69.36,69.09,,70.0,https://world.openfoodfacts.org/product/5060250611444/singapore-noodles-imp
UK_8720182695505,8720182695505,Pot Noodle,DIONS ONLY £1.49* ONLY £1.4 POT noodle CHICKEN & M,Instant noodles,United Kingdom,73.19,74.55,,70.0,https://world.openfoodfacts.org/product/8720182695505/dions-only-1-49-only-1-4-pot-noodle-chicken-m
UK_4088600215549,4088600215549,Generic,Snack Noodles,Instant noodles,United Kingdom,78.61,69.09,100.0,70.33,https://world.openfoodfacts.org/product/4088600215549/snack-noodles
UK_4897878000012,4897878000012,"Nissin, Nissin Demae",出前一丁,"Cereals and their products, Soups, Instant noodle soups",United Kingdom,67.81,47.27,100.0,70.87,https://world.openfoodfacts.org/product/4897878000012/出前一丁-nissin
UK_01854619,01854619,Generic,chicken flavour instant noodles,Instant noodles,United Kingdom,81.37,72.73,100.0,75.0,https://world.openfoodfacts.org/product/01854619/chicken-flavour-instant-noodles
UK_5000354924347,5000354924347,Super noodle,Chicken super noodle,Instant noodles,United Kingdom,69.36,69.09,,70.0,https://world.openfoodfacts.org/product/5000354924347/chicken-super-noodle
UK_5060084349469,5060084349469,The Gym Kitchen,Original Curry High Protein,Instant noodles,United Kingdom,82.28,74.55,100.0,75.0,https://world.openfoodfacts.org/product/5060084349469/original-curry-high-protein-the-gym-kitchen
UK_5050665050105,5050665050105,Mug Shot,Salt And Pepper Chilli Beef Flavour Noodles,Instant noodles,United Kingdom,68.09,67.27,,70.0,https://world.openfoodfacts.org/product/5050665050105/salt-and-pepper-chilli-beef-flavour-noodles-mug-shot
UK_00159326,00159326,Sainsbury's,Quick cook ribbon noodles,"Instant noodles, Ribbon noodles",United Kingdom,85.0,80.0,100.0,75.0,https://world.openfoodfacts.org/product/00159326/quick-cook-ribbon-noodles-sainsbury-s
UK_5024448562307,5024448562307,Tiger Tiger,Ramen Chinese stir-fry noodles,"Instant noodles, Chinese noodles, Egg noodles",United Kingdom,83.18,76.36,100.0,75.0,https://world.openfoodfacts.org/product/5024448562307/ramen-chinese-stir-fry-noodles-tiger-tiger
UK_8720181138720,8720181138720,Pot Noodle,Piro Piri Chicken,"Instant noodles, Pot noodles",United Kingdom,79.29,69.09,100.0,73.72,https://world.openfoodfacts.org/product/8720181138720/piro-piri-chicken-pot-noodle
UK_5000354405013,5000354405013,batchelors,Super Noodles Bacon Flavour,"Cereals and their products, Instant noodles",United Kingdom,74.26,67.27,89.29,69.2,https://world.openfoodfacts.org/product/5000354405013/super-noodles-bacon-flavour-batchelors
UK_8888056708512,8888056708512,Koka®,Oriental Instant Noodles: Vegetable Flavour,"Cereals and their products, Dehydrated soups, Instant noodles, Chinese noodles, fr:Soupes de nouilles",United Kingdom,81.37,72.73,100.0,75.0,https://world.openfoodfacts.org/product/8888056708512/oriental-instant-noodles-vegetable-flavour-koka
UK_5060430292623,5060430292623,Generic,Fresh Thai noodles Thai green,Instant noodles,United Kingdom,71.91,72.73,,70.0,https://world.openfoodfacts.org/product/5060430292623/fresh-thai-noodles-thai-green
UK_8720182443878,8720182443878,Pot Noodle,Pot Noodle Doner Kebab 90g,Instant noodles,United Kingdom,80.17,70.91,100.0,73.58,https://world.openfoodfacts.org/product/8720182443878/pot-noodle-doner-kebab-90g
UK_5059697695803,5059697695803,Hearty Food Co.,Curry Flavour Instant Noodles,Instant noodles,United Kingdom,77.72,65.45,100.0,75.0,https://world.openfoodfacts.org/product/5059697695803/curry-flavour-instant-noodles-hearty-food-co
UK_4088600249223,4088600249223,Aldi Asian Inspired,Thai sweet chilli egg noodles,Instant noodles,United Kingdom,79.17,69.09,100.0,73.12,https://world.openfoodfacts.org/product/4088600249223/thai-sweet-chilli-egg-noodles-aldi-asian-inspired
UK_8720182414120,8720182414120,Lost the Pot Noodle,Chip Shop Curry Flavour Noodles,Instant noodles,United Kingdom,79.54,69.09,100.0,75.0,https://world.openfoodfacts.org/product/8720182414120/chip-shop-curry-flavour-noodles-lost-the-pot-noodle
UK_5060250611437,5060250611437,Generic,Katsu Curry,Instant noodles,United Kingdom,81.37,72.73,100.0,75.0,https://world.openfoodfacts.org/product/5060250611437/katsu-curry
UK_8718114797977,8718114797977,Pot Noodle,Pot Noodle Chinese-Style Sticky Rib Flavour,"Cereals and their products, Instant noodles, Chinese noodles, Pot noodles",United Kingdom,80.88,72.73,100.0,72.59,https://world.openfoodfacts.org/product/8718114797977/pot-noodle-chinese-style-sticky-rib-flavour
UK_8714100272978,8714100272978,King Pot Noodle,Sticky Rib Noodles,"Cereals and their products, Instant noodles",United Kingdom,80.59,72.73,100.0,71.12,https://world.openfoodfacts.org/product/8714100272978/sticky-rib-noodles-king-pot-noodle
UK_4056489353973,4056489353973,Newgate Express,Thai Style Sweet Chilli Noodle Pot,"Instant noodles, Pot noodles",United Kingdom,79.94,70.91,100.0,72.41,https://world.openfoodfacts.org/product/4056489353973/thai-style-sweet-chilli-noodle-pot-newgate-express
UK_5997523314910,5997523314910,"Cup Noodles, Nissin",5 Spices Beef Flavour,Instant noodles,United Kingdom,79.72,72.73,100.0,66.76,https://world.openfoodfacts.org/product/5997523314910/5-spices-beef-flavour-cup-noodles
UK_4061459329506,4061459329506,Asia Special,Ready To Wok Ramen Noodles,Instant noodles,United Kingdom,75.73,78.18,,70.0,https://world.openfoodfacts.org/product/4061459329506/ready-to-wok-ramen-noodles-asia-special
UK_4061463881038,4061463881038,Bramwells Express,Curry Flavour Noodles,Instant noodles,United Kingdom,74.45,76.36,,70.0,https://world.openfoodfacts.org/product/4061463881038/curry-flavour-noodles-bramwells-express
UK_4061463098887,4061463098887,Bramwells,Soba Noodles Chilli Flavour,"Instant noodles, Flavoured Asian noodles, Instant soba, Soba",United Kingdom,70.64,70.91,,70.0,https://world.openfoodfacts.org/product/4061463098887/soba-noodles-chilli-flavour-bramwells
UK_4056489755654,4056489755654,Newgate,Katsu Curry Rice Pot,"Instant noodles, Instant-long-grain-rice-pot, Katsu-curry-rice-pot, Lidl, Newgate",United Kingdom,71.15,70.91,,71.71,https://world.openfoodfacts.org/product/4056489755654/katsu-curry-rice-pot-newgate
UK_9060299485309,9060299485309,Generic,itsu rice noodles chilli miso,Instant noodles,United Kingdom,81.37,72.73,100.0,75.0,https://world.openfoodfacts.org/product/9060299485309/itsu-rice-noodles-chilli-miso
UK_5449000000996,5449000000996,Coca-Cola,Coca-Cola,"Colas, pt:bebidas cafeína",United Kingdom,79.54,69.09,100.0,75.0,https://world.openfoodfacts.org/product/5449000000996/coca-cola
UK_54491472,54491472,Coca-Cola,Cola 0.5,"Colas, Sweetened beverages",United Kingdom,78.1,69.09,100.0,67.77,https://world.openfoodfacts.org/product/54491472/cola-0-5-coca-cola
UK_5449000053879,5449000053879,Coca-Cola,Diet Coke   Top quality,"Diet cola soft drink, Sweetened beverages",United Kingdom,81.37,72.73,100.0,75.0,https://world.openfoodfacts.org/product/5449000053879/diet-coke-top-quality-coca-cola
UK_5449000131805,5449000131805,Coca-Cola,Coca-Cola Zero Azúcar,Diet cola soft drink,United Kingdom,81.37,72.73,100.0,75.0,https://world.openfoodfacts.org/product/5449000131805/coca-cola-zero-azucar
UK_5449000131836,5449000131836,Coca-Cola,Coca-Cola Zero 500ml,Diet cola soft drink,United Kingdom,81.37,72.73,100.0,75.0,https://world.openfoodfacts.org/product/5449000131836/coca-cola-zero-500ml
UK_4060800103307,4060800103307,Pepsi Max,Carbonated Low Calorie Cola Flavoured Soft Drink with Sweeteners,"Diet cola soft drink, Sweetened beverages",United Kingdom,81.37,72.73,100.0,75.0,https://world.openfoodfacts.org/product/4060800103307/carbonated-low-calorie-cola-flavoured-soft-drink-with-sweeteners-pepsi-max
UK_54491496,54491496,Coke,Diet Coke,"Unsweetened beverages, Diet cola soft drink, Sweetened beverages",United Kingdom,81.5,72.73,100.0,75.7,https://world.openfoodfacts.org/product/54491496/diet-coke
UK_87170788,87170788,Pepsi,Pepsi Max 500ml,Diet cola soft drink,United Kingdom,81.37,72.73,100.0,75.0,https://world.openfoodfacts.org/product/87170788/pepsi-max-500ml
UK_87170146,87170146,Pepsi,Pepsi Max Can 330ml,Diet cola soft drink,United Kingdom,81.37,72.73,100.0,75.0,https://world.openfoodfacts.org/product/87170146/pepsi-max-can-330ml
UK_5449000601971,5449000601971,Coca-Cola,Coca-Cola original,"Colas, Sweetened beverages",United Kingdom,79.54,69.09,100.0,75.0,https://world.openfoodfacts.org/product/5449000601971/coca-cola-original
UK_4060800172396,4060800172396,Pepsi,Cherry Cola Flavoured Soft Drink,Diet cola soft drink,United Kingdom,81.37,72.73,100.0,75.0,https://world.openfoodfacts.org/product/4060800172396/cherry-cola-flavoured-soft-drink-pepsi
UK_5449000669902,5449000669902,Coca Cola,Coca Cola Zero Sugar,Diet cola soft drink,United Kingdom,81.37,72.73,100.0,75.0,https://world.openfoodfacts.org/product/5449000669902/coca-cola-zero-sugar
UK_4056489550938,4056489550938,"Freeway, Lidl, Lidl Freeway",Cola XX Sugar Free,Diet cola soft drink,United Kingdom,81.37,72.73,100.0,75.0,https://world.openfoodfacts.org/product/4056489550938/cola-xx-sugar-free-freeway
UK_5449000130389,5449000130389,Coca-Cola,Coca Cola,"Cola with sugar, Sweetened beverages",United Kingdom,79.54,69.09,100.0,75.0,https://world.openfoodfacts.org/product/5449000130389/coca-cola
UK_5000193034559,5000193034559,Dr Pepper,Dr Pepper,"Artificially sweetened beverages, Colas, Sweetened beverages",United Kingdom,81.37,72.73,100.0,75.0,https://world.openfoodfacts.org/product/5000193034559/dr-pepper
UK_9421902090349,9421902090349,Karma Drinks,Karma Cola,"Colas, Sweetened beverages",United Kingdom,68.31,65.45,,75.0,https://world.openfoodfacts.org/product/9421902090349/karma-cola-karma-drinks
UK_54491014,54491014,Coca-Cola Company,Cocacola mini original taste,"Colas, Sweetened beverages",United Kingdom,81.37,72.73,100.0,75.0,https://world.openfoodfacts.org/product/54491014/cocacola-mini-original-taste-coca-cola-company
UK_5029396003292,5029396003292,Fentimans,Curiosity Cola,"Artificially sweetened beverages, Cola with sugar, Sweetened beverages",United Kingdom,80.24,72.73,100.0,69.38,https://world.openfoodfacts.org/product/5029396003292/curiosity-cola-fentimans
UK_4060800166531,4060800166531,"Pepsi, Pepsico",Pepsi Cola - Cherry 2L,"Diet cola soft drink, Sweetened beverages",United Kingdom,81.37,72.73,100.0,75.0,https://world.openfoodfacts.org/product/4060800166531/pepsi-cola-cherry-2l
UK_5449000673039,5449000673039,The Coca-Cola Company,Diet coke Kate Moss,"Diet cola soft drink, Sugar-free colas with artificial sweeteners and without caffeine, Sweetened beverages",United Kingdom,81.37,72.73,100.0,75.0,https://world.openfoodfacts.org/product/5449000673039/diet-coke-kate-moss-the-coca-cola-company
UK_5449000064141,5449000064141,The Coke- Cola Company,Diet Coke,Diet cola soft drink,United Kingdom,81.37,72.73,100.0,75.0,https://world.openfoodfacts.org/product/5449000064141/diet-coke-the-coke-cola-company
UK_5449000214744,5449000214744,Coca-Cola,Coca Cola Cherry Zero Bottle 500ml,Diet cola soft drink,United Kingdom,81.37,72.73,100.0,75.0,https://world.openfoodfacts.org/product/5449000214744/coca-cola-cherry-zero-bottle-500ml
UK_4062139017416,4062139017416,Pepsi,Pepsi 330ml Can,"Colas, Sweetened beverages",United Kingdom,81.37,72.73,100.0,75.0,https://world.openfoodfacts.org/product/4062139017416/pepsi-330ml-can
UK_5449000028921,5449000028921,Coca-Cola,Coca Cola,"Colas, Sweetened beverages",United Kingdom,79.54,69.09,100.0,75.0,https://world.openfoodfacts.org/product/5449000028921/coca-cola
UK_5015672006903,5015672006903,Dr Pepper,Dr Pepper,"Artificially sweetened beverages, Colas, Sweetened beverages",United Kingdom,81.37,72.73,100.0,75.0,https://world.openfoodfacts.org/product/5015672006903/dr-pepper
UK_5449000058386,5449000058386,Coca-Cola,Coca-Cola,"Colas, Sweetened beverages",United Kingdom,79.54,69.09,100.0,75.0,https://world.openfoodfacts.org/product/5449000058386/coca-cola
UK_5449000329691,5449000329691,Coca-Cola,OreoLimited Edition Oreo,"Colas, Diet sodas, Carbonated soft drink without fruit juice without sugar and with artificial sweeteners",United Kingdom,81.37,72.73,100.0,75.0,https://world.openfoodfacts.org/product/5449000329691/oreolimited-edition-oreo-coca-cola
UK_4056489738732,4056489738732,Freeway,Freeway cola xX,"Colas, Carbonated soft drink without fruit juice without sugar and with artificial sweeteners",United Kingdom,81.37,72.73,100.0,75.0,https://world.openfoodfacts.org/product/4056489738732/freeway-cola-xx
UK_5449000239662,5449000239662,Coca-Cola,coca cola zero sugar,Diet cola soft drink,United Kingdom,81.37,72.73,100.0,75.0,https://world.openfoodfacts.org/product/5449000239662/coca-cola-zero-sugar
UK_5060108451734,5060108451734,Fever-Tree,Madagascan Cola,"Fruit sodas, Colas, Sweetened beverages",United Kingdom,80.46,70.91,100.0,75.0,https://world.openfoodfacts.org/product/5060108451734/madagascan-cola-fever-tree
UK_5740700988349,5740700988349,Coca-Cola,Coca-Cola Original Taste,"Colas, Sweetened beverages",United Kingdom,79.54,69.09,100.0,75.0,https://world.openfoodfacts.org/product/5740700988349/coca-cola-original-taste
UK_5052109851446,5052109851446,Tesco,Xero cola,"Artificially sweetened beverages, Colas",United Kingdom,81.37,72.73,100.0,75.0,https://world.openfoodfacts.org/product/5052109851446/xero-cola-tesco
UK_4060800130754,4060800130754,Pepsi Max,Carbonated Low Calorie Cola Flavoured Soft Drink,Diet cola soft drink,United Kingdom,81.37,72.73,100.0,75.0,https://world.openfoodfacts.org/product/4060800130754/carbonated-low-calorie-cola-flavoured-soft-drink-pepsi-max
UK_4062139015108,4062139015108,Pepsi,Pepsi Max,Diet cola soft drink,United Kingdom,81.37,72.73,100.0,75.0,https://world.openfoodfacts.org/product/4062139015108/pepsi-max
UK_4060800178008,4060800178008,Pepsi,Pepsi Max,Diet cola soft drink,United Kingdom,81.37,72.73,100.0,75.0,https://world.openfoodfacts.org/product/4060800178008/pepsi-max
UK_4060800002242,4060800002242,Pepsi,Diet,"Diet cola soft drink, Sweetened beverages",United Kingdom,81.37,72.73,100.0,75.0,https://world.openfoodfacts.org/product/4060800002242/diet-pepsi
UK_87171259,87171259,Pepsi,Pepsi Max Cherry 330ml,"Colas, Diet sodas",United Kingdom,81.37,72.73,100.0,75.0,https://world.openfoodfacts.org/product/87171259/pepsi-max-cherry-330ml
UK_5449000121134,5449000121134,"Coca Cola, Dr Pepper",Dr Pepper Zeroo,"Diet beverages, Colas, Sweetened beverages",United Kingdom,76.87,72.73,85.0,75.0,https://world.openfoodfacts.org/product/5449000121134/dr-pepper-zeroo-coca-cola
UK_9421902090028,9421902090028,Generic,Cola Fairtrade,Colas,United Kingdom,70.86,69.09,,75.0,https://world.openfoodfacts.org/product/9421902090028/cola-fairtrade
UK_4056489010104,4056489010104,Freeway,Cola,"Cola with sugar and artificial sweetener, Diet cola soft drink, Sweetened beverages",United Kingdom,81.37,72.73,100.0,75.0,https://world.openfoodfacts.org/product/4056489010104/cola-freeway
UK_5449000244703,5449000244703,The Coca-Cola Company,Diet Coke No Caffeine,Diet cola soft drink,United Kingdom,81.37,72.73,100.0,75.0,https://world.openfoodfacts.org/product/5449000244703/diet-coke-no-caffeine-the-coca-cola-company
UK_5449000214799,5449000214799,Coca-Cola,Coke Zero,Diet cola soft drink,United Kingdom,81.37,72.73,100.0,75.0,https://world.openfoodfacts.org/product/5449000214799/coke-zero-coca-cola
UK_4060800304803,4060800304803,Pepsi,Pepsi max 0 caffeine,Diet cola soft drink,United Kingdom,81.37,72.73,100.0,75.0,https://world.openfoodfacts.org/product/4060800304803/pepsi-max-0-caffeine
UK_5060499150001,5060499150001,green room brands ltd,green cola,"Artificially sweetened beverages, Colas",United Kingdom,81.37,72.73,100.0,75.0,https://world.openfoodfacts.org/product/5060499150001/green-cola-green-room-brands-ltd
UK_5449000004451,5449000004451,Coca Cola,Diet Coke,Diet cola soft drink,United Kingdom,81.37,72.73,100.0,75.0,https://world.openfoodfacts.org/product/5449000004451/diet-coke-coca-cola
UK_20023027,20023027,Freeway,Cola light,"Unsweetened beverages, Diet cola soft drink",United Kingdom,81.37,72.73,100.0,75.0,https://world.openfoodfacts.org/product/20023027/diet-cola-freeway
UK_5449000154774,5449000154774,Coca Cola,Diet Coke No Caffiene,"Colas, Diet sodas",United Kingdom,81.37,72.73,100.0,75.0,https://world.openfoodfacts.org/product/5449000154774/diet-coke-no-caffiene-coca-cola
UK_5449000123855,5449000123855,"Coca-Cola, Tesco",Diet Coke,Diet cola soft drink,United Kingdom,81.37,72.73,100.0,75.0,https://world.openfoodfacts.org/product/5449000123855/diet-coke-coca-cola
UK_5000112674880,5000112674880,Coca-Cola,Coca Cola,Cola with sugar,United Kingdom,69.36,69.09,,70.0,https://world.openfoodfacts.org/product/5000112674880/coca-cola
UK_4062139020515,4062139020515,Pepsi,Pepsi Max,Diet cola soft drink,United Kingdom,81.37,72.73,100.0,75.0,https://world.openfoodfacts.org/product/4062139020515/pepsi-max
UK_5000112545326,5000112545326,Coca-Cola,Coke Original Taste,"Colas, Sweetened beverages",United Kingdom,79.54,69.09,100.0,75.0,https://world.openfoodfacts.org/product/5000112545326/coke-original-taste-coca-cola
UK_54491076,54491076,Coke,Diet Coke,Diet cola soft drink,United Kingdom,81.37,72.73,100.0,75.0,https://world.openfoodfacts.org/product/54491076/diet-coke
UK_5449000121042,5449000121042,Coca Cola,Dr Pepper Zero,Diet cola soft drink,United Kingdom,81.37,72.73,100.0,75.0,https://world.openfoodfacts.org/product/5449000121042/dr-pepper-zero-coca-cola
UK_01723397,01723397,Sainsbury's,Cola Zero,"Colas, Diet sodas",United Kingdom,73.41,72.73,,75.0,https://world.openfoodfacts.org/product/01723397/cola-zero-sainsbury-s
UK_4060800170064,4060800170064,Pepsi,pepsi max cherry,"Plant-based foods, Diet cola soft drink",United Kingdom,81.37,72.73,100.0,75.0,https://world.openfoodfacts.org/product/4060800170064/pepsi-max-cherry
UK_4060800171122,4060800171122,"Pepsi, Pepsi-Cola",Pepsi max,Diet cola soft drink,United Kingdom,81.37,72.73,100.0,75.0,https://world.openfoodfacts.org/product/4060800171122/pepsi-max
UK_29362899,29362899,Marks & Spencer,Unknown Product,Colas,United Kingdom,71.91,72.73,,70.0,https://world.openfoodfacts.org/product/29362899/marks-spencer
UK_5000112684278,5000112684278,Generic,Coca-Cola Original Taste,Colas,United Kingdom,78.63,67.27,100.0,75.0,https://world.openfoodfacts.org/product/5000112684278/coca-cola-original-taste
UK_5449000133724,5449000133724,Coca-Cola,Coca-Cola Zero,Diet cola soft drink,United Kingdom,81.37,72.73,100.0,75.0,https://world.openfoodfacts.org/product/5449000133724/coca-cola-zero-1-25-ltr
UK_5449000031341,5449000031341,Coca-Cola,Coc Cola Zero 8pk,"Carbonated soft drinks without fruit juice, Diet cola soft drink",United Kingdom,81.37,72.73,100.0,75.0,https://world.openfoodfacts.org/product/5449000031341/coc-cola-zero-8pk-coca-cola
UK_4088600373843,4088600373843,Vive,Zx Cola,Diet cola soft drink,United Kingdom,80.37,72.73,100.0,70.0,https://world.openfoodfacts.org/product/4088600373843/zx-cola-vive
UK_5449000054227,5449000054227,"Coca Cola Life, Coca-Cola",Coca-Cola Original Taste,"Colas, Sweetened beverages",United Kingdom,77.86,69.09,100.0,66.56,https://world.openfoodfacts.org/product/5449000054227/coca-cola-original-taste-coca-cola-life
UK_5060499150964,5060499150964,Generic,Green Cola,Cola with sugar and without caffeine,United Kingdom,81.37,72.73,100.0,75.0,https://world.openfoodfacts.org/product/5060499150964/green-cola
UK_90357473,90357473,Coke ZERO,Cocacola mini zero sugar,Diet cola soft drink,United Kingdom,81.37,72.73,100.0,75.0,https://world.openfoodfacts.org/product/90357473/coca-cola-zero-sugar-coke-zero
UK_4060800134592,4060800134592,"Pepsi, Pepsi-Cola, Pepsico",Pepsi Max Multipack,"Diet cola soft drink, Cola-without-sugar-with-artificial-sweeteners-and-with-caffeine",United Kingdom,81.37,72.73,100.0,75.0,https://world.openfoodfacts.org/product/4060800134592/pepsi-max-multipack-pepsi-cola
UK_8714800004336,8714800004336,"Coca-Cola, Dr Pepper",Dr Pepper,"Colas, Sweetened beverages",United Kingdom,80.46,70.91,100.0,75.0,https://world.openfoodfacts.org/product/8714800004336/dr-pepper
UK_5000128519199,5000128519199,Co-op,Diet Cola,Diet cola soft drink,United Kingdom,81.37,72.73,100.0,75.0,https://world.openfoodfacts.org/product/5000128519199/diet-cola-co-op
UK_5000436777588,5000436777588,Tesco,Diet Cola,Colas,United Kingdom,73.41,72.73,,75.0,https://world.openfoodfacts.org/product/5000436777588/diet-cola-tesco
UK_4060800309112,4060800309112,Pepsi,Pepsi Max Mango,Diet cola soft drink,United Kingdom,81.37,72.73,100.0,75.0,https://world.openfoodfacts.org/product/4060800309112/pepsi-max-mango
UK_4062139015498,4062139015498,Pepsi,Pepsi max,Colas,United Kingdom,71.91,72.73,,70.0,https://world.openfoodfacts.org/product/4062139015498/pepsi-max
UK_29234288,29234288,Marks & Spencer,Cola with Madagascan vanilla,Colas,United Kingdom,81.37,72.73,100.0,75.0,https://world.openfoodfacts.org/product/29234288/cola-with-madagascan-vanilla-marks-spencer
UK_4060800304827,4060800304827,Pepsi,Pepsi max no caffeine,Diet cola soft drink,United Kingdom,81.37,72.73,100.0,75.0,https://world.openfoodfacts.org/product/4060800304827/pepsi-max-no-caffeine
UK_4061459786576,4061459786576,Vive,Original Cola,"Artificially sweetened beverages, Colas, Sweetened beverages",United Kingdom,85.0,80.0,100.0,75.0,https://world.openfoodfacts.org/product/4061459786576/original-cola-vive
UK_5449000294616,5449000294616,Coke,Diet coke,Diet cola soft drink,United Kingdom,81.37,72.73,100.0,75.0,https://world.openfoodfacts.org/product/5449000294616/diet-coke
UK_4061459786583,4061459786583,Vive,Diet Cola,Diet cola soft drink,United Kingdom,71.91,72.73,,70.0,https://world.openfoodfacts.org/product/4061459786583/diet-cola-vive
UK_5057753892302,5057753892302,Tesco,Tesco Diet Cola can,Diet cola soft drink,United Kingdom,81.37,72.73,100.0,75.0,https://world.openfoodfacts.org/product/5057753892302/tesco-diet-cola-can
UK_4062139017355,4062139017355,Pepsi,Pepsi 500ml,Cola with sugar,United Kingdom,81.37,72.73,100.0,75.0,https://world.openfoodfacts.org/product/4062139017355/pepsi-500ml
UK_5449000334251,5449000334251,Dr Pepper,Dr Pepper Cherry Crush Zero Sugar,Colas,United Kingdom,81.37,72.73,100.0,75.0,https://world.openfoodfacts.org/product/5449000334251/dr-pepper-cherry-crush-zero-sugar
UK_4060800309167,4060800309167,Pepsi Max,Pepsi Max Caffeine Free,"Diet cola soft drink, Sugar-free colas with artificial sweeteners and without caffeine",United Kingdom,81.37,72.73,100.0,75.0,https://world.openfoodfacts.org/product/4060800309167/pepsi-max-caffeine-free
UK_5449000000439,5449000000439,Coca-Cola,Coca Cola Original taste,"Cola with sugar, Sweetened beverages",United Kingdom,79.54,69.09,100.0,75.0,https://world.openfoodfacts.org/product/5449000000439/coca-cola
UK_5449000053909,5449000053909,Coca-Cola,Coca-cola diet (UK),Diet cola soft drink,United Kingdom,81.37,72.73,100.0,75.0,https://world.openfoodfacts.org/product/5449000053909/coca-cola-diet-uk
UK_4060800308399,4060800308399,Pepsi,Pepsi,"Artificially sweetened beverages, Colas, Sweetened beverages",United Kingdom,80.46,70.91,100.0,75.0,https://world.openfoodfacts.org/product/4060800308399/pepsi
UK_5449000226457,5449000226457,Coca-Cola,Coca-Cola Zero Sugar Vanilla,Diet cola soft drink,United Kingdom,81.37,72.73,100.0,75.0,https://world.openfoodfacts.org/product/5449000226457/coca-cola-zero-sugar-vanilla
UK_5449000086877,5449000086877,Coca-Cola,Coca-Cola,"Colas, Sweetened beverages",United Kingdom,69.36,69.09,,70.0,https://world.openfoodfacts.org/product/5449000086877/coca-cola
UK_54492790,54492790,Coca-Cola,Cherry,"Colas, Sweetened beverages",United Kingdom,79.54,69.09,100.0,75.0,https://world.openfoodfacts.org/product/54492790/cherry-coca-cola
UK_4060800306982,4060800306982,Pepsi,Pepsi max lime500ml,Diet cola soft drink,United Kingdom,81.37,72.73,100.0,75.0,https://world.openfoodfacts.org/product/4060800306982/pepsi-max-lime500ml
UK_9421902090660,9421902090660,Karma Cola UK Ltd,Karma Cola Sugar Free,"Artificially sweetened beverages, Colas",United Kingdom,79.92,72.73,100.0,67.77,https://world.openfoodfacts.org/product/9421902090660/karma-cola-sugar-free-karma-cola-uk-ltd
UK_4060800177155,4060800177155,Pepsi,Pepsi Max,Diet cola soft drink,United Kingdom,81.37,72.73,100.0,75.0,https://world.openfoodfacts.org/product/4060800177155/pepsi-max
UK_5013665116417,5013665116417,Whole Earth,Organic Cola,"Colas, Sweetened beverages",United Kingdom,73.21,70.91,,78.57,https://world.openfoodfacts.org/product/5013665116417/organic-cola-whole-earth
UK_4060800303356,4060800303356,Pepsi,Pepsi MAX CHERRY,Diet cola soft drink,United Kingdom,81.37,72.73,100.0,75.0,https://world.openfoodfacts.org/product/4060800303356/pepsi-max-cherry
UK_54492134,54492134,"Diet coke, coca cola",Diet coke caffeine free,Diet cola soft drink,United Kingdom,81.37,72.73,100.0,75.0,https://world.openfoodfacts.org/product/54492134/diet-coke-caffeine-free
UK_5010102343382,5010102343382,"Britvic, Tango",Cherry Sugar Free,Diet cola soft drink,United Kingdom,71.91,72.73,,70.0,https://world.openfoodfacts.org/product/5010102343382/cherry-sugar-free-tango
UK_5449000020987,5449000020987,Coca-Cola,Coca-Cola Zero Sugar 25cl,"Unsweetened beverages, Diet cola soft drink",United Kingdom,81.37,72.73,100.0,75.0,https://world.openfoodfacts.org/product/5449000020987/coca-cola-zero-sugar-25cl
UK_5449000060501,5449000060501,Dr Pepper,Dr Pepper 8X330ml ..,Colas,United Kingdom,81.37,72.73,100.0,75.0,https://world.openfoodfacts.org/product/5449000060501/dr-pepper-8x330ml
UK_01723403,01723403,Sainsbury's,Cola,Cola with sugar,United Kingdom,70.64,70.91,,70.0,https://world.openfoodfacts.org/product/01723403/cola-sainsbury-s
UK_5010251594895,5010251594895,Morrisons,Mor Diet Cola 2ltr,Diet cola soft drink,United Kingdom,71.91,72.73,,70.0,https://world.openfoodfacts.org/product/5010251594895/mor-diet-cola-2ltr-morrisons
UK_8437021593167,8437021593167,"COLA GAZA LTD, Palestine House, Qashoo Brothers Group",Cola Gaza,"Cola with sugar, Sweetened beverages",United Kingdom,77.24,70.91,89.29,75.0,https://world.openfoodfacts.org/product/8437021593167/cola-gaza-qashoo-brothers-group
UK_5449000171481,5449000171481,"Coca-Cola, Coke",Diet Coke 4pck,Diet cola soft drink,United Kingdom,71.91,72.73,,70.0,https://world.openfoodfacts.org/product/5449000171481/diet-coke-4pck-coca-cola
UK_5011026005592,5011026005592,Generic,pepsi max,Diet cola soft drink,United Kingdom,73.41,72.73,,75.0,https://world.openfoodfacts.org/product/5011026005592/pepsi-max
UK_3045320094008,3045320094008,Bonne Maman,Strawberry Conserve,"fruits-based-foods, Strawberry jams",United Kingdom,70.46,50.91,100.0,75.0,https://world.openfoodfacts.org/product/3045320094008/strawberry-conserve-bonne-maman
UK_3045320094084,3045320094084,Bonne Maman,Raspberry Conserve,Raspberry jams,United Kingdom,72.28,54.55,100.0,75.0,https://world.openfoodfacts.org/product/3045320094084/raspberry-conserve-bonne-maman
UK_5014271390420,5014271390420,ST DALFOUR,St Dalfour Mermelada de Frambuesa,Jams,United Kingdom,73.18,56.36,100.0,75.0,https://world.openfoodfacts.org/product/5014271390420/raspberry-fruit-spread-st-dalfour
UK_3045320094015,3045320094015,Bonne Maman,Bonne Maman Strawberry And Wild Strawberry 370G,Berry jams,United Kingdom,70.54,49.09,100.0,80.0,https://world.openfoodfacts.org/product/3045320094015/bonne-maman-strawberry-and-wild-strawberry-370g
UK_3045320094053,3045320094053,Bonne Maman,Bitter Orange Fine Sliced Marmalade,Orange jams,United Kingdom,69.08,49.09,100.0,72.67,https://world.openfoodfacts.org/product/3045320094053/bitter-orange-fine-sliced-marmalade-bonne-maman
UK_4088600090849,4088600090849,Aldi,Classic Strawberry,Strawberry jams,United Kingdom,70.9,50.91,100.0,77.24,https://world.openfoodfacts.org/product/4088600090849/classic-strawberry-aldi
UK_5065008402114,5065008402114,Fearne & Rosie,Strawberry Jam,Strawberry jams,United Kingdom,77.44,63.64,100.0,78.12,https://world.openfoodfacts.org/product/5065008402114/strawberry-jam-fearne-rosie
UK_3045320094022,3045320094022,Bonne Maman,Apricot Conserve,"fruits-based-foods, Apricot jams",United Kingdom,70.46,50.91,100.0,75.0,https://world.openfoodfacts.org/product/3045320094022/apricot-conserve-bonne-maman
UK_3045320512823,3045320512823,Bonne Maman,Bonne Maman Black Cherry Conserve 370G,Cherry jams,United Kingdom,70.46,50.91,100.0,75.0,https://world.openfoodfacts.org/product/3045320512823/bonne-maman-black-cherry-conserve-370g
UK_0637793001008,0637793001008,Mackays,Scottish Strawberry Preserve,Strawberry jams,United Kingdom,69.54,49.09,100.0,75.0,https://world.openfoodfacts.org/product/0637793001008/scottish-strawberry-preserve-mackays
UK_3608580968597,3608580968597,Bonne Maman,Reduced sugar raspberry extra jam,Raspberry jams,United Kingdom,75.91,61.82,100.0,75.0,https://world.openfoodfacts.org/product/3608580968597/reduced-sugar-raspberry-extra-jam-bonne-maman
UK_5065008402152,5065008402152,Fearne & Rosie,Raspberry Preserve,Raspberry jams,United Kingdom,80.46,70.91,100.0,75.0,https://world.openfoodfacts.org/product/5065008402152/raspberry-preserve-fearne-rosie
UK_3045320094091,3045320094091,Bonne Maman,Wild Blueberry Conserve,Bilberry jams,United Kingdom,70.46,50.91,100.0,75.0,https://world.openfoodfacts.org/product/3045320094091/wild-blueberry-conserve-bonne-maman
UK_5065008402121,5065008402121,Fearne &rosie,Strawberry jam,Strawberry jams,United Kingdom,77.44,63.64,100.0,78.12,https://world.openfoodfacts.org/product/5065008402121/strawberry-jam-fearne-rosie
UK_3045320094169,3045320094169,Bonne Maman,Bonne Maman Blackcurrant Conserve,Blackcurrant jams,United Kingdom,70.46,50.91,100.0,75.0,https://world.openfoodfacts.org/product/3045320094169/bonne-maman-blackcurrant-conserve
UK_00074742,00074742,"Sainsbury's, Taste the difference",Taste the Difference Raspberry Conserve,"fruits-based-foods, Raspberry jams",United Kingdom,71.36,52.73,100.0,75.0,https://world.openfoodfacts.org/product/00074742/taste-the-difference-raspberry-conserve-sainsbury-s
UK_3608580968580,3608580968580,Bonne Maman,Bonne Maman Strawberry Intense,Strawberry jams,United Kingdom,73.18,56.36,100.0,75.0,https://world.openfoodfacts.org/product/3608580968580/bonne-maman-strawberry-intense
UK_5057753437909,5057753437909,Tesco,Strawberry Seedless Jam,Strawberry jams,United Kingdom,69.54,49.09,100.0,75.0,https://world.openfoodfacts.org/product/5057753437909/strawberry-seedless-jam-tesco
UK_4006424022365,4006424022365,STUTE,Strawberry Extra Jam,"Assorted jams, Strawberry jams",United Kingdom,80.46,70.91,100.0,75.0,https://world.openfoodfacts.org/product/4006424022365/strawberry-extra-jam-stute
UK_5060391624532,5060391624532,Hartley's,Raspberry Seedless,Raspberry jams,United Kingdom,69.54,49.09,100.0,75.0,https://world.openfoodfacts.org/product/5060391624532/raspberry-seedless-hartley-s
UK_5000436288282,5000436288282,Tesco finest,Strawberry Conserve,Strawberry jams,United Kingdom,70.46,50.91,100.0,75.0,https://world.openfoodfacts.org/product/5000436288282/strawberry-conserve-tesco-finest
UK_5060139431545,5060139431545,Bear,Real Fruit Yoyos Strawberry Family Pack,"Jams, Fruit pastes, Dried fruit rolls",United Kingdom,58.14,50.91,,75.0,https://world.openfoodfacts.org/product/5060139431545/real-fruit-yoyos-strawberry-family-pack-bear
UK_0637793000902,0637793000902,MacKays,Seville Orange Marmalade,Orange jams,United Kingdom,69.54,49.09,100.0,75.0,https://world.openfoodfacts.org/product/0637793000902/seville-orange-marmalade-mackays
UK_4056489917908,4056489917908,Lidl Simply,Strawberry Jam,Strawberry jams,United Kingdom,69.54,49.09,100.0,75.0,https://world.openfoodfacts.org/product/4056489917908/strawberry-jam-lidl-simply
UK_00074988,00074988,Sainsbury's,Strawberry Conserve,"fruits-based-foods, Strawberry jams",United Kingdom,69.54,49.09,100.0,75.0,https://world.openfoodfacts.org/product/00074988/strawberry-conserve-sainsbury-s
UK_3608580128397,3608580128397,Bonne Maman,Caramelised Apple Spread,"Apple jams, Caramel spreads",United Kingdom,45.41,32.73,,75.0,https://world.openfoodfacts.org/product/3608580128397/caramelised-apple-spread-bonne-maman
UK_5060391624433,5060391624433,Hartley's,Strawberry Jam,Strawberry jams,United Kingdom,70.43,49.09,100.0,79.42,https://world.openfoodfacts.org/product/5060391624433/strawberry-jam-hartley-s
UK_5014271360423,5014271360423,ST DALFOUR,Orange with concentrated grape and date juices,Berry jams,United Kingdom,73.16,54.55,100.0,79.42,https://world.openfoodfacts.org/product/5014271360423/orange-with-concentrated-grape-and-date-juices-st-dalfour
UK_0043647160010,0043647160010,Wilkin & Sons Ltd,STRAWBERRY PRESERVE,Strawberry jams,United Kingdom,69.54,49.09,100.0,75.0,https://world.openfoodfacts.org/product/0043647160010/strawberry-preserve-wilkin-sons-ltd
UK_3608580968603,3608580968603,Generic,Jam apricot intense - bonne maman,"fruits-based-foods, Apricot jams",United Kingdom,73.18,56.36,100.0,75.0,https://world.openfoodfacts.org/product/3608580968603/jam-apricot-intense-bonne-maman
UK_5060092693813,5060092693813,Stokes,Chilli Jam,"Condiments, Jams, Chilli-jam",United Kingdom,56.86,49.09,,75.0,https://world.openfoodfacts.org/product/5060092693813/chilli-jam-stokes
UK_3045320094114,3045320094114,Bonne Maman,Damson plum conserve,Jams,United Kingdom,70.46,50.91,100.0,75.0,https://world.openfoodfacts.org/product/3045320094114/damson-plum-conserve-bonne-maman
UK_5701116208223,5701116208223,Streamline,Streamline Less Sugar Strawberry Jam,Strawberry jams,United Kingdom,73.18,56.36,100.0,75.0,https://world.openfoodfacts.org/product/5701116208223/streamline-less-sugar-strawberry-jam
UK_3608580128427,3608580128427,Bonne Maman,Bonne Maman Chocolate and Orange Spread,"Citrus jams, fr:Pâtes à tartiner",United Kingdom,70.46,50.91,100.0,75.0,https://world.openfoodfacts.org/product/3608580128427/bonne-maman-chocolate-and-orange-spread
UK_5060391624518,5060391624518,Hartley's,Seedless Strawberry Jam,Strawberry jams,United Kingdom,69.54,49.09,100.0,75.0,https://world.openfoodfacts.org/product/5060391624518/seedless-strawberry-jam-hartley-s
UK_5000436288350,5000436288350,Tesco Finest,Tesco Finest Raspberry Conserve,"Pickles, Berry jams",United Kingdom,70.46,50.91,100.0,75.0,https://world.openfoodfacts.org/product/5000436288350/tesco-finest-raspberry-conserve
UK_5000119002501,5000119002501,Tesco,Strawberry Jam Classic Recipe,"Strawberries, Strawberry jams",United Kingdom,70.46,50.91,100.0,75.0,https://world.openfoodfacts.org/product/5000119002501/strawberry-jam-classic-recipe-tesco
UK_3045320097863,3045320097863,Bonne Maman,Strawberry Conserve,Strawberry jams,United Kingdom,70.46,50.91,100.0,75.0,https://world.openfoodfacts.org/product/3045320097863/strawberry-conserve-bonne-maman
UK_4088600098753,4088600098753,Aldi,Raspberry conserve,Raspberry jams,United Kingdom,71.36,52.73,100.0,75.0,https://world.openfoodfacts.org/product/4088600098753/raspberry-conserve-aldi
UK_3045320094145,3045320094145,Bonne Maman,Berries and Cherries Jam,Berry jams,United Kingdom,71.36,52.73,100.0,75.0,https://world.openfoodfacts.org/product/3045320094145/berries-and-cherries-jam-bonne-maman
UK_5014271300429,5014271300429,St. Dalfour,thick apricot,Apricot jams,United Kingdom,71.34,50.91,100.0,79.42,https://world.openfoodfacts.org/product/5014271300429/thick-apricot-st-dalfour
UK_0637793000995,0637793000995,Mackays,Preserve Scottish Raspberry,Jams,United Kingdom,56.86,49.09,,75.0,https://world.openfoodfacts.org/product/0637793000995/preserve-scottish-raspberry-mackays
UK_5057545734872,5057545734872,Tesco,Strawberry Jam,Strawberry jams,United Kingdom,78.63,67.27,100.0,75.0,https://world.openfoodfacts.org/product/5057545734872/strawberry-jam-tesco
UK_5000436288473,5000436288473,Tesco Finest,Finest Blackcurrant Conserve,Blackcurrant jams,United Kingdom,68.64,47.27,100.0,75.0,https://world.openfoodfacts.org/product/5000436288473/finest-blackcurrant-conserve-tesco-finest
UK_6003770009291,6003770009291,Nando's,Sweet Chilli Jam,"Jams, chilli jam",United Kingdom,71.36,52.73,100.0,75.0,https://world.openfoodfacts.org/product/6003770009291/sweet-chilli-jam-nando-s
UK_5000214020394,5000214020394,Duerr's,Confiture,Orange jams,United Kingdom,60.45,56.36,,70.0,https://world.openfoodfacts.org/product/5000214020394/confiture-duerr-s
UK_01191905,01191905,"Sainsbury's, Sainsbury's SO organic",Strawberry Conserve continental soft set,Strawberry jams,United Kingdom,70.46,50.91,100.0,75.0,https://world.openfoodfacts.org/product/01191905/strawberry-conserve-continental-soft-set-sainsbury-s
UK_5014271330426,5014271330426,ST DALFOUR,Wild Blueberry High Fruit Content Spread,Berry jams,United Kingdom,75.0,60.0,100.0,75.0,https://world.openfoodfacts.org/product/5014271330426/blueberry-st-dalfour
UK_0043647410016,0043647410016,Tiptree,Marmelade D'oranges Et De Mandarines Avec écorce Fine,Orange jams,United Kingdom,69.54,49.09,100.0,75.0,https://world.openfoodfacts.org/product/0043647410016/pure-orange-tangerine-marmalade-tiptree
UK_5054269765397,5054269765397,Tesco,Cranberry Sauce,"Jams, Cranberry sauces",United Kingdom,70.46,50.91,100.0,75.0,https://world.openfoodfacts.org/product/5054269765397/cranberry-sauce-tesco
UK_0637793004931,0637793004931,Mackays,Mackays Seedless Bramble Preserve 340G,Jams,United Kingdom,69.54,49.09,100.0,75.0,https://world.openfoodfacts.org/product/0637793004931/mackays-seedless-bramble-preserve-340g
UK_5057967306596,5057967306596,Tesco Finest,marmalade,"Orange jams, Mamalade",United Kingdom,69.54,49.09,100.0,75.0,https://world.openfoodfacts.org/product/5057967306596/marmalade-tesco-finest
UK_4088600522692,4088600522692,Grandessa,APR 2027 R112 02:35 GRANDESSA Strawberry Jam,Strawberry jams,United Kingdom,70.46,50.91,100.0,75.0,https://world.openfoodfacts.org/product/4088600522692/apr-2027-r112-02-35-grandessa-strawberry-jam
UK_4335619216747,4335619216747,Maribel,Blackcurrant Conserve,Blackcurrant jams,United Kingdom,56.64,50.91,,70.0,https://world.openfoodfacts.org/product/4335619216747/blackcurrant-conserve-maribel
UK_5000169151228,5000169151228,Waitrose,Waitrose Organic Strawberries Preserve,"Strawberry jams, Strawberries jam",United Kingdom,58.14,50.91,,75.0,https://world.openfoodfacts.org/product/5000169151228/waitrose-organic-strawberries-preserve
UK_4088600334608,4088600334608,Specially Selected,Jalapeño Chilli Jam,"Condiments, Jams",United Kingdom,67.55,49.09,100.0,65.03,https://world.openfoodfacts.org/product/4088600334608/jalapeno-chilli-jam-specially-selected
UK_5035660136627,5035660136627,Robertson's,Golden Shredless Marmalade,Orange jams,United Kingdom,69.54,49.09,100.0,75.0,https://world.openfoodfacts.org/product/5035660136627/golden-shredless-marmalade-robertson-s
UK_5000128742283,5000128742283,Co Op,Strawberry jam,Strawberry jams,United Kingdom,69.54,49.09,100.0,75.0,https://world.openfoodfacts.org/product/5000128742283/strawberry-jam-co-op
UK_29078677,29078677,Marks & Spencers,Strawberry conserve,Strawberry jams,United Kingdom,69.54,49.09,100.0,75.0,https://world.openfoodfacts.org/product/29078677/strawberry-conserve-m-s
UK_4061461340384,4061461340384,Aldi,Strawberry Conserve,Strawberry jams,United Kingdom,70.46,50.91,100.0,75.0,https://world.openfoodfacts.org/product/4061461340384/strawberry-conserve-aldi
UK_5000354168567,5000354168567,Hartley's,Custom - Strawberry Jam,Strawberry jams,United Kingdom,69.54,49.09,100.0,75.0,https://world.openfoodfacts.org/product/5000354168567/custom-strawberry-jam-hartley-s
UK_00427616,00427616,Sainsbury's,Chilli jam,Jams,United Kingdom,69.54,49.09,100.0,75.0,https://world.openfoodfacts.org/product/00427616/chilli-jam-sainsbury-s
UK_5019378002351,5019378002351,Tracklements,fresh chilli jam,Jams,United Kingdom,55.59,47.27,,75.0,https://world.openfoodfacts.org/product/5019378002351/fresh-chilli-jam-tracklements
UK_5010251755524,5010251755524,Morrisons,Morrison  strawberry conserve jam,Strawberry jams,United Kingdom,70.46,50.91,100.0,75.0,https://world.openfoodfacts.org/product/5010251755524/morrison-strawberry-conserve-jam-morrisons
UK_0637793002500,0637793002500,"Mackays, Mackdays",The Dundee Orange Marmalade,"Bigarade orange marmelades, Orange jams",United Kingdom,69.54,49.09,100.0,75.0,https://world.openfoodfacts.org/product/0637793002500/the-dundee-orange-marmalade-mackays
UK_00881944,00881944,Simply M&S,Strawberry Jam,Strawberry jams,United Kingdom,70.46,50.91,100.0,75.0,https://world.openfoodfacts.org/product/00881944/strawberry-jam-simply-m-s
UK_5000119450012,5000119450012,Tesco,Seedless Raspberry Jam,Raspberry jams,United Kingdom,70.46,50.91,100.0,75.0,https://world.openfoodfacts.org/product/5000119450012/seedless-raspberry-jam-tesco
UK_0043647190017,0043647190017,"Tiptree, WILKIN & SONS LTD",Raspberry Seedless Jam,"Marmalades, Raspberry jams",United Kingdom,69.54,49.09,100.0,75.0,https://world.openfoodfacts.org/product/0043647190017/raspberry-seedless-jam-wilkin-sons-ltd
UK_50354061,50354061,"Hartley's, Hartley's Best",Hartley jam straw,Strawberry jams,United Kingdom,69.54,49.09,100.0,75.0,https://world.openfoodfacts.org/product/50354061/hartley-jam-straw-hartley-s
UK_00030182,00030182,Sainsbury's taste the difference,Blackcurrant Preserve,"fruits-based-foods, Blackcurrant jams",United Kingdom,72.28,54.55,100.0,75.0,https://world.openfoodfacts.org/product/00030182/blackcurrant-preserve-sainsbury-s-taste-the-difference
UK_00819473,00819473,Marks & Spencer,Raspberry Conserve,Raspberry jams,United Kingdom,70.46,50.91,100.0,75.0,https://world.openfoodfacts.org/product/00819473/raspberry-conserve-marks-spencer
UK_4088600369044,4088600369044,"Aldi, Specially Selected",Rich raspberry conserve,Raspberry jams,United Kingdom,71.36,52.73,100.0,75.0,https://world.openfoodfacts.org/product/4088600369044/rich-raspberry-conserve-specially-selected
UK_4088600098760,4088600098760,Specially Selected,Golden apricot conserve,Apricot jams,United Kingdom,69.54,49.09,100.0,75.0,https://world.openfoodfacts.org/product/4088600098760/golden-apricot-conserve-specially-selected
UK_4061461340438,4061461340438,Aldi,Strawberry Conserve,Strawberry jams,United Kingdom,71.36,52.73,100.0,75.0,https://world.openfoodfacts.org/product/4061461340438/strawberry-conserve-aldi
UK_4061461019419,4061461019419,Aldi,75% Ultimate Fruit Conserve,Jams,United Kingdom,63.0,60.0,,70.0,https://world.openfoodfacts.org/product/4061461019419/75-ultimate-fruit-conserve-aldi
UK_50183364,50183364,"L. Roses & Co ltd, Rose's",Rose's Lemon and lime,"Lemon jams, Orange jams",United Kingdom,69.54,49.09,100.0,75.0,https://world.openfoodfacts.org/product/50183364/rose-s-lemon-and-lime-l-roses-co-ltd
UK_01135459,01135459,Sainsbury's,Strawberry Jam,Strawberry jams,United Kingdom,70.46,50.91,100.0,75.0,https://world.openfoodfacts.org/product/01135459/strawberry-jam-sainsbury-s
UK_4088600479910,4088600479910,Aldi,Strawberry jam,Strawberry jams,United Kingdom,70.46,50.91,100.0,75.0,https://world.openfoodfacts.org/product/4088600479910/strawberry-jam-aldi
UK_4088600438597,4088600438597,"Aldi, Specially Selected",Black cherry conserve,"Cherry jams, Black Cherry Conserve",United Kingdom,69.54,49.09,100.0,75.0,https://world.openfoodfacts.org/product/4088600438597/black-cherry-conserve-aldi
UK_1103086260005,1103086260005,IKEA,"Lingonberry jam, organic","Bilberry jams, Lingonberries jams",United Kingdom,72.28,54.55,100.0,75.0,https://world.openfoodfacts.org/product/1103086260005/lingonberry-jam-organic-ikea
UK_00074896,00074896,Sainsbury's,Apricot conserve,Apricot jams,United Kingdom,69.54,49.09,100.0,75.0,https://world.openfoodfacts.org/product/00074896/apricot-conserve-sainsbury-s
UK_1105729420005,1105729420005,IKEA,Sylt Lingon,Lingonberries jams,United Kingdom,72.28,54.55,100.0,75.0,https://world.openfoodfacts.org/product/1105729420005/sylt-lingon-ikea
UK_00847957,00847957,Marks & Spencer,Marmelade d'oranges de Seville,Orange jams,United Kingdom,70.46,50.91,100.0,75.0,https://world.openfoodfacts.org/product/00847957/seville-orange-marmalade-marks-spencer
UK_29077243,29077243,Marks & Spencer,Apricot jam,Apricot jams,United Kingdom,69.54,49.09,100.0,75.0,https://world.openfoodfacts.org/product/29077243/apricot-jam-marks-spencer
UK_5057967306619,5057967306619,Tesco,Unknown Product,Citrus jams,United Kingdom,69.54,49.09,100.0,75.0,https://world.openfoodfacts.org/product/5057967306619/tesco
UK_00457651,00457651,Sainsbury's,seedless,Strawberry jams,United Kingdom,69.54,49.09,100.0,75.0,https://world.openfoodfacts.org/product/00457651/seedless-sainsbury-s
UK_4061461898519,4061461898519,Everyday Essentials,Strawberry Jam,Strawberry jams,United Kingdom,68.85,49.09,100.0,71.52,https://world.openfoodfacts.org/product/4061461898519/strawberry-jam-everyday-essentials
UK_4088600116983,4088600116983,Aldi,Strawberry Jam,Strawberry jams,United Kingdom,70.46,50.91,100.0,75.0,https://world.openfoodfacts.org/product/4088600116983/strawberry-jam-aldi
UK_5060391629513,5060391629513,Hartley's,Strawberry Jam,Strawberry jams,United Kingdom,69.54,49.09,100.0,75.0,https://world.openfoodfacts.org/product/5060391629513/strawberry-jam-hartley-s
UK_50354078,50354078,Hartley's,Seedless Best of Raspberry,Raspberry jams,United Kingdom,69.54,49.09,100.0,75.0,https://world.openfoodfacts.org/product/50354078/seedless-best-of-raspberry-hartley-s
UK_00176415,00176415,Sainsbury's,Confiture de framboises (Seedless raspberry jam),Raspberry jams,United Kingdom,70.46,50.91,100.0,75.0,https://world.openfoodfacts.org/product/00176415/confiture-de-framboises-seedless-raspberry-jam-sainsbury-s
UK_00819626,00819626,Marks & Spencer,Strawberry conserve,"fruits-based-foods, Strawberry jams",United Kingdom,69.54,49.09,100.0,75.0,https://world.openfoodfacts.org/product/00819626/strawberry-conserve-marks-spencer
UK_01206234,01206234,Sainsbury's,Raspberry conserve,Raspberry jams,United Kingdom,71.36,52.73,100.0,75.0,https://world.openfoodfacts.org/product/01206234/raspberry-conserve-sainsbury-s
UK_00390125,00390125,Marks & Spencers,British Elsanta Strawberry Jam,Strawberry jams,United Kingdom,70.46,50.91,100.0,75.0,https://world.openfoodfacts.org/product/00390125/british-elsanta-strawberry-jam-marks-spencers
UK_3045320505535,3045320505535,Bonne Maman,Raspberry conserve,Berry jams,United Kingdom,70.46,50.91,100.0,75.0,https://world.openfoodfacts.org/product/3045320505535/raspberry-conserve-bonne-maman
UK_5057172824540,5057172824540,Asda,Raspberry conserve,Raspberry jams,United Kingdom,70.8,50.91,100.0,76.7,https://world.openfoodfacts.org/product/5057172824540/raspberry-conserve-asda
UK_4088600098777,4088600098777,Aldi Specially Selected,Blackcurrant conserve,Blackcurrant jams,United Kingdom,57.91,52.73,,70.0,https://world.openfoodfacts.org/product/4088600098777/blackcurrant-conserve-aldi-specially-selected
UK_0043647130013,0043647130013,"Tiptree, Wilkin & Sons",Pure Raspberry Jam,Raspberry jams,United Kingdom,72.28,54.55,100.0,75.0,https://world.openfoodfacts.org/product/0043647130013/pure-raspberry-jam-tiptree
UK_5000169151266,5000169151266,Waitrose,Duchy Organic Raspberry Preserve Extra Jam,Berry jams,United Kingdom,69.73,49.09,100.0,75.93,https://world.openfoodfacts.org/product/5000169151266/duchy-organic-raspberry-preserve-extra-jam-waitrose
UK_5000436288459,5000436288459,Tesco,Finest Apricot Conserve,Apricot jams,United Kingdom,69.75,49.09,100.0,76.02,https://world.openfoodfacts.org/product/5000436288459/finest-apricot-conserve-tesco
UK_7622201693916,7622201693916,PHILADELPHIA,Full fat soft cheese,"Cheese spreads, Cream cheeses",United Kingdom,67.72,45.45,100.0,75.0,https://world.openfoodfacts.org/product/7622201693916/full-fat-soft-cheese-philadelphia
UK_7622201695521,7622201695521,PHILADELPHIA,PHILADELPHIA ORIGINAL,"Cheese spreads, Cream cheeses",United Kingdom,67.72,45.45,100.0,75.0,https://world.openfoodfacts.org/product/7622201695521/philadelphia-original
UK_5057967395132,5057967395132,"TESCO, Tesco",FULL FAT SOFT CHEESE,"Cream cheeses, Full Fat Soft Cheese",United Kingdom,56.86,49.09,,75.0,https://world.openfoodfacts.org/product/5057967395132/full-fat-soft-cheese-tesco
UK_5000295142893,5000295142893,Cathedral City,Our Mature Cheddar,Cheddar cheese,United Kingdom,45.41,32.73,,75.0,https://world.openfoodfacts.org/product/5000295142893/our-mature-cheddar-cathedral-city
UK_3073780918763,3073780918763,Babybel,Mini Original,Cheeses,United Kingdom,47.95,36.36,,75.0,https://world.openfoodfacts.org/product/3073780918763/mini-original-babybel
UK_5000187130946,5000187130946,Strings & Things,Cheestrings,String cheeses,United Kingdom,63.18,36.36,100.0,75.0,https://world.openfoodfacts.org/product/5000187130946/cheestrings-strings-things
UK_20994945,20994945,Milbona,Natural Cottage Cheese,"Cow cheeses, Fresh cheeses, Cottage cheeses",United Kingdom,75.95,76.36,,75.0,https://world.openfoodfacts.org/product/20994945/natural-cottage-cheese-milbona
UK_01504972,01504972,Sainsbury's,Full Fat Soft Cheese,Cream cheeses,United Kingdom,55.59,47.27,,75.0,https://world.openfoodfacts.org/product/01504972/full-fat-soft-cheese-sainsbury-s
UK_4088600046648,4088600046648,Emporium,Soft Cheese Original,"Cream cheeses, es:Ultraprocesado",United Kingdom,67.72,45.45,100.0,75.0,https://world.openfoodfacts.org/product/4088600046648/soft-cheese-original-emporium
UK_5000157146342,5000157146342,Heinz,"HEINZ TOMATO, GRANA PADANO & MASCARPONE PASTA SAUCE","Pasta sauces, Tomato sauces, Mascarpone",United Kingdom,65.77,61.82,,75.0,https://world.openfoodfacts.org/product/5000157146342/heinz-tomato-grana-padano-mascarpone-pasta-sauce
UK_5057545878798,5057545878798,Creamfields,Soft Cheese Smooth & Tasty,Cream cheeses,United Kingdom,56.86,49.09,,75.0,https://world.openfoodfacts.org/product/5057545878798/soft-cheese-smooth-tasty-creamfields
UK_7622201693954,7622201693954,Philadelphia,Light Philadelphia,"Cheese spreads, Cream cheeses",United Kingdom,77.72,65.45,100.0,75.0,https://world.openfoodfacts.org/product/7622201693954/light-philadelphia
UK_3073780828628,3073780828628,Babehel,Babybel Mini Original,Cow cheeses,United Kingdom,47.95,36.36,,75.0,https://world.openfoodfacts.org/product/3073780828628/babybel-mini-original-babehel
UK_5000295141599,5000295141599,Cathedral City,OUR EXTRA MATURE CHEDDAR,Extra-mature cheddar,United Kingdom,45.41,32.73,,75.0,https://world.openfoodfacts.org/product/5000295141599/our-extra-mature-cheddar-cathedral-city
UK_5000295145054,5000295145054,Cathedral City,Our Mature Cheddar,Mature cheddar,United Kingdom,45.41,32.73,,75.0,https://world.openfoodfacts.org/product/5000295145054/our-mature-cheddar-cathedral-city
UK_5010578008020,5010578008020,Longley Farm,YORKSHIRE COTTAGE CHEESE NATURAL,Plain cottage cheeses,United Kingdom,69.59,67.27,,75.0,https://world.openfoodfacts.org/product/5010578008020/yorkshire-cottage-cheese-natural-longley-farm
UK_5060360508733,5060360508733,Danone,Icelandic Style Strained Yoghurt,"Cheeses, Plain skyrs",United Kingdom,79.77,81.82,,75.0,https://world.openfoodfacts.org/product/5060360508733/icelandic-style-strained-yoghurt-danone
UK_5000181039580,5000181039580,Arla Skyr,Icelandic Style Yogurt,"Yogurts, Skyrs, Cream cheeses",United Kingdom,78.5,80.0,,75.0,https://world.openfoodfacts.org/product/5000181039580/icelandic-style-yogurt-arla-skyr
UK_5025840005195,5025840005195,Graham's,Cottage Cheese,"Cheese spreads, Plain cottage cheeses",United Kingdom,73.41,72.73,,75.0,https://world.openfoodfacts.org/product/5025840005195/cottage-cheese-graham-s
UK_5000187130908,5000187130908,Strings & Things,Cheestrings,Cheeses for kids,United Kingdom,81.37,72.73,100.0,75.0,https://world.openfoodfacts.org/product/5000187130908/cheestrings-strings-things
UK_01810325,01810325,Sainsbury's,Natural Cottage Cheese,"Fresh cheeses, Cheese spreads, Cottage cheeses",United Kingdom,47.95,36.36,,75.0,https://world.openfoodfacts.org/product/01810325/natural-cottage-cheese-sainsbury-s
UK_5057008762893,5057008762893,Tesco,Cottage Cheese,"Cheese spreads, Plain cottage cheeses",United Kingdom,78.5,80.0,,75.0,https://world.openfoodfacts.org/product/5057008762893/cottage-cheese-tesco
UK_3073781081909,3073781081909,Babybel,Light Mini,Cheeses,United Kingdom,53.05,43.64,,75.0,https://world.openfoodfacts.org/product/3073781081909/light-mini-babybel
UK_01178395,01178395,Sainsbury's,Greek PDO feta cheese,Feta,United Kingdom,58.14,50.91,,75.0,https://world.openfoodfacts.org/product/01178395/greek-pdo-feta-cheese-sainsbury-s
UK_8721800400884,8721800400884,Leerdammer,Light,"Cow cheeses, Leerdammer",United Kingdom,44.14,30.91,,75.0,https://world.openfoodfacts.org/product/8721800400884/light-mild-nutty-leerdammer
UK_5000295148154,5000295148154,Cathedral City,Extra Mature Cheddar,Extra-mature cheddar,United Kingdom,45.41,32.73,,75.0,https://world.openfoodfacts.org/product/5000295148154/extra-mature-cheddar-cathedral-city
UK_00370950,00370950,Stamford Street Co.,Soft Cheese,Uncured soft cheese spreadable with around 20% fat,United Kingdom,55.59,47.27,,75.0,https://world.openfoodfacts.org/product/00370950/soft-cheese-stamford-street-co
UK_4056489861744,4056489861744,Milbona (Lidl),full fat soft cheese,Soft cheeses with bloomy rind,United Kingdom,54.31,45.45,,75.0,https://world.openfoodfacts.org/product/4056489861744/full-fat-soft-cheese-milbona-lidl
UK_8721800400808,8721800400808,Leerdammer,Original,"Cow cheeses, Cheeses of the Netherlands",United Kingdom,47.95,36.36,,75.0,https://world.openfoodfacts.org/product/8721800400808/original-leerdammer
UK_7622201693930,7622201693930,Philadelphia,Lightest,"Spreadable fats, Animal fats, Cheese spreads, Cream cheeses",United Kingdom,80.46,70.91,100.0,75.0,https://world.openfoodfacts.org/product/7622201693930/protein-cream-cheese-philadelphia
UK_7622201694104,7622201694104,Philadelphia,Light Philadelphia,"Cheese spreads, Cream cheeses",United Kingdom,71.36,52.73,100.0,75.0,https://world.openfoodfacts.org/product/7622201694104/light-philadelphia
UK_20775995,20775995,Milbona,Halloumi Mild & Salty,Halloumi,United Kingdom,44.14,30.91,,75.0,https://world.openfoodfacts.org/product/20775995/halloumi-mild-salty-milbona
UK_3073780225960,3073780225960,Babybel,Mini Original,"Fresh foods, Cow cheeses, French cheeses, Pasteurized cheeses, Industrial cheese",United Kingdom,70.86,69.09,,75.0,https://world.openfoodfacts.org/product/3073780225960/mini-original-babybel
UK_3023290018354,3023290018354,Nestlé LINDAHLs,KVARG RASPBERRY FLAVOURED,"Dairy desserts, Quarks, Cream cheeses",United Kingdom,79.77,81.82,,75.0,https://world.openfoodfacts.org/product/3023290018354/kvarg-raspberry-flavoured-nestle-lindahls
UK_00208000,00208000,Sainsbury's,fat free NATURAL COTTAGE CHEESE,"Fresh cheeses, Cottage cheeses",United Kingdom,78.5,80.0,,75.0,https://world.openfoodfacts.org/product/00208000/fat-free-natural-cottage-cheese-sainsbury-s
UK_3341502000110,3341502000110,Saint Agur,Blue,"Cow cheeses, French blue-veined cheeses",United Kingdom,44.14,30.91,,75.0,https://world.openfoodfacts.org/product/3341502000110/blue-saint-agur
UK_20103354,20103354,Lidl,SOFT CHEESE,"Fresh cheeses, Pasteurized cheeses, Cheese spreads, pt:Queijos frescos para barrar",United Kingdom,75.91,61.82,100.0,75.0,https://world.openfoodfacts.org/product/20103354/soft-cheese-lidl
UK_4016241030580,4016241030580,Skyr,Skyr fat free strawberry yogurt,"Fruit yogurts, Skyrs, Cream cheeses",United Kingdom,78.5,80.0,,75.0,https://world.openfoodfacts.org/product/4016241030580/skyr-fat-free-strawberry-yogurt
UK_5202390013836,5202390013836,Violife,Supreme Creamy,"Cheese substitutes, Cheese spreads",United Kingdom,65.0,40.0,100.0,75.0,https://world.openfoodfacts.org/product/5202390013836/supreme-creamy-violife
UK_4056489896364,4056489896364,Lidl,Low Fat Cottage Cheese,"Cheese spreads, Plain cottage cheeses",United Kingdom,78.5,80.0,,75.0,https://world.openfoodfacts.org/product/4056489896364/low-fat-cottage-cheese-lidl
UK_20103286,20103286,Milbona,Full Fat Soft Cheese,"Fresh cheeses, Pasteurized cheeses, Cheese spreads, Full Fat Soft Cheese, pt:Queijos frescos para barrar",United Kingdom,67.72,45.45,100.0,75.0,https://world.openfoodfacts.org/product/20103286/full-fat-soft-cheese-milbona
UK_5057753127275,5057753127275,Creamfields,LOW FAT COTTAGE CHEESE,"Fresh cheeses, Cottage cheeses",United Kingdom,67.05,63.64,,75.0,https://world.openfoodfacts.org/product/5057753127275/low-fat-cottage-cheese-creamfields
UK_7622201694777,7622201694777,PHILADELPHIA,GARLIC & HERBS,"Soft cheeses, Cheese spreads",United Kingdom,70.46,50.91,100.0,75.0,https://world.openfoodfacts.org/product/7622201694777/garlic-herbs-philadelphia
UK_4056489159988,4056489159988,Valley Spire,Mature Cheddar,Cheddar cheese,United Kingdom,41.59,27.27,,75.0,https://world.openfoodfacts.org/product/4056489159988/mature-cheddar-valley-spire
UK_4056489159995,4056489159995,Valley Spire,"British Extra Mature Cheddar, Strength 5",Cheddar cheese,United Kingdom,45.41,32.73,,75.0,https://world.openfoodfacts.org/product/4056489159995/british-extra-mature-cheddar-strength-5-valley-spire
UK_5000462979826,5000462979826,Tesco,Mozzarella Grated,Mozzarella,United Kingdom,49.23,38.18,,75.0,https://world.openfoodfacts.org/product/5000462979826/mozzarella-grated-tesco
UK_29145270,29145270,Marks & Spencer,Original Creamy Soft Cheese,"Cheeses, Fresh cream cheese with cow's milk",United Kingdom,55.59,47.27,,75.0,https://world.openfoodfacts.org/product/29145270/original-creamy-soft-cheese-marks-spencer
UK_01810387,01810387,Sainsbury's,lighter SOFT CHEESE,"Cheese spreads, Cream cheeses",United Kingdom,67.05,63.64,,75.0,https://world.openfoodfacts.org/product/01810387/lighter-soft-cheese-sainsbury-s
UK_3236240070313,3236240070313,Paysan Breton,Cream Cheese,"Cheese spreads, Cream cheeses",United Kingdom,51.77,41.82,,75.0,https://world.openfoodfacts.org/product/3236240070313/cream-cheese-paysan-breton
UK_5000295141612,5000295141612,Cathedral City,Our Lighter Mature Cheddar,Mature cheddar,United Kingdom,47.95,36.36,,75.0,https://world.openfoodfacts.org/product/5000295141612/our-lighter-mature-cheddar-cathedral-city
UK_5057967395033,5057967395033,TESCO,Soft Cheese,Cheese spreads,United Kingdom,69.59,67.27,,75.0,https://world.openfoodfacts.org/product/5057967395033/soft-cheese-tesco
UK_5900531007019,5900531007019,PIĄTNICA,Serek Wiejski wysokobiałkowy,"Fresh cheeses, Cheese spreads, Cottage cheeses",United Kingdom,77.23,78.18,,75.0,https://world.openfoodfacts.org/product/5900531007019/cottage-cheese-high-protein-piątnica
UK_4088600100432,4088600100432,Emporium,Cottage Cheese Natural,"Fresh cheeses, Cottage cheeses",United Kingdom,74.69,74.55,,75.0,https://world.openfoodfacts.org/product/4088600100432/cottage-cheese-natural-emporium
UK_20024727,20024727,"Milbona, Chêne d'argent",French Brie,"Bries, Pasteurized cheeses",United Kingdom,49.23,38.18,,75.0,https://world.openfoodfacts.org/product/20024727/french-brie-milbona
UK_4088600100449,4088600100449,Emporium,Fat free cottage cheese natural,Plain cottage cheeses,United Kingdom,78.5,80.0,,75.0,https://world.openfoodfacts.org/product/4088600100449/fat-free-cottage-cheese-natural-emporium
UK_5057753909536,5057753909536,Tesco,"Mature Cheddar, Strength 3",Mature cheddar,United Kingdom,45.41,32.73,,75.0,https://world.openfoodfacts.org/product/5057753909536/mature-cheddar-strength-3-tesco
UK_4088600046662,4088600046662,EMPORIUM,Reduced Fat Soft Cheese,Cheeses,United Kingdom,76.82,63.64,100.0,75.0,https://world.openfoodfacts.org/product/4088600046662/reduced-fat-soft-cheese-emporium
UK_5000295157408,5000295157408,Cathedral City,Mature Cheddar Flavour,"Cheese substitutes, Cheddar cheese",United Kingdom,65.0,40.0,100.0,75.0,https://world.openfoodfacts.org/product/5000295157408/mature-cheddar-flavour-cathedral-city
UK_3023290025338,3023290025338,Nestlé LINDAHL'S,KVARG STRACCIATELLA,"Fermented dairy desserts with fruits, Chocolate desserts, Quarks, Cream cheeses",United Kingdom,85.91,81.82,100.0,75.0,https://world.openfoodfacts.org/product/3023290025338/kvarg-stracciatella-nestle-lindahl-s
UK_5052449483161,5052449483161,Asda,ORIGINAL CREAMY SOFT CHEESE,Cheese spreads,United Kingdom,55.59,47.27,,75.0,https://world.openfoodfacts.org/product/5052449483161/original-creamy-soft-cheese-asda
UK_3023290018415,3023290018415,Lindahls,Kvarg,"Yogurts, Cream cheeses",United Kingdom,85.91,81.82,100.0,75.0,https://world.openfoodfacts.org/product/3023290018415/kvarg-lindahls
UK_4061462555282,4061462555282,Emporium,Greek Feta,"Feta, Feta-type cheese",United Kingdom,44.14,30.91,,75.0,https://world.openfoodfacts.org/product/4061462555282/greek-feta-emporium
UK_5051140455736,5051140455736,TESCO,FETA,"sheep's-milk cheeses, Feta",United Kingdom,48.45,34.55,,80.89,https://world.openfoodfacts.org/product/5051140455736/feta-tesco
UK_5057545828847,5057545828847,Tesco,Mozzarella,Mozzarella,United Kingdom,68.64,47.27,100.0,75.0,https://world.openfoodfacts.org/product/5057545828847/mozzarella-tesco
UK_5900531000010,5900531000010,PIĄTNICA,SEREK WIEJSKI,"Cheese spreads, Plain cottage cheeses",United Kingdom,70.86,69.09,,75.0,https://world.openfoodfacts.org/product/5900531000010/serek-wiejski-piątnica
UK_5038961002318,5038961002318,Yamas,Greek Feta,Feta,United Kingdom,46.68,34.55,,75.0,https://world.openfoodfacts.org/product/5038961002318/greek-feta-yamas
UK_5057373126719,5057373126719,Tesco,Halloumi,Halloumi,United Kingdom,44.14,30.91,,75.0,https://world.openfoodfacts.org/product/5057373126719/halloumi-tesco
UK_01729313,01729313,Sainsbury's,Cypriot Halloumi,Halloumi,United Kingdom,44.14,30.91,,75.0,https://world.openfoodfacts.org/product/01729313/cypriot-halloumi-sainsbury-s
UK_5000295109094,5000295109094,Cathedral City,Mini Mature Cheddar,Mature cheddar,United Kingdom,45.41,32.73,,75.0,https://world.openfoodfacts.org/product/5000295109094/mini-mature-cheddar-cathedral-city
UK_5000169247266,5000169247266,Essential Waitrose & Partners,Soft Cheese,Cheeses,United Kingdom,54.31,45.45,,75.0,https://world.openfoodfacts.org/product/5000169247266/soft-cheese-essential-waitrose-partners
UK_4061459179002,4061459179002,Emporium,Cypriot Halloumi,Halloumi,United Kingdom,44.14,30.91,,75.0,https://world.openfoodfacts.org/product/4061459179002/cypriot-halloumi-emporium
UK_4061459769906,4061459769906,Aldi,British Mature Cheddar,Cheddar cheese,United Kingdom,45.41,32.73,,75.0,https://world.openfoodfacts.org/product/4061459769906/british-mature-cheddar-aldi
UK_5025840003689,5025840003689,Grahams,Quark,"Cream cheeses, Fat free plain Petit-Suisse",United Kingdom,79.77,81.82,,75.0,https://world.openfoodfacts.org/product/5025840003689/quark-grahams
UK_3073781160031,3073781160031,The Laughing Cow,Creamy Spreadable Cheese Light,Cheese spreads,United Kingdom,70.46,50.91,100.0,75.0,https://world.openfoodfacts.org/product/3073781160031/creamy-spreadable-cheese-light-the-laughing-cow
UK_5057753902384,5057753902384,Tesco,Extra Mature Cheddar,Extra-mature cheddar,United Kingdom,45.41,32.73,,75.0,https://world.openfoodfacts.org/product/5057753902384/extra-mature-cheddar-tesco
UK_5038961001144,5038961001144,Tranos,Greek Feta,"sheep's-milk cheeses, Feta",United Kingdom,49.34,34.55,,83.84,https://world.openfoodfacts.org/product/5038961001144/greek-feta-tranos
UK_01304893,01304893,Sainsbury's,Mozzarella,Mozzarella,United Kingdom,61.36,32.73,100.0,75.0,https://world.openfoodfacts.org/product/01304893/mozzarella-sainsbury-s
UK_20428761,20428761,Valley Spire,Ser cheddar w plastrach,Cheddar cheese,United Kingdom,45.41,32.73,,75.0,https://world.openfoodfacts.org/product/20428761/british-mature-cheddar-slices-valley-spire
UK_4056489720164,4056489720164,"Milbona, Lidl",Ricotta,Ricotta,United Kingdom,79.54,69.09,100.0,75.0,https://world.openfoodfacts.org/product/4056489720164/ricotta-milbona
UK_4056489028772,4056489028772,Milbona,Young Gouda,"Cheeses of the Netherlands, Young Goudas",United Kingdom,46.68,34.55,,75.0,https://world.openfoodfacts.org/product/4056489028772/young-gouda-milbona
UK_01222685,01222685,Sainsbury's,Gouda Slices,"Cheeses of the Netherlands, Gouda",United Kingdom,47.95,36.36,,75.0,https://world.openfoodfacts.org/product/01222685/gouda-slices-sainsbury-s
UK_4088600258775,4088600258775,Everyday Essentials,LOW FAT COTTAGE CHEESE,"Fresh cheeses, Cheese spreads, Cottage cheeses",United Kingdom,84.09,78.18,100.0,75.0,https://world.openfoodfacts.org/product/4088600258775/low-fat-cottage-cheese-everyday-essentials
UK_5010578008068,5010578008068,Longley Farm,Fat Free Natural Cottage Cheese,Plain cottage cheeses,United Kingdom,75.95,76.36,,75.0,https://world.openfoodfacts.org/product/5010578008068/fat-free-natural-cottage-cheese-longley-farm
UK_3228023190042,3228023190042,Seriously,Seriously,Cheese spreads,United Kingdom,63.18,36.36,100.0,75.0,https://world.openfoodfacts.org/product/3228023190042/seriously
UK_4061462510809,4061462510809,Emporium,Greek Feta,"sheep's-milk cheeses, Feta, Feta-type cheese",United Kingdom,44.14,30.91,,75.0,https://world.openfoodfacts.org/product/4061462510809/greek-feta-emporium
UK_4056489896661,4056489896661,Valley spire,Mozzarella Slices,Mozzarella,United Kingdom,50.27,41.82,,70.0,https://world.openfoodfacts.org/product/4056489896661/mozzarella-slices-valley-spire
UK_5057967013869,5057967013869,Creamfields,Mature Cheddar,Cheddar cheese,United Kingdom,45.41,32.73,,75.0,https://world.openfoodfacts.org/product/5057967013869/mature-cheddar-creamfields
UK_01644432,01644432,Sainsbury's,Parmigiano Reggiano D.O.P,Parmigiano-Reggiano,United Kingdom,47.95,36.36,,75.0,https://world.openfoodfacts.org/product/01644432/parmigiano-reggiano-d-o-p-sainsbury-s
UK_01483246,01483246,SAINSBURY'S STANDARD STREET CO.,MOZZARELLA CHEESE BALL,"Pasteurized cheeses, Cow mozzarella",United Kingdom,67.72,45.45,100.0,75.0,https://world.openfoodfacts.org/product/01483246/mozzarella-cheese-ball-sainsbury-s-standard-street-co
UK_4061462209802,4061462209802,Emporium,Grana Padano PDO Cheese,Grana Padano,United Kingdom,63.18,36.36,100.0,75.0,https://world.openfoodfacts.org/product/4061462209802/grana-padano-pdo-cheese-emporium
UK_5010525189680,5010525189680,Morrisons,Soft Cheese,Cream cheeses,United Kingdom,55.59,47.27,,75.0,https://world.openfoodfacts.org/product/5010525189680/soft-cheese-morrisons
UK_5054268932646,5054268932646,Tesco,Quark,"Cream cheeses, Plain quarks",United Kingdom,79.77,81.82,,75.0,https://world.openfoodfacts.org/product/5054268932646/quark-tesco
UK_4061464320642,4061464320642,Everyday Essentials,Greek Style Salad Cheese,"Feta-type cheese, Chee",United Kingdom,50.5,40.0,,75.0,https://world.openfoodfacts.org/product/4061464320642/greek-style-salad-cheese-everyday-essentials
UK_4056489221678,4056489221678,Deluxe,Cheddar Vintage crunchy 52 %,Cow cheeses,United Kingdom,45.41,32.73,,75.0,https://world.openfoodfacts.org/product/4056489221678/vintage-cheddar-deluxe
UK_5052909824848,5052909824848,Tesco,Cottage cheese,"Cheese spreads, Plain cottage cheeses",United Kingdom,73.41,72.73,,75.0,https://world.openfoodfacts.org/product/5052909824848/cottage-cheese-tesco
UK_5051140449377,5051140449377,Tesco,Parmigiano Reggiano,Parmigiano-Reggiano,United Kingdom,46.68,34.55,,75.0,https://world.openfoodfacts.org/product/5051140449377/parmigiano-reggiano-tesco
UK_01697063,01697063,Sainsbury's,Mature British Cheddar,Mature cheddar,United Kingdom,44.14,30.91,,75.0,https://world.openfoodfacts.org/product/01697063/mature-british-cheddar-sainsbury-s
UK_50513024,50513024,Saint Agur,Blue Crème,Cheese spreads,United Kingdom,64.09,38.18,100.0,75.0,https://world.openfoodfacts.org/product/50513024/blue-creme-saint-agur
UK_5000169252086,5000169252086,Waitrose,Duchy Organic Soft Cheese,"Cheeses, Butters",United Kingdom,55.59,47.27,,75.0,https://world.openfoodfacts.org/product/5000169252086/duchy-organic-soft-cheese-waitrose
UK_5057545828885,5057545828885,Creamfields,French Brie,"Bries, Pasteurized cheeses",United Kingdom,49.23,38.18,,75.0,https://world.openfoodfacts.org/product/5057545828885/french-brie-creamfields
UK_3415581101928,3415581101928,Häagen-Dazs,Vanilla Ice Cream,Vanilla ice cream tubs,United Kingdom,51.77,41.82,,75.0,https://world.openfoodfacts.org/product/3415581101928/vanilla-ice-cream-haagen-dazs
UK_5012262004011,5012262004011,Mackie's of Scotland,Traditional Dairy Ice Cream,Ice creams,United Kingdom,69.3,50.91,100.0,69.23,https://world.openfoodfacts.org/product/5012262004011/traditional-dairy-ice-cream-mackie-s-of-scotland
UK_5010238020355,5010238020355,Kelly's,Cornish Clotted Cream,"Creams, Ice cream tubs, Ice cream in a box",United Kingdom,66.77,47.27,100.0,65.68,https://world.openfoodfacts.org/product/5010238020355/cornish-clotted-cream-kelly-s
UK_8711327529793,8711327529793,Carte d'Or,Madagascan Vanilla,Vanilla ice cream tubs,United Kingdom,68.91,50.91,100.0,67.27,https://world.openfoodfacts.org/product/8711327529793/madagascan-vanilla-carte-d-or
UK_8714100590430,8714100590430,"Wall's, miko",Swedish Glace dairy-free smooth Vanilla,"Plant-based foods, Ice creams",United Kingdom,70.12,54.55,100.0,64.25,https://world.openfoodfacts.org/product/8714100590430/swedish-glace-dairy-free-smooth-vanilla-miko
UK_3415581113921,3415581113921,Häagen-Dazs,Belgian Chocolate Ice Cream,Chocolate ice cream tubs,United Kingdom,66.82,43.64,100.0,75.0,https://world.openfoodfacts.org/product/3415581113921/belgian-chocolate-ice-cream-haagen-dazs
UK_00393645,00393645,"Sainsbury's, Taste the difference",Taste the Difference vanilla ice cream,Ice cream tubs,United Kingdom,55.59,47.27,,75.0,https://world.openfoodfacts.org/product/00393645/taste-the-difference-vanilla-ice-cream
UK_3415581114928,3415581114928,Häagen-Dazs,Salted Caramel Ice Cream,Ice cream tubs,United Kingdom,62.67,38.18,100.0,67.89,https://world.openfoodfacts.org/product/3415581114928/salted-caramel-ice-cream-haagen-dazs
UK_5000169595336,5000169595336,Waitrose,Organic Vanilla Ice Cream,Vanilla ice cream tubs,United Kingdom,56.86,49.09,,75.0,https://world.openfoodfacts.org/product/5000169595336/organic-vanilla-ice-cream-waitrose
UK_5036589250838,5036589250838,Yeo Valley,Vanilla Ice Cream,Ice creams,United Kingdom,73.41,72.73,,75.0,https://world.openfoodfacts.org/product/5036589250838/vanilla-ice-cream-yeo-valley
UK_3415581105926,3415581105926,Häagen-Dazs,Strawberries & Cream Ice Cream,Ice cream tubs,United Kingdom,54.31,45.45,,75.0,https://world.openfoodfacts.org/product/3415581105926/strawberries-cream-ice-cream-haagen-dazs
UK_5012262004516,5012262004516,Mackie's of Scotland,Honeycomb Real Dairy Ice Cream,Ice creams,United Kingdom,68.44,50.91,100.0,64.93,https://world.openfoodfacts.org/product/5012262004516/honeycomb-real-dairy-ice-cream-mackie-s-of-scotland
UK_8711327373013,8711327373013,Ben & Jerry's,Phish food,"Ice cream tubs, Luxury ice cream in a cup",United Kingdom,65.8,43.64,100.0,69.92,https://world.openfoodfacts.org/product/8711327373013/phish-food-ben-jerry-s
UK_3415581176025,3415581176025,Häagen-Dazs,Strawberry Cheesecake Ice Cream,Ice cream tubs,United Kingdom,65.0,40.0,100.0,75.0,https://world.openfoodfacts.org/product/3415581176025/strawberry-cheesecake-ice-cream-haagen-dazs
UK_4056489977681,4056489977681,Lidl,Deluxe Madagascar Vanilla Ice Cream,Ice cream tubs,United Kingdom,51.77,41.82,,75.0,https://world.openfoodfacts.org/product/4056489977681/deluxe-madagascar-vanilla-ice-cream-lidl
UK_5057967164523,5057967164523,Tesco,Finest Madagascan Vanilla Ice Cream,Vanilla ice cream tubs,United Kingdom,66.81,45.45,100.0,70.43,https://world.openfoodfacts.org/product/5057967164523/finest-madagascan-vanilla-ice-cream-tesco
UK_5012262004028,5012262004028,Mackie's of Scotland,Traditional Real Dairy Ice Cream,Ice cream tubs,United Kingdom,68.82,49.09,100.0,71.36,https://world.openfoodfacts.org/product/5012262004028/traditional-real-dairy-ice-cream-mackie-s-of-scotland
UK_8711327637696,8711327637696,Ben & Jerry's,Cookie Dough,Ice cream tubs,United Kingdom,65.91,41.82,100.0,75.0,https://world.openfoodfacts.org/product/8711327637696/cookie-dough-ben-jerry-s
UK_5060081113735,5060081113735,Jude's,Vanilla Clotted Ice Cream,Ice cream tubs,United Kingdom,74.09,60.0,100.0,70.43,https://world.openfoodfacts.org/product/5060081113735/vanilla-clotted-ice-cream-jude-s
UK_8712566291144,8712566291144,Wall's,Soft scoop,Vanilla ice cream tubs,United Kingdom,69.88,52.73,100.0,67.59,https://world.openfoodfacts.org/product/8712566291144/soft-scoop-wall-s
UK_3415581152920,3415581152920,"Häagen-Dazs, Isdalen AS",Cookies & Cream Ice Cream,Ice cream tubs,United Kingdom,65.91,41.82,100.0,75.0,https://world.openfoodfacts.org/product/3415581152920/cookies-cream-ice-cream-haagen-dazs
UK_5056285800151,5056285800151,Halo Top,Gooey Brownie Ice Cream,Ice creams,United Kingdom,76.04,63.64,100.0,71.08,https://world.openfoodfacts.org/product/5056285800151/gooey-brownie-ice-cream-halo-top
UK_5000169263594,5000169263594,Waitrose,Madagascan Vanilla Ice Cream,Ice cream tubs,United Kingdom,51.77,41.82,,75.0,https://world.openfoodfacts.org/product/5000169263594/madagascan-vanilla-ice-cream-waitrose
UK_3415581153026,3415581153026,Häagen-Dazs,Häagen Dazs pralines cream,Ice cream tubs,United Kingdom,63.33,38.18,100.0,71.19,https://world.openfoodfacts.org/product/3415581153026/haagen-dazs-pralines-cream
UK_5029728010004,5029728010004,Askeys,Classic Cones With Sweetener,Ice cream cones,United Kingdom,79.4,70.91,100.0,69.72,https://world.openfoodfacts.org/product/5029728010004/classic-cones-with-sweetener-askeys
UK_5026646000452,5026646000452,Kelly’s,100 ml/51 g Anergi 501 k KELLY'S CRAFTED IN CORNWA,Ice creams,United Kingdom,66.31,49.09,100.0,58.84,https://world.openfoodfacts.org/product/5026646000452/100-ml-51-g-anergi-501-k-kelly-s-crafted-in-cornwa
UK_5026646020702,5026646020702,Kelly's of Cornwall,Dairy Vanilla,"Ice cream in a box, Vanilla ice cream tubs",United Kingdom,75.21,65.45,100.0,62.41,https://world.openfoodfacts.org/product/5026646020702/dairy-vanilla-kelly-s-of-cornwall
UK_8711327574991,8711327574991,Magnum,Magnum,Ice cream bars,United Kingdom,58.86,29.09,100.0,71.55,https://world.openfoodfacts.org/product/8711327574991/magnum
UK_00393638,00393638,"Sainsbury's, Sainsbury's Taste The Difference",Belgian Chocolate Ice Cream,"Ice creams, Icecream",United Kingdom,56.82,23.64,100.0,75.0,https://world.openfoodfacts.org/product/00393638/belgian-chocolate-ice-cream-sainsbury-s-taste-the-difference
UK_5000159560764,5000159560764,Mars,Mars Ice Cream,Ice creams,United Kingdom,64.97,41.82,100.0,70.28,https://world.openfoodfacts.org/product/5000159560764/mars-ice-cream
UK_5063334007737,5063334007737,Sainsbury's,strawberry's and clotted cream ice cream,Ice cream tubs,United Kingdom,71.36,52.73,100.0,75.0,https://world.openfoodfacts.org/product/5063334007737/strawberry-s-and-clotted-cream-ice-cream-sainsbury-s
UK_5010525354125,5010525354125,Morrisons,Madagascan Vanilla Ice Cream,Vanilla ice cream tubs,United Kingdom,54.09,47.27,,70.0,https://world.openfoodfacts.org/product/5010525354125/madagascan-vanilla-ice-cream-morrisons
UK_3415581520927,3415581520927,Häagen-Dazs,Fruit Collection,Ice cream tubs,United Kingdom,67.72,45.45,100.0,75.0,https://world.openfoodfacts.org/product/3415581520927/fruit-collection-haagen-dazs
UK_8711327318373,8711327318373,Walls,Cornetto Eis,Vanilla ice cream cones,United Kingdom,66.52,43.64,100.0,73.52,https://world.openfoodfacts.org/product/8711327318373/cornetto-eis-walls
UK_4056489223368,4056489223368,"Bon Gelati, Lidl, Lidl Bon Gelati",Eis Mandel 6er Pack,Vanilla ice cream bars coated with milk chocolate and almonds,United Kingdom,64.67,40.0,100.0,73.36,https://world.openfoodfacts.org/product/4056489223368/eis-mandel-6er-pack-bon-gelati
UK_5036589253419,5036589253419,Yeo Valley,Frozen kefir strawberry,"Fermented milk drinks, Ice creams",United Kingdom,80.46,70.91,100.0,75.0,https://world.openfoodfacts.org/product/5036589253419/frozen-kefir-strawberry-yeo-valley
UK_5000169263587,5000169263587,Waitrose,Colombian coffee ice cream,Ice cream tubs,United Kingdom,66.82,43.64,100.0,75.0,https://world.openfoodfacts.org/product/5000169263587/colombian-coffee-ice-cream-waitrose
UK_29141586,29141586,Marks & Spencer,West Country Pistachio Luxury Ice Cream,Ice creams,United Kingdom,54.31,45.45,,75.0,https://world.openfoodfacts.org/product/29141586/west-country-pistachio-luxury-ice-cream-marks-spencer
UK_8711327576957,8711327576957,Twister,Twister Mini,"Ice creams, Plant-based ice creams",United Kingdom,78.57,69.09,100.0,70.14,https://world.openfoodfacts.org/product/8711327576957/twister-mini
UK_5060002043981,5060002043981,Booja Booja,Chocolate Salted Caramel,Ice cream tubs,United Kingdom,65.77,61.82,,75.0,https://world.openfoodfacts.org/product/5060002043981/chocolate-salted-caramel-booja-booja
UK_8711327575011,8711327575011,Magnum,White Chocolate Ice Cream,Vanilla ice cream bars coated with white chocolate,United Kingdom,63.98,40.0,100.0,69.9,https://world.openfoodfacts.org/product/8711327575011/white-chocolate-ice-cream-magnum
UK_5060392490006,5060392490006,Generic,Ice cream,Ice creams,United Kingdom,75.96,63.64,100.0,70.68,https://world.openfoodfacts.org/product/5060392490006/ice-cream
UK_5059697752025,5059697752025,Tesco Finest,Roasted Pistachio Ice Cream,Ice creams,United Kingdom,64.27,61.82,,70.0,https://world.openfoodfacts.org/product/5059697752025/roasted-pistachio-ice-cream-tesco-finest
UK_8711327534001,8711327534001,Unilever,Delightful Strawberry,Ice creams,United Kingdom,70.67,52.73,100.0,71.52,https://world.openfoodfacts.org/product/8711327534001/delightful-strawberry-unilever
UK_8711327611757,8711327611757,Magnum,Magnum Almond,Vanilla ice cream bars coated with milk chocolate and almonds,United Kingdom,64.1,40.0,100.0,70.52,https://world.openfoodfacts.org/product/8711327611757/magnum-almond
UK_3415581165920,3415581165920,Häagen-Dazs,Häagen-Dazs MANGO & RASPBERRY,Ice creams,United Kingdom,53.05,43.64,,75.0,https://world.openfoodfacts.org/product/3415581165920/haagen-dazs-mango-raspberry
UK_5060392490099,5060392490099,Remeo,REMEO Gelato Stracciatella di Bergamo,Stracciatella ice cream tubs,United Kingdom,74.37,60.0,100.0,71.83,https://world.openfoodfacts.org/product/5060392490099/remeo-gelato-stracciatella-di-bergamo
UK_4088600320991,4088600320991,Mccallums,Salted Caramel ice cream,Ice creams,United Kingdom,73.19,74.55,,70.0,https://world.openfoodfacts.org/product/4088600320991/salted-caramel-ice-cream-mccallums
UK_4061462778940,4061462778940,Gianni’s,Peanut Ice Cream,Ice cream tubs,United Kingdom,81.09,74.55,100.0,69.08,https://world.openfoodfacts.org/product/4061462778940/peanut-ice-cream-gianni-s
UK_3415584409922,3415584409922,Hagen Das,Blueberry Ice Cream,Ice creams,United Kingdom,77.72,65.45,100.0,75.0,https://world.openfoodfacts.org/product/3415584409922/blueberry-ice-cream-hagen-das
UK_4056489223351,4056489223351,"BON Gelati, Gelatelli, Lidl Bon Gelati",Mini Mix Classic,Ice cream bars coated with chocolate,United Kingdom,64.09,38.18,100.0,75.0,https://world.openfoodfacts.org/product/4056489223351/ice-cream-mini-mix-bon-gelati
UK_4088600007304,4088600007304,Aldi,Giannis Real Diary Ice Cream Traditional,Ice creams,United Kingdom,71.58,58.18,100.0,62.44,https://world.openfoodfacts.org/product/4088600007304/giannis-real-diary-ice-cream-traditional-aldi
UK_8714100083529,8714100083529,Swedish Glace,Delightful raspberry,"Plant-based ice creams, Berries ice cream tubs",United Kingdom,69.38,52.73,100.0,65.07,https://world.openfoodfacts.org/product/8714100083529/delightful-raspberry-swedish-glace
UK_5010238020133,5010238020133,Kelly’s,Raspberry ripple,Ice creams,United Kingdom,57.91,52.73,,70.0,https://world.openfoodfacts.org/product/5010238020133/raspberry-ripple-kelly-s
UK_5060081112639,5060081112639,Generic,Little Jude's milk lollies,"Frozen yogurts, Ice cream bar variety packs",United Kingdom,78.63,67.27,100.0,75.0,https://world.openfoodfacts.org/product/5060081112639/little-jude-s-milk-lollies
UK_5060392490075,5060392490075,Remei,Remeo gelato Pistacchio Siciliano,Ice cream tubs,United Kingdom,76.88,65.45,100.0,70.78,https://world.openfoodfacts.org/product/5060392490075/remeo-gelato-pistacchio-siciliano-remei
UK_5060198645716,5060198645716,Crosta & Mollica,Gelato,Ice cream tubs,United Kingdom,71.35,56.36,100.0,65.86,https://world.openfoodfacts.org/product/5060198645716/gelato-crosta-mollica
UK_5012262009931,5012262009931,Mackie's of Scotland,Raspberry ripple imp,Ice cream tubs,United Kingdom,70.45,52.73,100.0,70.43,https://world.openfoodfacts.org/product/5012262009931/raspberry-ripple-imp-mackie-s-of-scotland
UK_8711327534322,8711327534322,Carte D'or,Carte D'or Indulgent Chocolate Ice Cream,Chocolate ice cream tubs,United Kingdom,68.95,50.91,100.0,67.48,https://world.openfoodfacts.org/product/8711327534322/carte-d-or-indulgent-chocolate-ice-cream
UK_4088600105871,4088600105871,Gianni's,Milk lollies,Ice creams,United Kingdom,77.01,65.45,100.0,71.4,https://world.openfoodfacts.org/product/4088600105871/milk-lollies-gianni-s
UK_8711327534377,8711327534377,Carte d'Or,Refreshing Mint Choc Chip,Ice cream tubs,United Kingdom,68.58,49.09,100.0,70.16,https://world.openfoodfacts.org/product/8711327534377/refreshing-mint-choc-chip-carte-d-or
UK_5000159560795,5000159560795,Snickers,Nutrition Information Energy Portions per pack: 4,Ice creams,United Kingdom,63.72,38.18,100.0,73.13,https://world.openfoodfacts.org/product/5000159560795/nutrition-information-energy-portions-per-pack-4-snickers
UK_3415581162929,3415581162929,Häagen-Dazs,Dulce de leche,Ice cream tubs,United Kingdom,64.09,38.18,100.0,75.0,https://world.openfoodfacts.org/product/3415581162929/dulce-de-leche-haagen-dazs
UK_00454230,00454230,"Sainsbury's, Sainsbury's Taste the Difference",Iced Coffee Ice Cream,Ice creams,United Kingdom,68.64,47.27,100.0,75.0,https://world.openfoodfacts.org/product/00454230/iced-coffee-ice-cream-sainsbury-s-taste-the-difference
UK_4335619016576,4335619016576,Bon Gelati,mimum; matière sèche issue du lait 14% minimum. Pe,"Plant-based ice creams, Ice cream bars",United Kingdom,63.34,38.18,100.0,71.24,https://world.openfoodfacts.org/product/4335619016576/mimum-matiere-seche-issue-du-lait-14-minimum-pe-bon-gelati
UK_4061459440140,4061459440140,Gianni's,EXOTIC FRUIT LOLLIES,Ice creams,United Kingdom,75.09,61.82,100.0,70.89,https://world.openfoodfacts.org/product/4061459440140/exotic-fruit-lollies-gianni-s
UK_4061461116408,4061461116408,G (Aldi),Almond Magnum,Ice cream bars,United Kingdom,50.27,41.82,,70.0,https://world.openfoodfacts.org/product/4061461116408/almond-magnum-g-aldi
UK_5036589252399,5036589252399,Yeo Valley,Mint Choc Chip Ice Cream,Ice creams,United Kingdom,64.5,60.0,,75.0,https://world.openfoodfacts.org/product/5036589252399/mint-choc-chip-ice-cream-yeo-valley
UK_5052910791283,5052910791283,Tesco,Vagla Ice Cream,Ice creams,United Kingdom,66.53,47.27,100.0,64.48,https://world.openfoodfacts.org/product/5052910791283/vagla-ice-cream-tesco
UK_40875125,40875125,Bon Gelati,Premium Bourbon - Dairy ice cream,Vanilla ice cream tubs,United Kingdom,66.4,43.64,100.0,72.88,https://world.openfoodfacts.org/product/40875125/bourbon-vanilla-glace-lidl-bon-gelati
UK_5060081116255,5060081116255,Jude's,Madagascan Vanilla,Ice cream tubs,United Kingdom,73.88,60.0,100.0,69.41,https://world.openfoodfacts.org/product/5060081116255/madagascan-vanilla-jude-s
UK_12136500,12136500,Häagen-Dazs,Glace Manguo &raspberry,Ice cream tubs,United Kingdom,51.55,43.64,,70.0,https://world.openfoodfacts.org/product/12136500/glace-manguo-raspberry-haagen-dazs
UK_5060081114039,5060081114039,little Jude's,fruit lolly,Ice creams,United Kingdom,79.54,69.09,100.0,75.0,https://world.openfoodfacts.org/product/5060081114039/fruit-lolly-little-jude-s
UK_5000169528655,5000169528655,Waitrose,Santo Domingo Chocolate Ice Cream,"Ice creams, Chocolate ice creams",United Kingdom,64.09,38.18,100.0,75.0,https://world.openfoodfacts.org/product/5000169528655/santo-domingo-chocolate-ice-cream-waitrose
UK_5060198645365,5060198645365,Crosta & Mollica,& CROSTA MOLLICA PISTACHIO & ALMOND TARTUFI 2 GELA,"Ice creams, Tartufo",United Kingdom,54.09,47.27,,70.0,https://world.openfoodfacts.org/product/5060198645365/crosta-mollica-pistachio-almond-tartufi-2-gela
UK_5056285800175,5056285800175,"Brand of Brothers, Halo Top",Ice Cream,"Ice cream tubs, Ice cream in a box",United Kingdom,76.42,63.64,100.0,73.01,https://world.openfoodfacts.org/product/5056285800175/ice-cream-brand-of-brothers
UK_5060002044001,5060002044001,Booja-Booja,Cookie Dough (Special Edition),"Ice creams, Plant-based ice creams, Vegan",United Kingdom,63.98,58.18,,77.53,https://world.openfoodfacts.org/product/5060002044001/cookie-dough-special-edition-booja-booja
UK_4088600096155,4088600096155,"Aldi, giannis",Cones MINT&CHOCOLATE,Chocolate-Mint ice cream cones,United Kingdom,66.45,45.45,100.0,68.62,https://world.openfoodfacts.org/product/4088600096155/cones-mint-chocolate-giannis
UK_8711327635555,8711327635555,guuud,Greek Style Yoghurt Ice Cream,Ice cream bars,United Kingdom,69.36,69.09,,70.0,https://world.openfoodfacts.org/product/8711327635555/greek-style-yoghurt-ice-cream-guuud
UK_5000169612033,5000169612033,Waitrose,Waitrose Cornish clotted cream,"Creams, Ice cream tubs",United Kingdom,69.69,50.91,100.0,71.19,https://world.openfoodfacts.org/product/5000169612033/waitrose-cornish-clotted-cream
UK_5053947930836,5053947930836,Tesco,Triple chocolate ice cream,Ice cream tubs,United Kingdom,71.08,56.36,100.0,64.49,https://world.openfoodfacts.org/product/5053947930836/triple-chocolate-ice-cream-tesco
UK_3415587547027,3415587547027,Häagen-Dazs,Chunky Salted Caramel Ice Cream,Ice creams,United Kingdom,46.45,36.36,,70.0,https://world.openfoodfacts.org/product/3415587547027/chunky-salted-caramel-ice-cream-haagen-dazs
UK_5060002044018,5060002044018,Generic,Unknown Product,Ice creams,United Kingdom,73.85,72.73,,76.46,https://world.openfoodfacts.org/product/5060002044018
UK_4088600165530,4088600165530,Aldi,Clotted Cream Ice Cream,Vanilla ice cream tubs,United Kingdom,66.8,47.27,100.0,65.81,https://world.openfoodfacts.org/product/4088600165530/clotted-cream-ice-cream-aldi
UK_8711327533950,8711327533950,Carte D'Or,Vanilla Light,Vanilla ice cream tubs,United Kingdom,75.06,61.82,100.0,70.76,https://world.openfoodfacts.org/product/8711327533950/vanilla-light-carte-d-or
UK_5060081113759,5060081113759,Jude's,Salted caramel,Ice cream tubs,United Kingdom,78.63,67.27,100.0,75.0,https://world.openfoodfacts.org/product/5060081113759/salted-caramel-jude-s
UK_00333047,00333047,Sainsbury's,Cornish Dairy Ice Cream,Ice cream in a box,United Kingdom,73.28,60.0,100.0,66.42,https://world.openfoodfacts.org/product/00333047/cornish-dairy-ice-cream-sainsbury-s
UK_8711327535138,8711327535138,Carte d'or,Rich salted caramel,"Ice cream tubs, Ice cream in a box",United Kingdom,68.09,47.27,100.0,72.25,https://world.openfoodfacts.org/product/8711327535138/rich-salted-caramel-carte-d-or
UK_8711327326750,8711327326750,HB,Solero - Red Berries,Ice cream bars coated with fruit sorbet,United Kingdom,78.33,67.27,100.0,73.46,https://world.openfoodfacts.org/product/8711327326750/solero-red-berries-hb
UK_5057753907372,5057753907372,Tesco,Colombian Coffee icecream,Coffee ice cream tubs,United Kingdom,53.12,47.27,,66.76,https://world.openfoodfacts.org/product/5057753907372/colombian-coffee-icecream-tesco
UK_8711327374171,8711327374171,Unilever norge,Ben&Jerry's Karamel Sutra Core 465ml,"Luxury ice cream in a cup, Efterrätter, Fryst mat, Frysta efterrätter, Glass, Glass och sorbet",United Kingdom,66.82,43.64,100.0,75.0,https://world.openfoodfacts.org/product/8711327374171/ben-jerry-s-karamel-sutra-core-unilever-norge
UK_8711327483071,8711327483071,Magnum,DOUBLE GOLD CARAMEL BILLIONAIRE,Ice cream bars coated with chocolate,United Kingdom,61.5,34.55,100.0,71.14,https://world.openfoodfacts.org/product/8711327483071/double-gold-caramel-billionaire-magnum
UK_3415583001929,3415583001929,Häagen-Dazs,Pierre herme,"Ice creams, Icecream",United Kingdom,51.55,43.64,,70.0,https://world.openfoodfacts.org/product/3415583001929/pierre-herme-haagen-dazs
UK_3415581545920,3415581545920,Häagen-Dazs,Caramel Collection,"Ice cream in individual cup, fr:Glaces au caramel",United Kingdom,65.13,41.82,100.0,71.11,https://world.openfoodfacts.org/product/3415581545920/caramel-collection-haagen-dazs
UK_00738668,00738668,Marks & Spencers,WAFFLE CONES,Ice cream cones,United Kingdom,67.3,47.27,100.0,68.33,https://world.openfoodfacts.org/product/00738668/waffle-cones-m-s
UK_8711327539624,8711327539624,Ben & Jerry's,Cookie Vermont-ster,"Ice cream tubs, Luxury ice cream in a cup",United Kingdom,65.91,41.82,100.0,75.0,https://world.openfoodfacts.org/product/8711327539624/cookie-vermont-ster-ben-jerry-s
UK_8711327626638,8711327626638,Ben & Jerry's,Ben & Jerry's Glace en Pot Sundae Marshmallow & S'more 427ml,"Ice cream tubs, Luxury ice cream in a cup",United Kingdom,72.28,54.55,100.0,75.0,https://world.openfoodfacts.org/product/8711327626638/ben-jerry-s-glace-en-pot-sundae-marshmallow-s-more-427ml
UK_4088600389134,4088600389134,Aldi,Vanilla ice cream,Ice creams,United Kingdom,74.05,61.82,100.0,65.72,https://world.openfoodfacts.org/product/4088600389134/vanilla-ice-cream-aldi
UK_4056489145141,4056489145141,Gelatelli,Gelatelli Fantastic Fish Coco V VEGETARIAN One sco,"Ice cream tubs, Icecream tub",United Kingdom,65.62,41.82,100.0,73.56,https://world.openfoodfacts.org/product/4056489145141/gelatelli-fantastic-fish-coco-v-vegetarian-one-sco
UK_00415736,00415736,Sainsbury's,Caramel & Vanilla Ice Cream,Ice cream tubs,United Kingdom,71.44,56.36,100.0,66.3,https://world.openfoodfacts.org/product/00415736/caramel-vanilla-ice-cream-sainsbury-s
UK_5000157062673,5000157062673,Heinz,Cream of Tomato Soup,Cream of tomato soups,United Kingdom,78.63,67.27,100.0,75.0,https://world.openfoodfacts.org/product/5000157062673/cream-of-tomato-soup-heinz
UK_5056053308742,5056053308742,Yorkshire Provender,Vegetable and roast chicken soup,Chicken soups,United Kingdom,73.02,70.91,,77.93,https://world.openfoodfacts.org/product/5056053308742/vegetable-and-roast-chicken-soup-yorkshire-provender
UK_5056053305703,5056053305703,New Covent Garden Soup Co,Classic Chicken,Reheatable soups,United Kingdom,73.41,72.73,,75.0,https://world.openfoodfacts.org/product/5056053305703/classic-chicken-new-covent-garden-soup-co
UK_5056053305802,5056053305802,New Covent Garden,Vegetable soup,Vegetable soups,United Kingdom,73.56,72.73,,75.49,https://world.openfoodfacts.org/product/5056053305802/vegetable-soup-new-covent-garden
UK_5391511420209,5391511420209,CULLY & SULLY,CHICKEN & VEGETABLE SOUP,Chicken and vegetables soup,United Kingdom,78.29,67.27,100.0,73.26,https://world.openfoodfacts.org/product/5391511420209/chicken-vegetable-soup-cully-sully
UK_5060430292760,5060430292760,BOL,Protein Power Soup Garden Pea & Spinach,Canned vegetable soups,United Kingdom,84.09,78.18,100.0,75.0,https://world.openfoodfacts.org/product/5060430292760/protein-power-soup-garden-pea-spinach-bol
UK_5056053307684,5056053307684,New Covent Garden Soup Co,Creamy tomato Soup,Tomato soups,United Kingdom,72.14,70.91,,75.0,https://world.openfoodfacts.org/product/5056053307684/creamy-tomato-soup-new-covent-garden-soup-co
UK_5056053305826,5056053305826,Covent Garden Soup Co,Covent garden soup,Vegetable soups,United Kingdom,72.14,70.91,,75.0,https://world.openfoodfacts.org/product/5056053305826/covent-garden-soup-covent-garden-soup-co
UK_5056053308803,5056053308803,Yorkshire Provender,Chicken & Lentil with Butternut Squash,Chicken soups,United Kingdom,73.62,72.73,,75.71,https://world.openfoodfacts.org/product/5056053308803/chicken-lentil-with-butternut-squash-yorkshire-provender
UK_01799095,01799095,Sainsbury's,Lentil Dhal Soup,Soups,United Kingdom,76.28,76.36,,76.1,https://world.openfoodfacts.org/product/01799095/lentil-dhal-soup-sainsbury-s
UK_5056053305727,5056053305727,NEW COVENT GARDEN SOUP CO,Tomato & Basil,"Tomatoes, Tomato soups",United Kingdom,73.41,72.73,,75.0,https://world.openfoodfacts.org/product/5056053305727/tomato-basil-new-covent-garden-soup-co
UK_5060430292784,5060430292784,BOL,Butternut squash & chilli immunity power soup,"Vegetable soups, Lunch",United Kingdom,76.29,76.36,,76.12,https://world.openfoodfacts.org/product/5060430292784/butternut-squash-chilli-immunity-power-soup-bol
UK_5012427072206,5012427072206,Baxters,Mixed Vegetable and Lentil Soup,"Vegetable soups, Canned soups, fr:soupe en boite",United Kingdom,81.79,72.73,100.0,77.14,https://world.openfoodfacts.org/product/5012427072206/mixed-vegetable-and-lentil-soup-baxters
UK_01498257,01498257,Sainsbury's,"Spicy tomato, lentil and red pepper soup",Vegetable soups,United Kingdom,75.02,74.55,,76.11,https://world.openfoodfacts.org/product/01498257/spicy-tomato-lentil-and-red-pepper-soup-sainsbury-s
UK_5060430291909,5060430291909,BOL,Spanish butter bean stew,"Vegetables based foods, Bean dishes, Stews, Bean soups",United Kingdom,79.96,81.82,,75.63,https://world.openfoodfacts.org/product/5060430291909/spanish-butter-bean-stew-bol
UK_5056053305789,5056053305789,Covent Garden Soup Co,Mushroom soup,"Vegetable soups, Mushroom soups",United Kingdom,70.86,69.09,,75.0,https://world.openfoodfacts.org/product/5056053305789/mushroom-soup-covent-garden-soup-co
UK_5000157062680,5000157062680,Heinz,Cream of Chicken Soup,Canned soups,United Kingdom,79.54,69.09,100.0,75.0,https://world.openfoodfacts.org/product/5000157062680/cream-of-chicken-soup-heinz
UK_5034124007626,5034124007626,Tideford Organics,Indian Lentil & Spinach Dhal,"Reheatable vegetable soups, Lentil soups",United Kingdom,76.37,76.36,,76.4,https://world.openfoodfacts.org/product/5034124007626/indian-lentil-spinach-dhal-tideford-organics
UK_00894531,00894531,Marks & Spencers,Chunky Chicken Vegetable & Grain Broth,Canned soups,United Kingdom,68.31,65.45,,75.0,https://world.openfoodfacts.org/product/00894531/chunky-chicken-vegetable-grain-broth-marks-spencers
UK_5052003557963,5052003557963,TESCO,THREE BEAN CHILLI,Soups,United Kingdom,75.95,76.36,,75.0,https://world.openfoodfacts.org/product/5052003557963/three-bean-chilli-tesco
UK_5060262485408,5060262485408,Itsu,Miso Easy (Traditional),"Sauces, Seaweeds and their products, Miso soup, Misos",United Kingdom,70.46,50.91,100.0,75.0,https://world.openfoodfacts.org/product/5060262485408/miso-easy-traditional-itsu
UK_5000157062734,5000157062734,Heinz,Lentil Soup heinz,"Reheatable vegetable soups, Lentil soups",United Kingdom,72.47,70.91,,76.11,https://world.openfoodfacts.org/product/5000157062734/lentil-soup-heinz
UK_4088600068367,4088600068367,Aldi Bramwells,Cream of Tomato Soup,Cream of tomato soups,United Kingdom,78.63,67.27,100.0,75.0,https://world.openfoodfacts.org/product/4088600068367/cream-of-tomato-soup-aldi-bramwells
UK_5056053305741,5056053305741,New Covent Garden Soup Co,Spiced Butternut soup,Vegetable soups,United Kingdom,72.14,70.91,,75.0,https://world.openfoodfacts.org/product/5056053305741/spiced-butternut-soup-new-covent-garden-soup-co
UK_8712566479528,8712566479528,Knorr,intense rich beef,"Soups, broths, Groceries",United Kingdom,70.07,50.91,100.0,73.07,https://world.openfoodfacts.org/product/8712566479528/intense-rich-beef-knorr
UK_5000157062741,5000157062741,Heinz,Vegetable Soup,"Vegetable soups, Canned soups",United Kingdom,70.95,69.09,,75.3,https://world.openfoodfacts.org/product/5000157062741/vegetable-soup-heinz
UK_5056053308780,5056053308780,Yorkshire provender,Moroccan vegetable tagine soup,Soups,United Kingdom,75.32,74.55,,77.12,https://world.openfoodfacts.org/product/5056053308780/moroccan-vegetable-tagine-soup-yorkshire-provender
UK_5000157062758,5000157062758,Heinz,Cream of Tomato Soup,"Cream of tomato soups, Tomato soups",United Kingdom,78.63,67.27,100.0,75.0,https://world.openfoodfacts.org/product/5000157062758/cream-of-tomato-soup-heinz
UK_00851985,00851985,Marks & Spencers,Spiced Lentil & Tomato Soup,"Vegetable soups, Dahl",United Kingdom,74.89,74.55,,75.69,https://world.openfoodfacts.org/product/00851985/spiced-lentil-tomato-soup-m-s
UK_5060430292746,5060430292746,BOL,"protein power soup red pepper, tomato & lentil",Vegetable soups,United Kingdom,86.14,81.82,100.0,76.16,https://world.openfoodfacts.org/product/5060430292746/protein-power-soup-red-pepper-tomato-lentil-bol
UK_00122030,00122030,Sainsbury's,Sweet potato coconut and chilli soup,Vegetable soups,United Kingdom,72.14,70.91,,75.0,https://world.openfoodfacts.org/product/00122030/sweet-potato-coconut-and-chilli-soup-sainsbury-s
UK_5063250549274,5063250549274,Tesco,Cream Of Tomato Soup,Soups,United Kingdom,69.59,67.27,,75.0,https://world.openfoodfacts.org/product/5063250549274/cream-of-tomato-soup-tesco
UK_5391511420780,5391511420780,Cully & Sully,A Lightly Smoked Haddock & Salmon Chowder,"Soups, Meals with fish, Smoked fishes",United Kingdom,69.76,67.27,,75.56,https://world.openfoodfacts.org/product/5391511420780/a-lightly-smoked-haddock-salmon-chowder-cully-sully
UK_01538229,01538229,"Sainsbury's, Sainsbury's Taste The Difference",Moroccan Style Chicken & Chickpea Soup,"Vegetable soups, Chicken soups, Chicken and vegetables soup, Chickpea-soup",United Kingdom,78.7,80.0,,75.66,https://world.openfoodfacts.org/product/01538229/moroccan-style-chicken-chickpea-soup-sainsbury-s-taste-the-difference
UK_5012427212404,5012427212404,Baxters,"Super Good Pea, Broccoli and Basil Pesto","Fruits and vegetables based foods, Canned soups",United Kingdom,74.69,74.55,,75.0,https://world.openfoodfacts.org/product/5012427212404/super-good-pea-broccoli-and-basil-pesto-baxters
UK_5060660910588,5060660910588,MY SOUPER STARS,MY GOODNESS,"Reheatable soups, Chicken soups",United Kingdom,75.95,76.36,,75.0,https://world.openfoodfacts.org/product/5060660910588/my-goodness-my-souper-stars
UK_5012427141100,5012427141100,Baxters,Country Garden Soup,Vegetable soups,United Kingdom,79.74,69.09,100.0,75.98,https://world.openfoodfacts.org/product/5012427141100/country-garden-soup-baxters
UK_5036589255451,5036589255451,Yeo Valley,CREAM OF TOMATO,Cream of tomato soups,United Kingdom,70.86,69.09,,75.0,https://world.openfoodfacts.org/product/5036589255451/cream-of-tomato-yeo-valley
UK_5012427142701,5012427142701,Baxters,Cream of Tomato,"Cream of tomato soups, Tomato soups",United Kingdom,77.72,65.45,100.0,75.0,https://world.openfoodfacts.org/product/5012427142701/cream-of-tomato-baxters
UK_5036589255475,5036589255475,Yeo Valley,Leek & Potato Soup,Soups,United Kingdom,70.86,69.09,,75.0,https://world.openfoodfacts.org/product/5036589255475/leek-potato-soup-yeo-valley
UK_5060660910038,5060660910038,NOURISH + DIGEST,Soup Roasted Carrot Ginger,Vegetable soups,United Kingdom,74.94,74.55,,75.86,https://world.openfoodfacts.org/product/5060660910038/soup-roasted-carrot-ginger-re-nourish-digest
UK_5056053309978,5056053309978,New Covent Garden Soup Co,Pumpkin Spice Soup,Vegetable soups,United Kingdom,73.59,72.73,,75.6,https://world.openfoodfacts.org/product/5056053309978/pumpkin-spice-soup-new-covent-garden-soup-co
UK_5060660910557,5060660910557,Nourish,Pea Leek Watercress Soup,Pea soups,United Kingdom,73.57,72.73,,75.54,https://world.openfoodfacts.org/product/5060660910557/pea-leek-watercress-soup-re-nourish
UK_5060960662309,5060960662309,Itsu,Broth For Noodles Sesame Chicken,Soups,United Kingdom,78.63,67.27,100.0,75.0,https://world.openfoodfacts.org/product/5060960662309/broth-for-noodles-sesame-chicken-itsu
UK_5060430208730,5060430208730,BOL,Immunity power soup butternut squash,Soups,United Kingdom,73.19,74.55,,70.0,https://world.openfoodfacts.org/product/5060430208730/immunity-power-soup-butternut-squash-bol
UK_5012427142503,5012427142503,Baxters,Chicken broth,"broths, Canned soups, Groceries",United Kingdom,73.41,72.73,,75.0,https://world.openfoodfacts.org/product/5012427142503/chicken-broth-baxters
UK_00163514,00163514,Marks & Spencer,chicken stock,"Soups, Broth stock, Chicken broths",United Kingdom,70.86,69.09,,75.0,https://world.openfoodfacts.org/product/00163514/chicken-stock-marks-spencer
UK_5070000140100,5070000140100,freja,Bone Broth Chicken,"Canned soups, Dehydrated meat and vegetables broth stock",United Kingdom,74.69,74.55,,75.0,https://world.openfoodfacts.org/product/5070000140100/bone-broth-chicken-freja
UK_8422174010029,8422174010029,"Alvalle, PepsiCo",Gazpacho,Gazpacho,United Kingdom,72.14,70.91,,75.0,https://world.openfoodfacts.org/product/8422174010029/gazpacho-original-alvalle
UK_5000157062659,5000157062659,Heinz,Potato & Leek Soup,"Cream soups, Leek and potato soups, Reheatable vegetable soups",United Kingdom,69.59,67.27,,75.0,https://world.openfoodfacts.org/product/5000157062659/potato-leek-soup-heinz
UK_00220552,00220552,M&S Food,Spicy Tomato & Lentil Souper Soup,Soups,United Kingdom,76.19,76.36,,75.78,https://world.openfoodfacts.org/product/00220552/spicy-tomato-lentil-souper-soup-m-s-food
UK_5034124007725,5034124007725,tideford organics,thai Green vegetables,"Reheatable vegetable soups, Lentil soups",United Kingdom,70.94,69.09,,75.25,https://world.openfoodfacts.org/product/5034124007725/thai-green-vegetables-tideford-organics
UK_5000157146816,5000157146816,Heinz,Creamy Tomato Soup,"Tomato soups, Plant based tomato soup",United Kingdom,79.54,69.09,100.0,75.0,https://world.openfoodfacts.org/product/5000157146816/creamy-tomato-soup-heinz
UK_5012427212503,5012427212503,Baxters,"Soup, Root Vegetable & Turmeric",Canned vegetable soups,United Kingdom,72.14,70.91,,75.0,https://world.openfoodfacts.org/product/5012427212503/soup-root-vegetable-turmeric-baxters
UK_5391511420421,5391511420421,Cully&sully,Creamy Tomato & Basil soup,Vegetable soups,United Kingdom,68.31,65.45,,75.0,https://world.openfoodfacts.org/product/5391511420421/creamy-tomato-basil-soup-cully-sully
UK_5036589255512,5036589255512,Yeo Valley,Hearty Cream of Vegetable,Vegetable soups,United Kingdom,76.91,76.36,,78.18,https://world.openfoodfacts.org/product/5036589255512/hearty-cream-of-vegetable-yeo-valley
UK_5056053308827,5056053308827,Yorkshire Provender,"Cauliflower, Cheese & Kale",Soups,United Kingdom,69.77,67.27,,75.61,https://world.openfoodfacts.org/product/5056053308827/cauliflower-cheese-kale-yorkshire-provender
UK_01016369,01016369,Sainsbury's,Minestrone,Minestrone soups,United Kingdom,75.95,76.36,,75.0,https://world.openfoodfacts.org/product/01016369/minestrone-sainsbury-s
UK_5000157062697,5000157062697,Heinz,Cream of Mushroom  Soup,"Cream of mushroom soups, Mushroom soups",United Kingdom,80.46,70.91,100.0,75.0,https://world.openfoodfacts.org/product/5000157062697/cream-of-mushroom-soup-heinz
UK_00816359,00816359,M&S FOOD,Cream of tomato soup,Cream of tomato soups,United Kingdom,81.37,72.73,100.0,75.0,https://world.openfoodfacts.org/product/00816359/cream-of-tomato-soup-m-s-food
UK_01221008,01221008,Sainsbury's,Cream of tomato soup,Tomato soups,United Kingdom,79.54,69.09,100.0,75.0,https://world.openfoodfacts.org/product/01221008/cream-of-tomato-soup-sainsbury-s
UK_5000157063441,5000157063441,Heinz,CHICKEN NOODLE SOUP,Chicken soups,United Kingdom,81.37,72.73,100.0,75.0,https://world.openfoodfacts.org/product/5000157063441/chicken-noodle-soup-heinz
UK_5012427141209,5012427141209,Baxters,Carrot & butter bean,Canned soups,United Kingdom,78.59,80.0,,75.31,https://world.openfoodfacts.org/product/5012427141209/carrot-butter-bean-baxters
UK_00816243,00816243,M&S Food,Mexican-style Chilli & Bean Soup,Canned vegetable soups,United Kingdom,74.69,74.55,,75.0,https://world.openfoodfacts.org/product/00816243/mexican-style-chilli-bean-soup-m-s-food
UK_00816298,00816298,Marks & Spencer,Chunky vegetable soup,Vegetable soups,United Kingdom,73.41,72.73,,75.0,https://world.openfoodfacts.org/product/00816298/vegetable-soup-marks-spencer
UK_29285976,29285976,"Marks & Spencers, M&S Collection",Rich Italian Tomato and Basil Soup,Soups,United Kingdom,75.0,60.0,100.0,75.0,https://world.openfoodfacts.org/product/29285976/rich-italian-tomato-and-basil-soup-m-s-collection
UK_00816304,00816304,"M&S Food, Marks & Spencer",Tomato & basilico soup,"Canned soups, Tomato soups",United Kingdom,70.86,69.09,,75.0,https://world.openfoodfacts.org/product/00816304/tomato-basil-soup-m-s-food
UK_5056053305864,5056053305864,New Covent Garden Soup Co,Lentil & Smoked Bacon,"Reheatable vegetable soups, Lentil soups",United Kingdom,60.98,76.36,25.0,76.52,https://world.openfoodfacts.org/product/5056053305864/lentil-smoked-bacon-new-covent-garden-soup-co
UK_5000157062864,5000157062864,Heinz,Heinz Big Soup Chunky Veg,Canned soups,United Kingdom,72.71,70.91,,76.92,https://world.openfoodfacts.org/product/5000157062864/heinz-big-soup-chunky-veg
UK_00473682,00473682,Sainsbury's,Broccoli & Cheddar Soup,"Soups, Chilled soup",United Kingdom,79.54,69.09,100.0,75.0,https://world.openfoodfacts.org/product/00473682/broccoli-cheddar-soup-sainsbury-s
UK_01679793,01679793,Sainsbury's,Cream Of Tomato Soup,Cream of vegetable soups,United Kingdom,72.14,70.91,,75.0,https://world.openfoodfacts.org/product/01679793/cream-of-tomato-soup-sainsbury-s
UK_5052109897819,5052109897819,"Tesco, Tesco Finest","Roasted Sweet Potato, Coconut and Chilli",Refrigerated soups,United Kingdom,71.24,69.09,,76.25,https://world.openfoodfacts.org/product/5052109897819/roasted-sweet-potato-coconut-and-chilli-tesco-finest
UK_5057753901165,5057753901165,Tesco Plant Chef,Smoky Lentil & Red Pepper Soup,"Reheatable vegetable soups, Lentil soups",United Kingdom,73.94,72.73,,76.76,https://world.openfoodfacts.org/product/5057753901165/smoky-lentil-red-pepper-soup-tesco-plant-chef
UK_5050179965940,5050179965940,Tesco,Carrot & Coriander,Carrot soups,United Kingdom,74.69,74.55,,75.0,https://world.openfoodfacts.org/product/5050179965940/carrot-coriander-tesco
UK_01851465,01851465,"Sainsbury's, Be good to yourself",Tomato and three bean soup,Vegetable soups,United Kingdom,76.26,76.36,,76.03,https://world.openfoodfacts.org/product/01851465/tomato-and-three-bean-soup-sainsbury-s
UK_5000232865106,5000232865106,Crosse & Blackwell,Winter Vegetable Soup,Vegetable soups,United Kingdom,75.08,74.55,,76.33,https://world.openfoodfacts.org/product/5000232865106/winter-vegetable-soup-crosse-blackwell
UK_5012427141407,5012427141407,"Baxters, Tetley",Veggie Goodness Spicy Parsnip,"Canned vegetable soups, Parsnip soup",United Kingdom,79.54,69.09,100.0,75.0,https://world.openfoodfacts.org/product/5012427141407/veggie-goodness-spicy-parsnip-baxters
UK_5000436960065,5000436960065,TESCO,CREAM OF TOMATO SOUP,"Cream of tomato soups, Tomato soups",United Kingdom,79.54,69.09,100.0,75.0,https://world.openfoodfacts.org/product/5000436960065/cream-of-tomato-soup-tesco
UK_00772303,00772303,Marks & Spencers,Smooth Cream of Tomato Soup,"Cream of vegetable soups, Tomato soups",United Kingdom,69.59,67.27,,75.0,https://world.openfoodfacts.org/product/00772303/smooth-cream-of-tomato-soup-m-s
UK_5056053308704,5056053308704,Yorkshire provender,rustic vegetable soup,"Reheatable vegetable soups, Lentil soups",United Kingdom,72.91,70.91,,77.59,https://world.openfoodfacts.org/product/5056053308704/rustic-vegetable-soup-yorkshire-provender
UK_00220576,00220576,M&S Food,"Chicken, Mushroom & Rice Soup","Chickens, Mushroom soups, Chicken and vegetables soup",United Kingdom,72.14,70.91,,75.0,https://world.openfoodfacts.org/product/00220576/chicken-mushroom-rice-soup-m-s-food
UK_5012427211506,5012427211506,Baxters,Chicken Noodle,Canned soups,United Kingdom,72.14,70.91,,75.0,https://world.openfoodfacts.org/product/5012427211506/chicken-noodle-baxters
UK_5060430292845,5060430292845,BOL,Power Soup,Soups,United Kingdom,78.67,80.0,,75.56,https://world.openfoodfacts.org/product/5060430292845/power-soup-bol
UK_5000157062635,5000157062635,Heinz,Minestrone Soup,"Canned meals, Vegetable soups, Minestrone soups, Dehydrated-and-reconstituted-minestrone-soup",United Kingdom,70.86,69.09,,75.0,https://world.openfoodfacts.org/product/5000157062635/minestrone-soup-heinz
UK_5000157062727,5000157062727,Heinz,Mulligatawny soup 400 g,Canned soups,United Kingdom,80.46,70.91,100.0,75.0,https://world.openfoodfacts.org/product/5000157062727/mulligatawny-soup-400-g-heinz
UK_5012427143708,5012427143708,"Baxters, Oluf lorentzen as",Baxters French onion soup,Heatable onion soup,United Kingdom,70.97,69.09,,75.35,https://world.openfoodfacts.org/product/5012427143708/baxters-french-onion-soup-oluf-lorentzen-as
UK_5000157074829,5000157074829,Heinz,Cream of Tomato Cup Soup imp,Tomato soups,United Kingdom,78.34,69.09,100.0,68.98,https://world.openfoodfacts.org/product/5000157074829/cream-of-tomato-cup-soup-imp-heinz
UK_5012427143906,5012427143906,Baxters,Lentil & bacon soup,"Vegetable soups, Lentil & bacon soup",United Kingdom,75.07,74.55,75.0,76.47,https://world.openfoodfacts.org/product/5012427143906/lentil-bacon-soup-baxters
UK_01851083,01851083,Sainsbury's,Tomato & basil soup,Tomato soups,United Kingdom,79.54,69.09,100.0,75.0,https://world.openfoodfacts.org/product/01851083/tomato-basil-soup-sainsbury-s
UK_01016154,01016154,Sainsbury's,CHICKEN & SWEETCORN SOUP,"Soups, Refrigerated meals, Microwave meals, Chicken and sweetcorn soup",United Kingdom,70.86,69.09,,75.0,https://world.openfoodfacts.org/product/01016154/chicken-sweetcorn-soup-sainsbury-s
UK_5060960660725,5060960660725,Itsu,Brilliant Broth Miso Ramen,"Soups, Liquid broths",United Kingdom,67.41,65.45,,72.0,https://world.openfoodfacts.org/product/5060960660725/brilliant-broth-miso-ramen-itsu
UK_4061462739460,4061462739460,Aldi Specially Selected,Moroccan Style Vegetable Soup,Vegetable soups,United Kingdom,71.91,72.73,,70.0,https://world.openfoodfacts.org/product/4061462739460/moroccan-style-vegetable-soup-aldi-specially-selected
UK_5014276432705,5014276432705,Yutaka,Wakame Miso Soup Paste 5 Sachets,"Dehydrated soups, Miso soup, Soup mixes",United Kingdom,73.18,56.36,100.0,75.0,https://world.openfoodfacts.org/product/5014276432705/wakame-miso-soup-paste-5-sachets-yutaka
UK_5000232865229,5000232865229,CROSSE & BLACKWELL,ROAST CHICKEN & VEGETABLE SOUP,Canned soups,United Kingdom,75.1,74.55,,76.39,https://world.openfoodfacts.org/product/5000232865229/roast-chicken-vegetable-soup-crosse-blackwell
UK_5000157064448,5000157064448,Heinz,Cream of Tomato & Basil Soup,"Soups, Tomato and basil soup",United Kingdom,78.63,67.27,100.0,75.0,https://world.openfoodfacts.org/product/5000157064448/cream-of-tomato-basil-soup-heinz
UK_7613287194374,7613287194374,Nestlé,Bitesize Shredded Wheat,Extruded cereals,United Kingdom,81.05,83.64,,75.0,https://world.openfoodfacts.org/product/7613287194374/bitesize-shredded-wheat-nestle
UK_7613031473113,7613031473113,Nestlé,Shredded wheat,"Extruded cereals, Breakfast cereals rich in fibre",United Kingdom,81.05,83.64,,75.0,https://world.openfoodfacts.org/product/7613031473113/shredded-wheat-nestle
UK_7613287152183,7613287152183,Nestlé,Shreddies,Extruded cereals,United Kingdom,73.71,74.55,,71.76,https://world.openfoodfacts.org/product/7613287152183/shreddies-nestle
UK_8445291301948,8445291301948,Nestlé,Multigrain Cheerios,Extruded cereals,United Kingdom,81.18,72.73,100.0,74.08,https://world.openfoodfacts.org/product/8445291301948/multigrain-cheerios-nestle
UK_8445290345608,8445290345608,Nestlé,Multigrain Cheerios,Extruded cereals,United Kingdom,81.2,72.73,100.0,74.19,https://world.openfoodfacts.org/product/8445290345608/multigrain-cheerios-nestle
UK_7613287157201,7613287157201,Nestlé,Multigrain Cheerios,Extruded cereals,United Kingdom,81.18,72.73,100.0,74.08,https://world.openfoodfacts.org/product/7613287157201/multigrain-cheerios-nestle
UK_7613287136053,7613287136053,Nestlé,Shreddies,Extruded cereals,United Kingdom,73.56,74.55,,71.26,https://world.openfoodfacts.org/product/7613287136053/shreddies-nestle
UK_7613287171009,7613287171009,Nestlé,Shredded Wheat,Extruded cereals,United Kingdom,74.69,74.55,,75.0,https://world.openfoodfacts.org/product/7613287171009/shredded-wheat-nestle
UK_5011476102223,5011476102223,Nestlé,Honey & Nut Shredded Wheat,"Extruded cereals, Breakfast cereals rich in fibre",United Kingdom,74.59,76.36,,70.47,https://world.openfoodfacts.org/product/5011476102223/honey-nut-shredded-wheat-nestle
UK_7613287170989,7613287170989,Nestlé,shredded wheat,Extruded cereals,United Kingdom,81.05,83.64,,75.0,https://world.openfoodfacts.org/product/7613287170989/shredded-wheat-nestle
UK_8445290384874,8445290384874,Nestlé,Shreddies,"Extruded cereals, Breakfast cereals rich in fibre",United Kingdom,73.71,74.55,,71.76,https://world.openfoodfacts.org/product/8445290384874/shreddies-nestle
UK_5000426171518,5000426171518,"Nestlé, After Eight",AFTER EIGHT Coffret 300g,"Chocolate candies, Dark chocolate filled with mint confectionery",United Kingdom,63.18,36.36,100.0,75.0,https://world.openfoodfacts.org/product/5000426171518/after-eight-mint-nestle
UK_8002270576829,8002270576829,"Nestlé, San Pellegrino",Sanpellegrino Limonata,"Sodas, lemonade, lemonade-with-sugar-and-artificial-sweeteners, Sweetened beverages",United Kingdom,81.37,72.73,100.0,75.0,https://world.openfoodfacts.org/product/8002270576829/sanpellegrino-limonata-nestle
UK_8715000934720,8715000934720,Nestlé,Sweetened Condensed Milk,Condensed milks,United Kingdom,49.23,38.18,,75.0,https://world.openfoodfacts.org/product/8715000934720/sweetened-condensed-milk-nestle
UK_8002270506833,8002270506833,"Nestlé, San Pellegrino",Sanpellegrino Aranciata,"Sodas, Carbonated fruit soft drink, Beverages with orange, Sweetened beverages",United Kingdom,81.37,72.73,100.0,75.0,https://world.openfoodfacts.org/product/8002270506833/sanpellegrino-aranciata-nestle
UK_7613031473090,7613031473090,Nestlé,Shredded Wheat 16s imp,Breakfast cereals,United Kingdom,88.55,83.64,,100.0,https://world.openfoodfacts.org/product/7613031473090/original-shredded-wheat-nestle
UK_7613287169990,7613287169990,Nestlé,Honey Cheerios,"Extruded cereals, Cereals with honey, Cheerios",United Kingdom,83.01,76.36,100.0,74.13,https://world.openfoodfacts.org/product/7613287169990/honey-cheerios-nestle
UK_5900020042538,5900020042538,Nestlé,Go Free Gluten Free Corn Flakes imp,Corn flakes,United Kingdom,69.57,69.09,,70.68,https://world.openfoodfacts.org/product/5900020042538/go-free-gluten-free-corn-flakes-imp-nestle
UK_8002270000515,8002270000515,"Nestlé, San Pellegrino","Carbonated Natural Mineral Water (Nestlé, San Pellegrino)",Carbonated mineral waters,United Kingdom,81.37,72.73,100.0,75.0,https://world.openfoodfacts.org/product/8002270000515/carbonated-natural-mineral-water-nestle-san-pellegrino
UK_3023290041703,3023290041703,Nestlé,Lindahls Pro Lemon Cheesecake,"Yogurts, Quarks",United Kingdom,85.91,81.82,100.0,75.0,https://world.openfoodfacts.org/product/3023290041703/lindahls-pro-lemon-cheesecake-nestle
UK_8002270018213,8002270018213,"Nestlé, San Pellegrino, Sanpellegrino",Natural mineral water,Carbonated natural mineral waters,United Kingdom,73.41,72.73,,75.0,https://world.openfoodfacts.org/product/8002270018213/natural-mineral-water-nestle
UK_3023290624012,3023290624012,Nestlé,Aero milk chocolate,"Dairy mousses, Refrigerated milk-based chocolate mousses",United Kingdom,78.63,67.27,100.0,75.0,https://world.openfoodfacts.org/product/3023290624012/aero-milk-chocolate-nestle
UK_7613031513031,7613031513031,"Nesquik, Nestlé",Nesquik Chocolate Flavour,"Instant chocolate powders, Sweetened beverages",United Kingdom,81.37,72.73,100.0,75.0,https://world.openfoodfacts.org/product/7613031513031/nesquik-chocolate-flavour
UK_8002270396885,8002270396885,"Nestlé, San Pellegrino",Melograno & Arancia Italian Sparkling Drink,"Sodas, Sweetened beverages",United Kingdom,80.46,70.91,100.0,75.0,https://world.openfoodfacts.org/product/8002270396885/melograno-arancia-italian-sparkling-drink-san-pellegrino
UK_8002270586835,8002270586835,"Nestlé, San Pellegrino",Sparkling Blood Orange Beverage,"Sodas, Beverages with orange, Sweetened beverages",United Kingdom,81.37,72.73,100.0,75.0,https://world.openfoodfacts.org/product/8002270586835/sparkling-blood-orange-beverage-nestle
UK_7613036147651,7613036147651,Nestlé,Original Shredded Wheat,"Breakfast cereals, Cereal-wheat",United Kingdom,81.05,83.64,,75.0,https://world.openfoodfacts.org/product/7613036147651/original-shredded-wheat-nestle
UK_8445291266100,8445291266100,Nestlé,Frosted Shredders,Breakfast cereals,United Kingdom,60.91,56.36,,71.52,https://world.openfoodfacts.org/product/8445291266100/frosted-shredders-nestle
UK_4088600109411,4088600109411,Nestlé,Corn Flakes,Corn flakes,United Kingdom,72.14,70.91,,75.0,https://world.openfoodfacts.org/product/4088600109411/corn-flakes-nestle
UK_5011546415499,5011546415499,"Nestlé, Nescafé",Nescafe Original,"Coffees, Unsweetened beverages, Instant coffees",United Kingdom,73.41,72.73,,75.0,https://world.openfoodfacts.org/product/5011546415499/nescafe-original-nestle
UK_8445290856296,8445290856296,Nestlé,Coffee Mate,"Milk substitutes, Instant beverages, Creamer",United Kingdom,65.72,43.64,100.0,69.5,https://world.openfoodfacts.org/product/8445290856296/coffee-mate-nestle
UK_7613287170149,7613287170149,Nestlé,Cheerios honey,Extruded cereals,United Kingdom,81.2,72.73,100.0,74.18,https://world.openfoodfacts.org/product/7613287170149/cheerios-honey-nestle
UK_8445290146434,8445290146434,Nestlé,Quality Street,"Assorted chocolate candies, Chocolate confectionery",United Kingdom,58.34,27.27,100.0,73.53,https://world.openfoodfacts.org/product/8445290146434/quality-street-nestle
UK_8445290856272,8445290856272,Nestlé,Coffee Mate,"Coffees, Coffee milks",United Kingdom,57.93,30.91,100.0,62.36,https://world.openfoodfacts.org/product/8445290856272/coffee-mate-nestle
UK_8445291609181,8445291609181,Nestlé,Quality Street,Assorted chocolate candies,United Kingdom,59.2,29.09,100.0,73.28,https://world.openfoodfacts.org/product/8445291609181/quality-street-nestle
UK_7613031513611,7613031513611,"Nesquik, Nestlé, Nesquick - Nestlé",h,"Beverages, Breakfasts",United Kingdom,79.44,70.91,100.0,69.94,https://world.openfoodfacts.org/product/7613031513611/h-nestle
UK_3023290453674,3023290453674,Nestlé,STRAWBERRY VANILLA,Fruit yogurts,United Kingdom,80.46,70.91,100.0,75.0,https://world.openfoodfacts.org/product/3023290453674/strawberry-vanilla-nestle
UK_7613036193047,7613036193047,"Nestlé, Quality Street",Matchmakers Cool Mint,"Chocolate candies, Bars, Milk chocolates",United Kingdom,58.67,29.09,100.0,70.64,https://world.openfoodfacts.org/product/7613036193047/matchmakers-cool-mint-nestle
UK_5011476102131,5011476102131,Nestlé,curiously cinnamon,Extruded cereals,United Kingdom,73.33,58.18,100.0,71.19,https://world.openfoodfacts.org/product/5011476102131/curiously-cinnamon-nestle
UK_7613031418947,7613031418947,Nestlé,Ski Smooth 2xRaspberry 2xStrawberry,Yogurts,United Kingdom,78.63,67.27,100.0,75.0,https://world.openfoodfacts.org/product/7613031418947/ski-smooth-2xraspberry-2xstrawberry-nestle
UK_7613287579706,7613287579706,Nestlé,Smarties,fr:Bonbons dragéifiés,United Kingdom,58.69,29.09,100.0,70.73,https://world.openfoodfacts.org/product/7613287579706/smarties-nestle
UK_5000243729091,5000243729091,Nestlé,Golden Nuggets,Breakfast cereals fortified with vitamins and chemical elements,United Kingdom,80.68,72.73,100.0,71.57,https://world.openfoodfacts.org/product/5000243729091/golden-nuggets-nestle
UK_7613035220065,7613035220065,Nestlé,Nestle Kit Kat 4 Finger 41.5,fr:Barre chocolatée biscuitée type KitKat,United Kingdom,59.67,29.09,100.0,75.6,https://world.openfoodfacts.org/product/7613035220065/nestle-kit-kat-4-finger-41-5
UK_7613287133687,7613287133687,Nestlé,shreddies,Extruded cereals,United Kingdom,73.06,74.55,,69.59,https://world.openfoodfacts.org/product/7613287133687/shreddies-nestle
UK_7613287238474,7613287238474,Nestlé,Milky bar,"Confectioneries, White chocolates",United Kingdom,58.35,25.45,100.0,78.12,https://world.openfoodfacts.org/product/7613287238474/milky-bar-nestle
UK_8445291254107,8445291254107,Nestlé,Cookie Crisp,Biscuits,United Kingdom,75.44,61.82,100.0,72.62,https://world.openfoodfacts.org/product/8445291254107/cookie-crisp-nestle
UK_7613287367143,7613287367143,Nestlé,Shreddies,Extruded cereals,United Kingdom,72.86,74.55,,68.92,https://world.openfoodfacts.org/product/7613287367143/shreddies-nestle
UK_8002270011054,8002270011054,"Nestlé, San Pellegrino",San Pellegrino,"Carbonated waters, Mineral waters",United Kingdom,73.41,72.73,,75.0,https://world.openfoodfacts.org/product/8002270011054/san-pellegrino-nestle
UK_7613038462646,7613038462646,Nestlé,NESTLE GO FREE GLUTEN FREE imp,Cereal flakes,United Kingdom,69.59,67.27,,75.0,https://world.openfoodfacts.org/product/7613038462646/nestle-go-free-gluten-free-imp
UK_8445291264816,8445291264816,Nestlé,Shreddies The Coco One,Cereal flakes,United Kingdom,61.09,56.36,,72.14,https://world.openfoodfacts.org/product/8445291264816/shreddies-the-coco-one-nestle
UK_7613034043870,7613034043870,Nestlé,YORKIE DUO RAISIN & BISCUIT,"Chocolate candies, Bars, Chocolate biscuits, Chocolate bar with dried fruits",United Kingdom,58.15,27.27,100.0,72.56,https://world.openfoodfacts.org/product/7613034043870/yorkie-duo-raisin-biscuit-nestle
UK_7613036099400,7613036099400,Nestlé,Kit Kat 2 Finger Milk Chocolate Biscuit Bars,fr:Barre chocolatée biscuitée type KitKat,United Kingdom,59.69,29.09,100.0,75.73,https://world.openfoodfacts.org/product/7613036099400/kit-kat-2-finger-milk-chocolate-biscuit-bars-nestle
UK_7613287194367,7613287194367,Nestlé,Cheerios multigrain,"Breakfast cereals fortified with vitamins and chemical elements, Extruded cereals",United Kingdom,76.67,63.64,100.0,74.25,https://world.openfoodfacts.org/product/7613287194367/cheerios-multigrain-nestle
UK_8717405008433,8717405008433,"Nestlé, Conditorei Coppenrath & Wiese",Caramel,Caramels,United Kingdom,53.05,43.64,,75.0,https://world.openfoodfacts.org/product/8717405008433/caramel-nestle
UK_7613031513062,7613031513062,Nestlé,Nesquik,"Beverages, Breakfasts, Instant chocolate powders",United Kingdom,80.85,72.73,100.0,72.43,https://world.openfoodfacts.org/product/7613031513062/nesquik-nestle
UK_7613287005700,7613287005700,Nestlé,Alta rica gold blend,"Coffees, Instant coffees",United Kingdom,73.41,72.73,,75.0,https://world.openfoodfacts.org/product/7613287005700/alta-rica-gold-blend-nestle
UK_8445290420930,8445290420930,Nestlé,Blueberry wheats,Filled cereals,United Kingdom,80.6,76.36,100.0,62.11,https://world.openfoodfacts.org/product/8445290420930/blueberry-wheats-nestle
UK_8888082140706,8888082140706,Nestlé,Milo,"Cocoa and chocolate powders, Instant beverages",United Kingdom,67.47,47.27,100.0,69.16,https://world.openfoodfacts.org/product/8888082140706/milo-nestle
UK_8002270616839,8002270616839,"Nestlé, San Pellegrino",Limone & Menta,Sodas,United Kingdom,81.37,72.73,100.0,75.0,https://world.openfoodfacts.org/product/8002270616839/limone-menta-san-pellegrino
UK_3023290078976,3023290078976,"Nestlé, Munch Bunch",squashums,"Fruit yogurts, Cow milk yogurts",United Kingdom,73.41,72.73,,75.0,https://world.openfoodfacts.org/product/3023290078976/squashums-munch-bunch
UK_7613033126390,7613033126390,Nestlé,Yorkie Original Duo,"Candy chocolate bars, Chocolate-confectioneries",United Kingdom,59.79,29.09,100.0,76.24,https://world.openfoodfacts.org/product/7613033126390/yorkie-original-duo-nestle
UK_8000300430493,8000300430493,Nestlé,Milkybar,White chocolates,United Kingdom,56.14,25.45,100.0,67.08,https://world.openfoodfacts.org/product/8000300430493/milkybar-nestle
UK_7613287154231,7613287154231,Nestlé,Shreddies,Extruded cereals,United Kingdom,73.56,74.55,,71.26,https://world.openfoodfacts.org/product/7613287154231/shreddies-nestle
UK_50251797,50251797,Nestlé,Polo Mint Sugarfree 34g,"Candies, Sugar-free-sweets",United Kingdom,76.17,69.09,100.0,58.13,https://world.openfoodfacts.org/product/50251797/polo-mint-sugarfree-34g-nestle
UK_7613031513000,7613031513000,"Nesquik, Nestlé",Nesquik Strawberry 300gr,"Hot beverages, Instant beverages, Unsweetened beverages, Sweetened beverages",United Kingdom,55.59,47.27,,75.0,https://world.openfoodfacts.org/product/7613031513000/nesquik-strawberry-300gr
UK_7613039869123,7613039869123,Nestlé,Aero Peppermint Chocolate Bar,"Biscuits and cakes, Biscuits and crackers, Chocolates, Candy chocolate bars",United Kingdom,58.21,27.27,100.0,72.88,https://world.openfoodfacts.org/product/7613039869123/aero-peppermint-chocolate-bar-nestle
UK_7613039535042,7613039535042,Nestlé,Smarties,"Bonbons, Candies",United Kingdom,60.5,30.91,100.0,75.24,https://world.openfoodfacts.org/product/7613039535042/smarties-nestle
UK_7613034872630,7613034872630,Nestlé,Yorkie,Candy chocolate bars,United Kingdom,57.95,25.45,100.0,76.12,https://world.openfoodfacts.org/product/7613034872630/yorkie-nestle
UK_8445291524545,8445291524545,Nestlé,Kit Kat,"Chocolate biscuity bars, Kit kat",United Kingdom,59.06,29.09,100.0,72.56,https://world.openfoodfacts.org/product/8445291524545/kit-kat-nestle
UK_7613287195210,7613287195210,"Cheerios, Nestlé",Cheerios Multigrain,Extruded cereals,United Kingdom,79.38,69.09,100.0,74.19,https://world.openfoodfacts.org/product/7613287195210/cheerios-multigrain
UK_5011476100885,5011476100885,"Cheerios, Nestlé",Cheerios,Extruded cereals,United Kingdom,72.28,54.55,100.0,75.0,https://world.openfoodfacts.org/product/5011476100885/cheerios-multigrain-nestle
UK_5011476102520,5011476102520,Nestlé,Nestle Frosted Shreddies 500G,Extruded cereals,United Kingdom,64.86,61.82,,71.96,https://world.openfoodfacts.org/product/5011476102520/nestle-frosted-shreddies-500g
UK_7613037889857,7613037889857,Nestlé,Shredded Wheat Red Berries and Vanilla,Filled cereals,United Kingdom,76.75,67.27,100.0,65.57,https://world.openfoodfacts.org/product/7613037889857/shredded-wheat-red-berries-and-vanilla-nestle
UK_7613287430984,7613287430984,"Nestlé, KitKat",Vegan KitKat,"Biscuits, Chocolates, Chocolate biscuity bars",United Kingdom,64.35,40.0,100.0,71.77,https://world.openfoodfacts.org/product/7613287430984/vegan-kitkat
UK_7610100034084,7610100034084,"Nestlé, Thomy",Mayonaise,Mayonnaises,United Kingdom,45.41,32.73,,75.0,https://world.openfoodfacts.org/product/7610100034084/mayonaise-nestle
UK_7613035220263,7613035220263,Nestlé,Kat 4 Finger Milk Chocolate Bar 4 Pack,Chocolate biscuity bars,United Kingdom,58.73,27.27,100.0,75.46,https://world.openfoodfacts.org/product/7613035220263/kat-4-finger-milk-chocolate-bar-4-pack-nestle
UK_5900085011029,5900085011029,"Nestlé, Winiary",Mayonnaise Decorative,Mayonnaises,United Kingdom,67.72,45.45,100.0,75.0,https://world.openfoodfacts.org/product/5900085011029/mayonnaise-decorative-winiary
UK_8002270336850,8002270336850,"Nestlé, San Pellegrino",San Pellegrino Limonata,"Sodas, Flavored sparkling waters, Lemonades, Sweetened beverages",United Kingdom,81.37,72.73,100.0,75.0,https://world.openfoodfacts.org/product/8002270336850/san-pellegrino-limonata
UK_7613036241755,7613036241755,Nestlé,Munchies,Chocolate candies,United Kingdom,55.61,25.45,100.0,64.44,https://world.openfoodfacts.org/product/7613036241755/munchies-nestle
UK_5010238015252,5010238015252,Nestlé,Milk Chocolatey Strawberry Fruity Lollies,,United Kingdom,81.99,72.73,100.0,78.12,https://world.openfoodfacts.org/product/5010238015252/milk-chocolatey-strawberry-fruity-lollies-nestle
UK_7613034989253,7613034989253,Nestlé,Lion,Caramel stuffed wafers,United Kingdom,58.18,27.27,100.0,72.73,https://world.openfoodfacts.org/product/7613034989253/lion-nestle
UK_7613038977638,7613038977638,Nestlé,KitKat Family Pack 14pk,"Chocolate candies, Bars",United Kingdom,58.27,27.27,100.0,73.19,https://world.openfoodfacts.org/product/7613038977638/kitkat-family-pack-14pk-nestle
UK_7613036099387,7613036099387,Nestlé,Kitkat Dark Chocolate Biscuit Bar,Chocolate biscuity bars,United Kingdom,63.3,36.36,100.0,75.59,https://world.openfoodfacts.org/product/7613036099387/kitkat-dark-chocolate-biscuit-bar-nestle
UK_8445290293312,8445290293312,Nestlé,Nesquik banana flavor,"Milkshakes, Powdered-milkshake",United Kingdom,73.41,72.73,,75.0,https://world.openfoodfacts.org/product/8445290293312/nesquik-banana-flavor-nestle
UK_5010346000010,5010346000010,Nestlé,Evaporated milk,"Milks, Evaporated milks",United Kingdom,75.91,61.82,100.0,75.0,https://world.openfoodfacts.org/product/5010346000010/evaporated-milk-nestle
UK_5024616003021,5024616003021,"Nestlé, Princes Gate",Still Spring Water,Mineral waters,United Kingdom,73.41,72.73,,75.0,https://world.openfoodfacts.org/product/5024616003021/still-spring-water-nestle
UK_3023290062777,3023290062777,Nestlé,Lindahls Pro + banoffee pie,"Cheeses, Yogurts, Quarks",United Kingdom,85.91,81.82,100.0,75.0,https://world.openfoodfacts.org/product/3023290062777/lindahls-pro-banoffee-pie-nestle
UK_7613036193061,7613036193061,"Nestlé, Quality Street",Quality Street Matchmakers Zingy Orange,Milk chocolates,United Kingdom,59.01,29.09,100.0,72.31,https://world.openfoodfacts.org/product/7613036193061/quality-street-matchmakers-zingy-orange-nestle
UK_5011546415567,5011546415567,Nestlé,Nescafé Decaff,"Beverages, Decaffeinated instant coffees",United Kingdom,73.41,72.73,,75.0,https://world.openfoodfacts.org/product/5011546415567/nescafe-decaff-nestle
UK_11117780,11117780,Nestlé,"Dark chocolate covered pretzels with peppermint pieces, peppermint",Crackers (Appetizers),United Kingdom,62.12,30.91,100.0,83.33,https://world.openfoodfacts.org/product/11117780/dark-chocolate-covered-pretzels-with-peppermint-pieces-peppermint-nestle
UK_7613287430946,7613287430946,Nestlé,Aero peppermint,"Chocolate candies, Bars",United Kingdom,58.89,27.27,100.0,76.26,https://world.openfoodfacts.org/product/7613287430946/aero-peppermint-nestle
UK_3023290456330,3023290456330,Nestlé,Ski Fruit Mousse Strawberry & Strawberry Coulis 4X60g,Fruit mousses,United Kingdom,77.72,65.45,100.0,75.0,https://world.openfoodfacts.org/product/3023290456330/ski-mouse-nestle
UK_7613287238498,7613287238498,Nestlé,aero mint pouch 92g,Bonbons,United Kingdom,57.28,25.45,100.0,72.79,https://world.openfoodfacts.org/product/7613287238498/aero-mint-pouch-92g-nestle
UK_5900020030405,5900020030405,"Nestlé, Lion",NESTLE LION Barres de Céréales 6x25g,Extruded cereal bars,United Kingdom,72.92,56.36,100.0,73.7,https://world.openfoodfacts.org/product/5900020030405/nestle-lion-barres-de-cereales-6x25g
UK_8593893776081,8593893776081,Nestlé,Black magic,,United Kingdom,60.84,32.73,100.0,72.39,https://world.openfoodfacts.org/product/8593893776081/black-magic-nestle
UK_3023290080184,3023290080184,Nestlé,65p Nestle LINDAHLS PROTEIN PUDDING CHOCOLATE BROW,"Dairies, Puddings, Protein-pudding",United Kingdom,85.0,80.0,100.0,75.0,https://world.openfoodfacts.org/product/3023290080184/65p-nestle-lindahls-protein-pudding-chocolate-brow
UK_8445291401242,8445291401242,Nestlé,Milky Bar Chocolate Egg,White chocolates,United Kingdom,57.44,25.45,100.0,73.57,https://world.openfoodfacts.org/product/8445291401242/milky-bar-chocolate-egg-nestle
UK_8445291255999,8445291255999,Nestlé,Nestlé KitKat,"Chocolate candies, Bars, Chocolates",United Kingdom,80.31,72.73,100.0,69.73,https://world.openfoodfacts.org/product/8445291255999/nestle-kitkat
UK_8445291569171,8445291569171,"Kit Kat, Nestlé",KitKat Original,Candy chocolate bars,United Kingdom,40.09,27.27,,70.0,https://world.openfoodfacts.org/product/8445291569171/kitkat-original-kit-kat
UK_7613287959348,7613287959348,Nestlé,Instant Coffee Blend Alta Rica,"Beverages, Coffees, Instant coffees",United Kingdom,73.41,72.73,,75.0,https://world.openfoodfacts.org/product/7613287959348/instant-coffee-blend-alta-rica-nestle
UK_5010346000003,5010346000003,Nestlé,Carnation evaporated milk,Evaporated milks,United Kingdom,75.91,61.82,100.0,75.0,https://world.openfoodfacts.org/product/5010346000003/carnation-evaporated-milk-nestle
UK_5059319030517,5059319030517,Kellogg's,kelloggs corn flakes,Corn flakes,United Kingdom,70.86,69.09,,75.0,https://world.openfoodfacts.org/product/5059319030517/kelloggs-corn-flakes-kellogg-s
UK_5000127062092,5000127062092,Kellogg's,Bran Flakes,"Breakfast cereals rich in fibre, Extruded wheat flakes",United Kingdom,73.87,74.55,,72.29,https://world.openfoodfacts.org/product/5000127062092/bran-flakes-kellogg-s
UK_5059319029702,5059319029702,Kellogg's,Rice Krispies,Breakfast cereals,United Kingdom,70.86,69.09,,75.0,https://world.openfoodfacts.org/product/5059319029702/rice-krispies-kellogg-s
UK_5059319029016,5059319029016,Kellogg's,SPECIAL K The Original,Mixed cereal flakes,United Kingdom,72.14,70.91,,75.0,https://world.openfoodfacts.org/product/5059319029016/special-k-the-original-kellogg-s
UK_5059319033501,5059319033501,Kellogg's,Cornflakes,Corn flakes,United Kingdom,70.86,69.09,,75.0,https://world.openfoodfacts.org/product/5059319033501/cornflakes-kellogg
UK_5000127142190,5000127142190,Kellogg's,All-Bran Original,Wheat bran sticks,United Kingdom,65.77,61.82,,75.0,https://world.openfoodfacts.org/product/5000127142190/all-bran-original-kellogg
UK_5053827193368,5053827193368,Kellogg's,Bran Flakes,Extruded wheat flakes,United Kingdom,72.96,74.55,,69.23,https://world.openfoodfacts.org/product/5053827193368/bran-flakes-kellogg-s
UK_5059319013473,5059319013473,Kellogg's,Blueberry Wheats,Filled cereals,United Kingdom,84.09,78.18,100.0,75.0,https://world.openfoodfacts.org/product/5059319013473/blueberry-wheats-kellogg-s
UK_5059319004051,5059319004051,Kellogg's,Fruit'n Fibre,Cereal flakes with fruits,United Kingdom,59.76,52.73,,76.18,https://world.openfoodfacts.org/product/5059319004051/fruit-n-fibre-kellogg-s
UK_5050083197840,5050083197840,Kellogg's,Rice crispies multigrain shapes,"Aliments d'origine végétale, Aliments et boissons à base de végétaux, Céréales et dérivés, Céréales et pommes de terre, Céréales extrudées, Céréales pour petit déjeuner riches en fibres, Céréales pour petit-déjeuner, Petit-déjeuners",United Kingdom,83.42,76.36,100.0,76.2,https://world.openfoodfacts.org/product/5050083197840/rice-crispies-multigrain-shapes-kellogg-s
UK_5059319032931,5059319032931,Kellogg's,Crunchy Nut,Corn flakes,United Kingdom,51.77,41.82,,75.0,https://world.openfoodfacts.org/product/5059319032931/crunchy-nut-kellogg-s
UK_5000127163096,5000127163096,Kellogg's,Special K The Original,"Breakfast cereals rich in fibre, Mixed cereal flakes",United Kingdom,59.41,52.73,,75.0,https://world.openfoodfacts.org/product/5000127163096/special-k-the-original-kellogg-s
UK_5000127014084,5000127014084,Kellogg's,CORN FLAKES 1kg,Corn flakes,United Kingdom,70.86,69.09,,75.0,https://world.openfoodfacts.org/product/5000127014084/corn-flakes-1kg-kellogg-s
UK_5059319024165,5059319024165,Kellogg's,rice crispies,"Puffed rice, Rice crispies",United Kingdom,70.86,69.09,,75.0,https://world.openfoodfacts.org/product/5059319024165/rice-crispies-kellogg-s
UK_5059319028958,5059319028958,Kellogg's,coco pops,"Breakfast cereals fortified with vitamins and chemical elements, Chocolate puffed rice",United Kingdom,69.95,69.09,,71.96,https://world.openfoodfacts.org/product/5059319028958/coco-pops-kellogg-s
UK_5000127141193,5000127141193,Kellogg's,All Bran Original,"Breakfast cereals rich in fibre, Wheat bran sticks",United Kingdom,65.77,61.82,,75.0,https://world.openfoodfacts.org/product/5000127141193/all-bran-original-kellogg-s
UK_5059319002781,5059319002781,Kellogg's,frosted Wheats,Breakfast cereals,United Kingdom,84.09,78.18,100.0,75.0,https://world.openfoodfacts.org/product/5059319002781/frosted-wheats-kellogg-s
UK_5059319024196,5059319024196,Kellogg's,Frosties,"Cereal flakes, Extruded cereals",United Kingdom,56.86,49.09,,75.0,https://world.openfoodfacts.org/product/5059319024196/frosties-kellogg-s
UK_5059319035741,5059319035741,Kellogg's,Oaties,Breakfast cereals,United Kingdom,82.05,74.55,100.0,73.86,https://world.openfoodfacts.org/product/5059319035741/oaties-kellogg-s
UK_5053827209762,5053827209762,Kellogg's,Crunchy Nut,Cereal flakes,United Kingdom,56.86,49.09,,75.0,https://world.openfoodfacts.org/product/5053827209762/crunchy-nut-kellogg-s
UK_5053827111348,5053827111348,Kellogg's,Crunchy Nut Granola,"Breakfast cereals rich in fibre, Cereal clusters with chocolate",United Kingdom,65.52,41.82,100.0,73.03,https://world.openfoodfacts.org/product/5053827111348/crunchy-nut-granola-kellogg-s
UK_5059319024479,5059319024479,Kellogg's,Coco Pops,Chocolate puffed rice,United Kingdom,70.2,69.09,,72.8,https://world.openfoodfacts.org/product/5059319024479/coco-pops-kellogg-s
UK_5059319035895,5059319035895,Kellogg's,Oaties Choco crunch,Chocolate cereals,United Kingdom,81.24,72.73,100.0,74.38,https://world.openfoodfacts.org/product/5059319035895/oaties-choco-crunch-kellogg-s
UK_5059319002811,5059319002811,Kellogg's,Raisin Wheats,Extruded cereals,United Kingdom,85.0,80.0,100.0,75.0,https://world.openfoodfacts.org/product/5059319002811/wheat-raisin-kellogg
UK_5050083459825,5050083459825,Kellogg's,Thyme,Corn flakes,United Kingdom,60.68,54.55,,75.0,https://world.openfoodfacts.org/product/5050083459825/kelloggs-crunchy-nut-kellogg-s
UK_5000127010093,5000127010093,Kellogg's,Corn Flakes,Corn flakes,United Kingdom,73.41,72.73,,75.0,https://world.openfoodfacts.org/product/5000127010093/corn-flakes-kellogg-s
UK_5059319021218,5059319021218,Kellogg's,Choco Pops Cereals,Chocolate wheat shells,United Kingdom,72.63,72.73,,72.41,https://world.openfoodfacts.org/product/5059319021218/choco-pops-cereals-kellogg-s
UK_5059319036137,5059319036137,Kellogg's,HIGH PROTEIN BITES Choco Hazelnut Flavour,"Extruded cereals, High protein cereals",United Kingdom,84.48,80.0,100.0,72.41,https://world.openfoodfacts.org/product/5059319036137/high-protein-bites-choco-hazelnut-flavour-kellogg-s
UK_5059319021836,5059319021836,Kellogg's,Rice krispies,Puffed cereals,United Kingdom,70.86,69.09,,75.0,https://world.openfoodfacts.org/product/5059319021836/rice-krispies-kellogg-s
UK_5059319013503,5059319013503,Kellogg's,Plain Wheats,Extruded cereals,United Kingdom,79.77,81.82,,75.0,https://world.openfoodfacts.org/product/5059319013503/plain-wheats-kellogg-s
UK_5059319022437,5059319022437,Kellogg's,Crunchy Nut Clusters Chocolate,"Breakfast cereals, Cereal bars",United Kingdom,67.9,47.27,100.0,71.34,https://world.openfoodfacts.org/product/5059319022437/crunchy-nut-clusters-chocolate-kellogg-s
UK_5053827209632,5053827209632,Kellogg's,Crunchy Nut,Breakfast cereals,United Kingdom,56.86,49.09,,75.0,https://world.openfoodfacts.org/product/5053827209632/crunchy-nut-kellogg-s
UK_5059319036588,5059319036588,Kellogg's,All-Bran Fibre Plus,"Breakfast cereals, Cereal brans",United Kingdom,74.69,74.55,,75.0,https://world.openfoodfacts.org/product/5059319036588/all-bran-fibre-plus-kellogg-s
UK_5000127421257,5000127421257,Kellogg's,Kellogs Just Right 500g,Cereals with fruits,United Kingdom,62.46,56.36,,76.71,https://world.openfoodfacts.org/product/5000127421257/kellogs-just-right-500g-kellogg-s
UK_5059319016481,5059319016481,Kellogg's,Crunchy Oat Granola Dark Chocolate Curls,Mueslis with chocolate,United Kingdom,80.65,72.73,100.0,71.44,https://world.openfoodfacts.org/product/5059319016481/crunchy-oat-granola-dark-chocolate-curls-kellogg-s
UK_5053827111300,5053827111300,Kellogg's,Crunchy Nut Granola Fruit & Nut,"Cereals with fruits, Mueslis",United Kingdom,55.55,47.27,,74.86,https://world.openfoodfacts.org/product/5053827111300/crunchy-nut-granola-fruit-nut-kellogg-s
UK_5059319015279,5059319015279,Kellogg's,Kelloggs Milk Chocolate Krave 410g,Filled cereals,United Kingdom,67.05,45.45,100.0,71.62,https://world.openfoodfacts.org/product/5059319015279/kelloggs-milk-chocolate-krave-410g-kellogg-s
UK_50127504,50127504,Kellogg's,Fruit'n Fibre,Cereal flakes with fruits,United Kingdom,59.52,52.73,,75.35,https://world.openfoodfacts.org/product/50127504/fruit-n-fibre-kellogg-s
UK_5059319034997,5059319034997,Kellogg's,Wheats Mixed Berry,Breakfast cereals,United Kingdom,84.1,80.0,100.0,70.48,https://world.openfoodfacts.org/product/5059319034997/wheats-mixed-berry-kellogg-s
UK_5059319013442,5059319013442,Kellogg's,Apricot Wheats,Filled cereals,United Kingdom,84.09,78.18,100.0,75.0,https://world.openfoodfacts.org/product/5059319013442/apricot-wheats-kellogg-s
UK_5059319022314,5059319022314,Kellogg's,Frosties,Corn flakes,United Kingdom,56.86,49.09,,75.0,https://world.openfoodfacts.org/product/5059319022314/frosties-kellogg-s
UK_5000127079502,5000127079502,Kellogg's,Kelloggs fruit’n fibre cereal,"Breakfast cereals rich in fibre, Cereal flakes with fruits",United Kingdom,57.22,49.09,,76.18,https://world.openfoodfacts.org/product/5000127079502/kelloggs-fruit-n-fibre-cereal-kellogg-s
UK_5059321004636,5059321004636,Kellogg's,Special K Juicy Red Berry,Cereal bars,United Kingdom,71.87,54.55,100.0,72.96,https://world.openfoodfacts.org/product/5059321004636/special-k-juicy-red-berry-kellogg-s
UK_50127030,50127030,Kellogg's,Kelloggs sultana bran,Cereal flakes,United Kingdom,57.48,50.91,,72.83,https://world.openfoodfacts.org/product/50127030/kelloggs-sultana-bran-kellogg-s
UK_5059319022406,5059319022406,Kellogg's,Kellogg’s Crunchy Nut Clusters,Breakfast cereals,United Kingdom,69.67,50.91,100.0,71.09,https://world.openfoodfacts.org/product/5059319022406/kellogg-s-crunchy-nut-clusters-kelloggs
UK_5059319015200,5059319015200,Kellogg's,Krave choco hazelnut imp,"Chocolate cereals, Filled cereals",United Kingdom,67.81,45.45,100.0,75.43,https://world.openfoodfacts.org/product/5059319015200/krave-choco-hazelnut-imp-kellogg-s
UK_5050083542787,5050083542787,Kellogg's,NUTRI-GRAIN Strawberry,"Breakfast cereals, Cereal bar with fruits fortified with vitamins and minerals",United Kingdom,69.42,50.91,100.0,69.83,https://world.openfoodfacts.org/product/5050083542787/nutri-grain-strawberry-kellogg-s
UK_5050083545221,5050083545221,Kellogg's,Coco pops,"Chocolate cereals, Puffed rice",United Kingdom,65.06,61.82,,72.62,https://world.openfoodfacts.org/product/5050083545221/coco-pops-kellogg-s
UK_5000127731257,5000127731257,Kellogg's,Rice Krispies Squares gooey marshmallow,Bars,United Kingdom,55.4,34.55,81.25,68.73,https://world.openfoodfacts.org/product/5000127731257/rice-krispies-squares-gooey-marshmallow-kellogg-s
UK_5053827197182,5053827197182,Kellogg's,"Fruit winders doubles - apple, pear & strawberry imp","Snacks, Fruits desserts",United Kingdom,67.48,49.09,100.0,64.65,https://world.openfoodfacts.org/product/5053827197182/fruit-winders-doubles-apple-pear-strawberry-imp-kellogg-s
UK_5059320000011,5059320000011,"Kellogg's, Pop-Tarts",pop tarts,"Pies, Pastries, Sweet pies, Toaster pastries, de:Gebäck mit Zuckerguss",United Kingdom,55.33,23.64,100.0,67.57,https://world.openfoodfacts.org/product/5059320000011/pop-tarts-kellogg-s
UK_5059320000424,5059320000424,Kellogg's,Pop tarts hot fudge sundae 4 x 2 Stück,"Breakfast biscuit, Toaster pastries",United Kingdom,64.31,41.82,100.0,67.01,https://world.openfoodfacts.org/product/5059320000424/pop-tarts-hot-fudge-sundae-4-x-2-stuck-kellogg-s
UK_5000127730175,5000127730175,Kellogg's,"Rice Krispies Squares Chocolate Caramel Snack Bar, (Pack of 4)","Confectioneries, Chocolate cereals, Cereal bars",United Kingdom,54.83,30.91,87.5,65.64,https://world.openfoodfacts.org/product/5000127730175/rice-krispies-squares-chocolate-caramel-snack-bar-pack-of-4-kellogg-s
UK_5059321006715,5059321006715,Kellogg's,Special K Milk Chocolate Flavour,Cereal bars,United Kingdom,60.45,56.36,,70.0,https://world.openfoodfacts.org/product/5059321006715/special-k-milk-chocolate-flavour-kellogg-s
UK_5053827197212,5053827197212,Kellogg's,FRUIT WINDERS STRAWBERRY FLAVOUR,Fruit snack,United Kingdom,66.98,49.09,100.0,62.18,https://world.openfoodfacts.org/product/5053827197212/fruit-winders-strawberry-flavour-kellogg-s
UK_5050083449048,5050083449048,Kellogg's,Rice Krispies Squares totally chocolatey,"Chocolate cereal bars, Cereal bars with chocolate",United Kingdom,50.68,20.0,89.29,69.45,https://world.openfoodfacts.org/product/5050083449048/rice-krispies-squares-totally-chocolatey-kellogg-s
UK_5059319002750,5059319002750,Kellogg's,Kellogg's choco wheat,Extruded cereals,United Kingdom,69.81,50.91,100.0,71.76,https://world.openfoodfacts.org/product/5059319002750/kellogg-s-choco-wheat
UK_5059319005492,5059319005492,Kellogg's,Kellogs crunchy nut granola red berries,Breakfast cereals,United Kingdom,52.81,45.45,,70.0,https://world.openfoodfacts.org/product/5059319005492/kellogs-crunchy-nut-granola-red-berries-kellogg-s
UK_5053827105453,5053827105453,Kellogg's,Crunchy Nut Granola,"Mueslis, Breakfast cereals fortified with vitamins and chemical elements",United Kingdom,61.78,34.55,100.0,72.5,https://world.openfoodfacts.org/product/5053827105453/crunchy-nut-granola-kellogg-s
UK_5059319031088,5059319031088,Kellogg's,Kelloggs variety pack,Breakfast cereals,United Kingdom,81.17,72.73,100.0,74.02,https://world.openfoodfacts.org/product/5059319031088/kelloggs-variety-pack-kellogg-s
UK_5000127780064,5000127780064,Kellogg's,kelloggscoco pops,Cereal bar with chocolate fortified with vitamins and minerals,United Kingdom,67.87,47.27,100.0,71.15,https://world.openfoodfacts.org/product/5000127780064/kelloggscoco-pops-kelloggs
UK_5050083344756,5050083344756,Kellogg's,Nutri-Grain Choc Chip Breakfast Bakes 6 x imp,Brownies,United Kingdom,69.52,50.91,100.0,70.35,https://world.openfoodfacts.org/product/5050083344756/nutri-grain-choc-chip-breakfast-bakes-6-x-imp-kellogg-s
UK_5050083542732,5050083542732,Kellogg's,"Nutri grain bar, blueberry flavour","Biscuits, Cereal bar with fruits fortified with vitamins and minerals",United Kingdom,71.4,54.55,100.0,70.65,https://world.openfoodfacts.org/product/5050083542732/nutri-grain-bar-blueberry-flavour-kellogg-s
UK_5000127153950,5000127153950,Kellogg's,Frosties,Extruded cereals,United Kingdom,56.86,49.09,,75.0,https://world.openfoodfacts.org/product/5000127153950/frosties-kellogg-s
UK_5059320001087,5059320001087,Kellogg's,S'mores Choco & Marshmallow Pop Tarts,Cakes,United Kingdom,66.93,47.27,100.0,66.49,https://world.openfoodfacts.org/product/5059320001087/s-mores-choco-marshmallow-pop-tarts-kellogg-s
UK_5059319022550,5059319022550,Kellogg's,KRAVE Milk Chocolate,"Chocolate cereals, Filled cereals",United Kingdom,70.01,50.91,100.0,72.75,https://world.openfoodfacts.org/product/5059319022550/krave-milk-chocolate-kellogg-s
UK_5050083449031,5050083449031,Kellogg's,Rice Krispies Squares Totally Chocolate,"Candy chocolate bars, Chocolate cereal bars",United Kingdom,51.41,21.82,85.0,75.0,https://world.openfoodfacts.org/product/5050083449031/rice-krispies-squares-kellogg-s
UK_5059319022581,5059319022581,Kellogg's,KRAVE Chocolate Hazelnut Flavour,"Chocolate cereals, Filled cereals",United Kingdom,67.92,45.45,100.0,75.96,https://world.openfoodfacts.org/product/5059319022581/krave-chocolate-hazelnut-flavour-kellogg-s
UK_5053827186797,5053827186797,Kellogg's,Nutri-Grain Strawberry,"Cereal bars, Snacks-sucrés",United Kingdom,70.57,52.73,100.0,71.03,https://world.openfoodfacts.org/product/5053827186797/nutri-grain-strawberry-kellogg-s
UK_5050083344787,5050083344787,Kellogg's,Nutri-Grain Raisin Bake,"Biscuits, Cereal bars, Breakfast bar",United Kingdom,69.74,50.91,100.0,71.41,https://world.openfoodfacts.org/product/5050083344787/nutri-grain-raisin-bake-kellogg-s
UK_5000127730137,5000127730137,Kellogg's,Rice Krispies Squares gooey marshmallow,Cereal bars,United Kingdom,56.73,34.55,85.0,69.79,https://world.openfoodfacts.org/product/5000127730137/rice-krispies-squares-gooey-marshmallow-kellogg-s
UK_5059319025063,5059319025063,Kellogg's,coco pops mega pops,Extruded cereals,United Kingdom,74.06,74.55,,72.92,https://world.openfoodfacts.org/product/5059319025063/coco-pops-mega-pops-kellogg-s
UK_5059321006760,5059321006760,Kellogg's,Cornflakes Square,"Corn flakes, Rice krispies squares",United Kingdom,66.48,45.45,100.0,68.78,https://world.openfoodfacts.org/product/5059321006760/cornflakes-square-kelloggs
UK_5059319032900,5059319032900,Kellogg's,crunchy nut,,United Kingdom,55.59,47.27,,75.0,https://world.openfoodfacts.org/product/5059319032900/crunchy-nut-kellogg
UK_5059319036779,5059319036779,Kellogg's,Coco pops,Breakfast cereals,United Kingdom,72.55,72.73,,72.14,https://world.openfoodfacts.org/product/5059319036779/coco-pops-kellogg-s
UK_5059321007712,5059321007712,Kellogg's,Almond and Dark Chocolate,Nut bars,United Kingdom,63.74,40.0,100.0,68.68,https://world.openfoodfacts.org/product/5059321007712/almond-and-dark-chocolate-kellogg-s
UK_5059320001452,5059320001452,Kellogg's,Oaties Honey & Oat,"Bars, Breakfast bars",United Kingdom,74.48,60.0,100.0,72.42,https://world.openfoodfacts.org/product/5059320001452/oaties-honey-oat-kellogg-s
UK_5000127660069,5000127660069,Kellogg's,Rice Krispies,"Breakfast cereals, Cereal bars",United Kingdom,61.18,34.55,100.0,69.55,https://world.openfoodfacts.org/product/5000127660069/rice-krispies-kellogg-s
UK_5050083393693,5050083393693,Kellogg's,Corn Flakes,Corn flakes,United Kingdom,69.59,67.27,,75.0,https://world.openfoodfacts.org/product/5050083393693/corn-flakes-kellogg-s
UK_5000127730168,5000127730168,Kellogg's,Rice Krispies Squares caramel & chocolate,"Bars, Puffed rice cakes",United Kingdom,56.32,30.91,89.29,70.41,https://world.openfoodfacts.org/product/5000127730168/rice-krispies-squares-caramel-chocolate-kellogg-s
UK_5059319021867,5059319021867,Kellogg's,Frosties cereal,Cereal flakes,United Kingdom,69.59,67.27,,75.0,https://world.openfoodfacts.org/product/5059319021867/frosties-cereal-kelloggs
UK_5059319023915,5059319023915,Kellogg's,Kelloggs Honey Loops 330g,"Breakfast cereals fortified with vitamins and chemical elements, Extruded cereals",United Kingdom,75.67,61.82,100.0,73.78,https://world.openfoodfacts.org/product/5059319023915/kelloggs-honey-loops-330g-kellogg-s
UK_5059319023991,5059319023991,Kellogg's,Kelloggs Honey Pops 330g,Breakfast cereals,United Kingdom,79.29,69.09,100.0,73.73,https://world.openfoodfacts.org/product/5059319023991/kelloggs-honey-pops-330g-kellogg
UK_5059319030487,5059319030487,Kellogg's,cornflakes,"Corn flakes, Cornflakes with skimmed milk",United Kingdom,52.81,45.45,,70.0,https://world.openfoodfacts.org/product/5059319030487/cornflakes-kelloggs
UK_5050083496424,5050083496424,Kellogg's,Chocolate Squares,,United Kingdom,45.41,32.73,,75.0,https://world.openfoodfacts.org/product/5050083496424/chocolate-squares-kellogg-s
UK_5059319036830,5059319036830,Kellogg's,"T3 RITZ £3.25 €3.69 Kellogg snap, crackle, pop Ric",,United Kingdom,70.86,69.09,,75.0,https://world.openfoodfacts.org/product/5059319036830/t3-ritz-3-25-3-69-kellogg-snap-crackle-pop-ric-kellogg-s
UK_5059319036953,5059319036953,Kellogg's,Kelloggs Cornflakes,,United Kingdom,69.36,69.09,,70.0,https://world.openfoodfacts.org/product/5059319036953/kelloggs-cornflakes-kellogg-s
UK_5059319037073,5059319037073,Kellogg's,Crunchy Nut granola Hazelnut And Chocolate,,United Kingdom,50.27,41.82,,70.0,https://world.openfoodfacts.org/product/5059319037073/crunchy-nut-granola-hazelnut-and-chocolate-kellogg-s
UK_5059321007743,5059321007743,Kellogg's,Almond and Salted Caramel Flavour,Nut bars,United Kingdom,63.74,40.0,100.0,68.7,https://world.openfoodfacts.org/product/5059321007743/almond-and-salted-caramel-flavour-kellogg-s
UK_5059319037103,5059319037103,Kellogg's,Kellogg’s Fruit N Fibre Cereal,Breakfast cereals,United Kingdom,59.53,52.73,,75.4,https://world.openfoodfacts.org/product/5059319037103/kellogg-s-fruit-n-fibre-cereal
UK_5059319038780,5059319038780,Kellogg's,Smacks,,United Kingdom,64.85,61.82,,71.93,https://world.openfoodfacts.org/product/5059319038780/smacks-kellogg-s
UK_5053827209205,5053827209205,Kellogg's,Corn Flakes Cereal,Sugar iced corn flakes fortified with vitamins and chemical elements,United Kingdom,70.86,69.09,,75.0,https://world.openfoodfacts.org/product/5053827209205/corn-flakes-cereal-kellogg-s
UK_5053827193894,5053827193894,Kellogg's,Kellogg Bran Flakes,"Breakfast cereals rich in fibre, Extruded wheat flakes",United Kingdom,73.92,74.55,,72.44,https://world.openfoodfacts.org/product/5053827193894/kellogg-bran-flakes-kellogg-s
UK_5053827142229,5053827142229,Kellogg's,Kellogg's Special K Peach & Apricot Cereal 360G,Breakfast cereals,United Kingdom,56.64,50.91,,70.0,https://world.openfoodfacts.org/product/5053827142229/kellogg-s-special-k-peach-apricot-cereal-360g
UK_5059321004018,5059321004018,Kellogg's,Fruit winder,Confectioneries,United Kingdom,67.7,49.09,100.0,65.8,https://world.openfoodfacts.org/product/5059321004018/fruit-winder-kellogg-s
UK_5050083451751,5050083451751,Kellogg's,Squares,Cereal bars,United Kingdom,56.33,34.55,85.0,67.76,https://world.openfoodfacts.org/product/5050083451751/squares-kellogg-s
UK_5050083392863,5050083392863,Kellogg's,Crunchy Nut,"Corn flakes, Cereals with honey",United Kingdom,56.86,49.09,,75.0,https://world.openfoodfacts.org/product/5050083392863/crunchy-nut-kellogg-s
UK_5050083393624,5050083393624,Kellogg's,Rice Krispies,Plain puffed rice,United Kingdom,60.68,54.55,,75.0,https://world.openfoodfacts.org/product/5050083393624/rice-krispies-kellogg-s
UK_5053827182959,5053827182959,Kellogg's,"Kellogg's Crunchy Nut Granola,chocolate & Hazelnuts 600G",Breakfast cereals,United Kingdom,61.56,34.55,100.0,71.41,https://world.openfoodfacts.org/product/5053827182959/kellogg-s-crunchy-nut-granola-chocolate-hazelnuts-600g
UK_8901262177191,8901262177191,Amul,Cassatta Ice Cream,,United Kingdom,54.09,47.27,,70.0,https://world.openfoodfacts.org/product/8901262177191/cassatta-ice-cream-amul
UK_8901262010207,8901262010207,Amul,Butter School Pack,Butters,United Kingdom,55.91,21.82,100.0,75.0,https://world.openfoodfacts.org/product/8901262010207/butter-school-pack-amul
UK_8904063220578,8904063220578,haldirams,plant based keema paratha,Breads,United Kingdom,82.19,74.55,100.0,74.58,https://world.openfoodfacts.org/product/8904063220578/plant-based-keema-paratha-haldirams
UK_8904063224101,8904063224101,Haldirams,Millet Cookies,,United Kingdom,37.55,23.64,,70.0,https://world.openfoodfacts.org/product/8904063224101/millet-cookies-haldirams
UK_8904063211125,8904063211125,Haldirams,Aloo Tikki,,United Kingdom,66.81,65.45,,70.0,https://world.openfoodfacts.org/product/8904063211125/aloo-tikki-haldirams
UK_8445291140950,8445291140950,Maggi,Air Fryer Fajita,Spices,United Kingdom,74.48,72.73,,78.57,https://world.openfoodfacts.org/product/8445291140950/air-fryer-fajita-maggi
UK_8715000029723,8715000029723,Maggi,Liquid Seasoning,Condiments,United Kingdom,80.62,72.73,100.0,71.25,https://world.openfoodfacts.org/product/8715000029723/liquid-seasoning-maggi
UK_8445290163790,8445290163790,Maggi,Maggi so juicy mexican,Condiments,United Kingdom,55.59,47.27,,75.0,https://world.openfoodfacts.org/product/8445290163790/maggi-so-juicy-mexican
UK_8445291140998,8445291140998,Maggi,Air Fryer Piri Piri,Sauce mix - dried ingredients,United Kingdom,54.76,47.27,,72.24,https://world.openfoodfacts.org/product/8445291140998/air-fryer-piri-piri-maggi
UK_8445290163714,8445290163714,Maggi,Butter chicken,Cooking spice mix,United Kingdom,68.05,47.27,100.0,72.06,https://world.openfoodfacts.org/product/8445290163714/butter-chicken-maggi
UK_8715000029716,8715000029716,Maggi,Liquid Seasoning Hot,Condiments,United Kingdom,76.16,63.64,100.0,71.69,https://world.openfoodfacts.org/product/8715000029716/liquid-seasoning-hot-maggi
UK_5000243726960,5000243726960,Maggi,Authentic Indian Tamarind Sauce,Tamarind sauce,United Kingdom,53.75,40.0,62.5,75.0,https://world.openfoodfacts.org/product/5000243726960/authentic-indian-tamarind-sauce-maggi
UK_8445290922786,8445290922786,Maggi,Sweet Teriyaki,Spice blends,United Kingdom,44.14,30.91,,75.0,https://world.openfoodfacts.org/product/8445290922786/sweet-teriyaki-maggi
UK_7613033910074,7613033910074,Maggi,Garlic bag,Herbs and spices,United Kingdom,79.12,80.0,,77.08,https://world.openfoodfacts.org/product/7613033910074/garlic-bag-maggi
UK_7613036483063,7613036483063,Maggi,Mixed Herbs,Herbs and spices,United Kingdom,49.94,40.0,,73.12,https://world.openfoodfacts.org/product/7613036483063/mixed-herbs-maggi
UK_8445290163738,8445290163738,Maggi,Sweet &quot,"Spices, Sauces, spice-mix",United Kingdom,60.88,32.73,100.0,72.56,https://world.openfoodfacts.org/product/8445290163738/sweet-quot-maggi
UK_7613035531543,7613035531543,Maggi,Maggi Sizzling 'n' spicy PIRI PIRI MAKE IT JUICY I,Spice blends,United Kingdom,55.92,47.27,,76.11,https://world.openfoodfacts.org/product/7613035531543/maggi-sizzling-n-spicy-piri-piri-make-it-juicy-i
UK_7613036736497,7613036736497,Maggi,Mediterranean,,United Kingdom,58.64,50.91,,76.67,https://world.openfoodfacts.org/product/7613036736497/mediterranean-maggi
UK_8445290922762,8445290922762,Maggi,Pan-Perfect Sticky Korean BBQ,"Cooking helpers, Korean, Seasoning mix",United Kingdom,49.56,38.18,,76.11,https://world.openfoodfacts.org/product/8445290922762/pan-perfect-sticky-korean-bbq-maggi
UK_21061868,21061868,Maggi,Chicken Flavour Instant Noodles,,United Kingdom,77.23,78.18,,75.0,https://world.openfoodfacts.org/product/21061868/chicken-flavour-instant-noodles-maggi
UK_4792024009331,4792024009331,Maggi,Coconut milk powder mix,"Coconut milks and creams, Plant-based creams for cooking, Coconut milk powder",United Kingdom,60.65,36.36,100.0,62.35,https://world.openfoodfacts.org/product/4792024009331/coconut-milk-powder-mix-maggi
UK_0643435062795,0643435062795,Maggi,Maggi chicken flavour instant noodles,Instant noodles,United Kingdom,79.63,69.09,100.0,75.42,https://world.openfoodfacts.org/product/0643435062795/maggi-chicken-flavour-instant-noodles
UK_8445290163752,8445290163752,Maggi,Sweet Chilli Bag,"Chicken seasoning, Sweet chilli",United Kingdom,81.37,72.73,100.0,75.0,https://world.openfoodfacts.org/product/8445290163752/sweet-chilli-bag-maggi
UK_8445291245822,8445291245822,Maggi,Hot Cup Curry,Instant noodles,United Kingdom,67.72,45.45,100.0,75.0,https://world.openfoodfacts.org/product/8445291245822/hot-cup-curry-maggi
UK_8445291658950,8445291658950,Maggi,Air Fryer Crispy Coating Korean BBQ Style,,United Kingdom,59.18,54.55,,70.0,https://world.openfoodfacts.org/product/8445291658950/air-fryer-crispy-coating-korean-bbq-style-maggi
UK_9556001135957,9556001135957,"Maggi, Nestlé",Curry Flavour Instant Noodles,Instant noodles,United Kingdom,80.59,72.73,100.0,71.14,https://world.openfoodfacts.org/product/9556001135957/curry-flavour-instant-noodles-maggi
UK_7613035236004,7613035236004,Maggi,Cajun,"Spice blends, Groceries",United Kingdom,59.88,52.73,,76.56,https://world.openfoodfacts.org/product/7613035236004/cajun-maggi
UK_5000243678702,5000243678702,Maggi,Authentic Indian Masala Chilli Sauce,Hot sauces,United Kingdom,60.22,45.45,75.0,75.0,https://world.openfoodfacts.org/product/5000243678702/authentic-indian-masala-chilli-sauce-maggi
UK_5900085011937,5900085011937,Maggi,Unknown Product,"Condiments, Groceries",United Kingdom,71.96,56.36,100.0,68.92,https://world.openfoodfacts.org/product/5900085011937/maggi
UK_9556001313034,9556001313034,Maggi,Chicken Maggi Mi,,United Kingdom,59.18,54.55,,70.0,https://world.openfoodfacts.org/product/9556001313034/chicken-maggi-mi
UK_8445291658790,8445291658790,Maggi,NEW Maggi SIMPLY ADD CHICKEN MINI 15 FILETS ASR FR,,United Kingdom,60.68,54.55,,75.0,https://world.openfoodfacts.org/product/8445291658790/new-maggi-simply-add-chicken-mini-15-filets-asr-fr
UK_9556001322142,9556001322142,Maggi,Spicy Chilli Mi Goreng,,United Kingdom,42.64,30.91,,70.0,https://world.openfoodfacts.org/product/9556001322142/spicy-chilli-mi-goreng-maggi
UK_5900085011180,5900085011180,"Maggi, Nestlé",Przyprawa Maggi,Condiments,United Kingdom,73.18,56.36,100.0,75.0,https://world.openfoodfacts.org/product/5900085011180/przyprawa-maggi-nestle
UK_9556001255693,9556001255693,Maggi,2 Minute Chicken Flavour Noodles,"Cereals and their products, Instant noodles, Instant noodles with chicken flavour",United Kingdom,76.49,67.27,100.0,64.28,https://world.openfoodfacts.org/product/9556001255693/2-minute-chicken-flavour-noodles-maggi
UK_8445290435712,8445290435712,Maggi,Chicken Flavor Noodles,Instant noodles,United Kingdom,77.45,67.27,100.0,69.06,https://world.openfoodfacts.org/product/8445290435712/chicken-flavor-noodles-maggi
UK_7616100055579,7616100055579,Maggi,Authentic Malaysian Chilli Sauce with Garlic,,United Kingdom,56.86,49.09,,75.0,https://world.openfoodfacts.org/product/7616100055579/authentic-malaysian-chilli-sauce-with-garlic-maggi
UK_7613033828737,7613033828737,Maggi,Maggi: Sweet & Spicy Mexican,,United Kingdom,51.33,40.0,,77.78,https://world.openfoodfacts.org/product/7613033828737/maggi-sweet-spicy-mexican
UK_7613033583360,7613033583360,Maggi,sticky and sweet bbq,,United Kingdom,59.72,29.09,100.0,75.86,https://world.openfoodfacts.org/product/7613033583360/sticky-and-sweet-bbq-maggi
UK_7613033910135,7613033910135,Maggi,Smoky & saucy paprika,,United Kingdom,52.89,43.64,,74.49,https://world.openfoodfacts.org/product/7613033910135/smoky-saucy-paprika-maggi
UK_7613036394611,7613036394611,Maggi,maggi sweet chilli,,United Kingdom,81.37,72.73,100.0,75.0,https://world.openfoodfacts.org/product/7613036394611/maggi-sweet-chilli
UK_9556001312990,9556001312990,Maggi,Maggi,,United Kingdom,52.81,45.45,,70.0,https://world.openfoodfacts.org/product/9556001312990/maggi
UK_12187117,12187117,Maggi,Instant noodles chicken flavour,"Cereals and their products, Instant noodles",United Kingdom,71.46,52.73,100.0,75.46,https://world.openfoodfacts.org/product/12187117/instant-noodles-chicken-flavour-maggi
UK_7613287554376,7613287554376,Maggi,Chow Mein Flavour Instant Noodles,Instant noodles,United Kingdom,80.46,70.91,100.0,75.0,https://world.openfoodfacts.org/product/7613287554376/chow-mein-flavour-instant-noodles-maggi
UK_8901058867381,8901058867381,Maggi,Rich tomato ketchup,Ketchup,United Kingdom,60.36,43.64,81.25,70.81,https://world.openfoodfacts.org/product/8901058867381/rich-tomato-ketchup-maggi
UK_7613033828416,7613033828416,Maggi,Chasseur,,United Kingdom,57.91,52.73,,70.0,https://world.openfoodfacts.org/product/7613033828416/chasseur-maggi
UK_8445290435774,8445290435774,Maggi,Curry Flavour Noodles,Instant noodles,United Kingdom,69.59,67.27,,75.0,https://world.openfoodfacts.org/product/8445290435774/curry-flavour-noodles-maggi
UK_7616100055562,7616100055562,Maggi,9 Maggi AUTHENTIC- Malaysian Recipe EXTRA HOT CHIL,"Hot sauces, Groceries",United Kingdom,54.09,47.27,,70.0,https://world.openfoodfacts.org/product/7616100055562/9-maggi-authentic-malaysian-recipe-extra-hot-chil
UK_8585002432742,8585002432742,Maggi,So Tender Mediterranean Tomato Chicken,,United Kingdom,54.02,21.82,100.0,65.56,https://world.openfoodfacts.org/product/8585002432742/so-tender-mediterranean-tomato-chicken-maggi
UK_7613038874906,7613038874906,Maggi,Sweet potato curry seasoning,,United Kingdom,51.55,43.64,,70.0,https://world.openfoodfacts.org/product/7613038874906/sweet-potato-curry-seasoning-maggi
UK_6151100034786,6151100034786,Maggi,Star Seasoning,,United Kingdom,68.12,47.27,100.0,72.41,https://world.openfoodfacts.org/product/6151100034786/star-seasoning-maggi
UK_7613034991935,7613034991935,Maggi,noodles,,United Kingdom,81.43,72.73,100.0,75.34,https://world.openfoodfacts.org/product/7613034991935/noodles-maggi
UK_9000904503011,9000904503011,Maggi,Chicken Flavour Noodles,Chicken Flavour Noodles,United Kingdom,68.09,67.27,,70.0,https://world.openfoodfacts.org/product/9000904503011/chicken-flavour-noodles-maggi
UK_7613033488146,7613033488146,Maggi,Unknown Product,"Meat-based pasta sauces, Tinned-tomato-s",United Kingdom,81.37,72.73,100.0,75.0,https://world.openfoodfacts.org/product/7613033488146/maggi
UK_1060203890807,1060203890807,Maggi,Unknown Product,"Chicken seasoning, liquid seasoning",United Kingdom,70.01,52.73,100.0,68.21,https://world.openfoodfacts.org/product/1060203890807/maggi
UK_7613035283770,7613035283770,"Maggi, Saveur a l'ancienne",MAGGI Saveur à l'Ancienne Soupe de Poule aux Vermicelles,"Dehydrated soups, Chicken and vermicelli soup",United Kingdom,81.37,72.73,100.0,75.0,https://world.openfoodfacts.org/product/7613035283770/maggi-saveur-a-l-ancienne-soupe-de-poule-aux-vermicelles
UK_7613035898370,7613035898370,Maggi,fusian sticky hoisin duck noodles,"Cereals and their products, Instant noodles",United Kingdom,80.48,72.73,100.0,70.6,https://world.openfoodfacts.org/product/7613035898370/fusian-sticky-hoisin-duck-noodles-maggi
UK_7613036349192,7613036349192,Maggi,Authentic asian noodles,Instant noodles,United Kingdom,45.18,34.55,,70.0,https://world.openfoodfacts.org/product/7613036349192/authentic-asian-noodles-maggi
UK_7613036394574,7613036394574,Maggi,Spicy and aromatic thai green curry,,United Kingdom,46.45,36.36,,70.0,https://world.openfoodfacts.org/product/7613036394574/spicy-and-aromatic-thai-green-curry-maggi
UK_6221007004479,6221007004479,Maggi,Maggi,,United Kingdom,55.36,49.09,,70.0,https://world.openfoodfacts.org/product/6221007004479/maggi
UK_7613035017580,7613035017580,Maggi,maggi beef noodles,"Cereals and their products, Instant noodles",United Kingdom,81.37,72.73,100.0,75.0,https://world.openfoodfacts.org/product/7613035017580/maggi-beef-noodles
UK_77782717,77782717,Maggi,Maggi noodles,,United Kingdom,81.46,72.73,100.0,75.46,https://world.openfoodfacts.org/product/77782717/maggi-noodles
UK_8901058101614,8901058101614,Maggi,Hot and sweet,,United Kingdom,47.73,38.18,,70.0,https://world.openfoodfacts.org/product/8901058101614/hot-and-sweet-maggi
UK_7613039881767,7613039881767,Maggi,Satay vegetables,,United Kingdom,37.55,23.64,,70.0,https://world.openfoodfacts.org/product/7613039881767/satay-vegetables-maggi
UK_7613287555595,7613287555595,Maggi,Maggi Chicken Curry Dinner for 2,,United Kingdom,79.54,69.09,100.0,75.0,https://world.openfoodfacts.org/product/7613287555595/maggi-chicken-curry-dinner-for-2
UK_07258169,07258169,Maggi,sweet and sour mexican,,United Kingdom,74.09,72.73,,77.27,https://world.openfoodfacts.org/product/07258169/sweet-and-sour-mexican-maggi
UK_6043000011212,6043000011212,Maggi,Mameun epices,,United Kingdom,71.91,72.73,,70.0,https://world.openfoodfacts.org/product/6043000011212/mameun-epices-maggi
UK_7613287612564,7613287612564,Maggi,Hot cup,,United Kingdom,51.55,43.64,,70.0,https://world.openfoodfacts.org/product/7613287612564/hot-cup-maggi
UK_8585002431349,8585002431349,Maggi,Paprika seasoned cooking papers,,United Kingdom,80.77,72.73,100.0,72.02,https://world.openfoodfacts.org/product/8585002431349/paprika-seasoned-cooking-papers-maggi
UK_7613287555557,7613287555557,Maggi,Sweet chilli stir fry noodles,,United Kingdom,52.81,45.45,,70.0,https://world.openfoodfacts.org/product/7613287555557/sweet-chilli-stir-fry-noodles-maggi
UK_7460123438709,7460123438709,Maggi,Season-up!,,United Kingdom,65.55,63.64,,70.0,https://world.openfoodfacts.org/product/7460123438709/season-up-maggi
UK_7460123456109,7460123456109,Maggi,Season up All purpose,,United Kingdom,74.45,76.36,,70.0,https://world.openfoodfacts.org/product/7460123456109/season-up-all-purpose-maggi
UK_7613033743016,7613033743016,Maggi,Mashed potato flakes,,United Kingdom,74.45,76.36,,70.0,https://world.openfoodfacts.org/product/7613033743016/mashed-potato-flakes-maggi
UK_7613287612489,7613287612489,Maggi,Hot cup,,United Kingdom,52.81,45.45,,70.0,https://world.openfoodfacts.org/product/7613287612489/hot-cup-maggi
UK_5941017018532,5941017018532,Maggi,Maggi supa fidea,,United Kingdom,57.91,52.73,,70.0,https://world.openfoodfacts.org/product/5941017018532/maggi-supa-fidea
UK_5941017018594,5941017018594,Maggi,Maggi supa vacuta,Dehydrated soups,United Kingdom,69.36,69.09,,70.0,https://world.openfoodfacts.org/product/5941017018594/maggi-supa-vacuta
UK_8445290045003,8445290045003,Maggi,Thai noodle spice bag,,United Kingdom,54.09,47.27,,70.0,https://world.openfoodfacts.org/product/8445290045003/thai-noodle-spice-bag-maggi
UK_8901058892789,8901058892789,Maggi,Maggi,,United Kingdom,46.45,36.36,,70.0,https://world.openfoodfacts.org/product/8901058892789/maggi
UK_8445290044983,8445290044983,Maggi,Chickem korma,,United Kingdom,54.09,47.27,,70.0,https://world.openfoodfacts.org/product/8445290044983/chickem-korma-maggi
UK_8901058901320,8901058901320,Maggi,Maggie,,United Kingdom,50.27,41.82,,70.0,https://world.openfoodfacts.org/product/8901058901320/maggie-maggi
UK_7460123429400,7460123429400,Maggi,Maggi season-up fish powdered seasoning,,United Kingdom,74.45,76.36,,70.0,https://world.openfoodfacts.org/product/7460123429400/maggi-season-up-fish-powdered-seasoning
UK_7613039869246,7613039869246,Maggi,Feta&roasted vegetables,,United Kingdom,55.36,49.09,,70.0,https://world.openfoodfacts.org/product/7613039869246/feta-roasted-vegetables-maggi
UK_5060060381292,5060060381292,Maggi,Tamarino sauce,,United Kingdom,49.0,40.0,,70.0,https://world.openfoodfacts.org/product/5060060381292/tamarino-sauce-maggi
UK_8901058905274,8901058905274,Maggi,maggi 2 minute noodles,Instant noodles,United Kingdom,45.18,34.55,,70.0,https://world.openfoodfacts.org/product/8901058905274/maggi-2-minute-noodles
UK_50097654,50097654,Maggi,Sauce maggi,,United Kingdom,78.27,81.82,,70.0,https://world.openfoodfacts.org/product/50097654/sauce-maggi
UK_7613030612247,7613030612247,Maggi,Costilla con fideos (Maggi),,United Kingdom,68.09,67.27,,70.0,https://world.openfoodfacts.org/product/7613030612247/costilla-con-fideos-maggi
UK_8613041062795,8613041062795,Maggi,Chicken Flavour Noodles,,United Kingdom,69.36,69.09,,70.0,https://world.openfoodfacts.org/product/8613041062795/chicken-flavour-noodles-maggi
UK_9400556061226,9400556061226,Maggi,Creamy Chicken Soup for a Cup,,United Kingdom,45.18,34.55,,70.0,https://world.openfoodfacts.org/product/9400556061226/creamy-chicken-soup-for-a-cup-maggi
UK_9556001322128,9556001322128,Maggi,Hot Mealz Spicy Curry,,United Kingdom,71.36,52.73,100.0,75.0,https://world.openfoodfacts.org/product/9556001322128/hot-mealz-spicy-curry-maggi
UK_9556001323859,9556001323859,Maggi,Instant Noodles,,United Kingdom,50.27,41.82,,70.0,https://world.openfoodfacts.org/product/9556001323859/instant-noodles-maggi
UK_6151100038289,6151100038289,Maggi,Star Seasoning,,United Kingdom,80.12,72.73,100.0,68.76,https://world.openfoodfacts.org/product/6151100038289/star-seasoning-maggi
UK_5000243505282,5000243505282,Maggi,Curry Flavour Instant Noodles,,United Kingdom,49.0,40.0,,70.0,https://world.openfoodfacts.org/product/5000243505282/curry-flavour-instant-noodles-maggi
UK_8445291935129,8445291935129,Maggi,Noodles,,United Kingdom,71.91,72.73,,70.0,https://world.openfoodfacts.org/product/8445291935129/noodles-maggi
UK_5000243505275,5000243505275,Maggi,Chicken Noodles,,United Kingdom,43.91,32.73,,70.0,https://world.openfoodfacts.org/product/5000243505275/chicken-noodles-maggi
UK_5000159523752,5000159523752,Mars,maltesers 310g,Bonbons,United Kingdom,55.95,23.64,100.0,70.63,https://world.openfoodfacts.org/product/5000159523752/maltesers-310g-mars
UK_5000159551823,5000159551823,Mars,Mars Bar,"Chocolate candies, Bars",United Kingdom,80.01,72.73,100.0,68.23,https://world.openfoodfacts.org/product/5000159551823/mars-bar
UK_5900951313592,5900951313592,"Mars, Twix",Twix,Chocolate biscuity bars,United Kingdom,57.86,27.27,100.0,71.11,https://world.openfoodfacts.org/product/5900951313592/twix-mars
UK_5000159566971,5000159566971,Mars,Celebration,Chocolate-covered biscuits,United Kingdom,66.86,45.45,100.0,70.69,https://world.openfoodfacts.org/product/5000159566971/celebration-mars
UK_5000159571067,5000159571067,Mars,Revels,"Sweet snacks, Revels",United Kingdom,55.12,23.64,100.0,66.49,https://world.openfoodfacts.org/product/5000159571067/revels-mars
UK_5000159572088,5000159572088,Mars,More to share! WHITE NEW Maltesers,Candies,United Kingdom,56.48,23.64,100.0,73.32,https://world.openfoodfacts.org/product/5000159572088/more-to-share-white-new-maltesers-mars
UK_5060402902697,5060402902697,Mars,Mars High Protein Milk Drink,"Chocolate candies, Milks, Chocolate milks",United Kingdom,78.88,69.09,100.0,71.66,https://world.openfoodfacts.org/product/5060402902697/mars-high-protein-milk-drink
UK_6221134013801,6221134013801,"Mars, Twix",Twix  11.25 g 241kJ 57kcal TWIX OCPV ROLLS 2x,"Chocolate candies, Bars",United Kingdom,39.05,23.64,,75.0,https://world.openfoodfacts.org/product/6221134013801/twix-11-25-g-241kj-57kcal-twix-ocpv-rolls-2x-mars
UK_6221134013696,6221134013696,Mars,Bounty Crispy rolls,Chocolate candies,United Kingdom,79.54,69.09,100.0,75.0,https://world.openfoodfacts.org/product/6221134013696/bounty-crispy-rolls-mars
UK_5000159530750,5000159530750,Mars,Galaxy Minstrels Pouch Bag,"Chocolates, Milk chocolate candies",United Kingdom,57.12,25.45,100.0,72.0,https://world.openfoodfacts.org/product/5000159530750/galaxy-minstrels-pouch-bag-mars
UK_4009900542128,4009900542128,Mars,Fruits skittles,Candies,United Kingdom,64.39,43.64,98.21,65.53,https://world.openfoodfacts.org/product/4009900542128/fruits-skittles-mars
UK_4009900545907,4009900545907,Mars,Skittles,"Candies, Skittles",United Kingdom,63.19,41.82,98.21,64.07,https://world.openfoodfacts.org/product/4009900545907/skittles-mars
UK_5000159553674,5000159553674,Mars,Chocolate Bunny,,United Kingdom,37.55,23.64,,70.0,https://world.openfoodfacts.org/product/5000159553674/chocolate-bunny-mars
UK_5000159554657,5000159554657,Mars,Maltesers Bunny,Chocolate confectionery with dairy filling,United Kingdom,55.89,23.64,100.0,70.33,https://world.openfoodfacts.org/product/5000159554657/maltesers-bunny-mars
UK_4009900532457,4009900532457,Mars,Airwaves,"Good, Gum",United Kingdom,77.34,69.09,94.64,72.03,https://world.openfoodfacts.org/product/4009900532457/airwaves-mars
UK_4009900539302,4009900539302,"Mars, Starburst",Starburst Minis Original Unwrapped,Candies,United Kingdom,78.77,72.73,100.0,62.04,https://world.openfoodfacts.org/product/4009900539302/starburst-minis-original-unwrapped
UK_5000159565028,5000159565028,Mars,Snickers,,United Kingdom,56.26,25.45,100.0,67.7,https://world.openfoodfacts.org/product/5000159565028/snickers-mars
UK_5056357905654,5056357905654,Mars,Triple Treat,Candy chocolate bars,United Kingdom,80.77,72.73,100.0,72.03,https://world.openfoodfacts.org/product/5056357905654/triple-treat-mars
UK_5056357910368,5056357910368,Mars,Mars Milkshake,"Flavoured milks, Mars chocolate drink",United Kingdom,69.36,69.09,,70.0,https://world.openfoodfacts.org/product/5056357910368/mars-milkshake
UK_5000159418843,5000159418843,Mars,Celebrations,Assorted chocolate candies,United Kingdom,56.65,25.45,100.0,69.61,https://world.openfoodfacts.org/product/5000159418843/celebrations-mars
UK_5000159569002,5000159569002,Mars,Mars Easter Egg,,United Kingdom,37.55,23.64,,70.0,https://world.openfoodfacts.org/product/5000159569002/mars-easter-egg
UK_5900951320996,5900951320996,Mars,Peanut M&Ms,Chocolate covered nuts,United Kingdom,38.81,25.45,,70.0,https://world.openfoodfacts.org/product/5900951320996/peanut-m-ms-mars
UK_5000159603676,5000159603676,Mars,Revels,Milk chocolate candies,United Kingdom,55.33,23.64,100.0,67.56,https://world.openfoodfacts.org/product/5000159603676/revels-mars
UK_40111216,40111216,Mars,Bounty Coconut Milk Chocolate Bar 57 g,"Chocolates, Candy chocolate bars",United Kingdom,56.27,23.64,100.0,72.25,https://world.openfoodfacts.org/product/40111216/bounty-coconut-milk-chocolate-bar-57-g-mars
UK_5000159520089,5000159520089,Mars,Revels,"Confectioneries, 19%",United Kingdom,56.95,25.45,100.0,71.11,https://world.openfoodfacts.org/product/5000159520089/revels-mars
UK_5000159520164,5000159520164,Mars,M&M Peanut Chocolate More to Share Pouch,Chocolate covered peanuts,United Kingdom,56.19,25.45,97.73,70.71,https://world.openfoodfacts.org/product/5000159520164/m-m-peanut-chocolate-more-to-share-pouch-mars
UK_5000159470476,5000159470476,Mars,Mars Bar,Caramel chocolate bars,United Kingdom,81.28,74.55,100.0,70.02,https://world.openfoodfacts.org/product/5000159470476/mars-bar
UK_5000159022521,5000159022521,"Galaxy, Mars",Ripple Chocolate Bar,Candy chocolate bars,United Kingdom,56.26,23.64,100.0,72.19,https://world.openfoodfacts.org/product/5000159022521/ripple-chocolate-bar-galaxy
UK_5056357909065,5056357909065,Mars,Galaxy Vegan Orange,"Dark chocolates, Flavoured milk chocolates, vegan chocolate",United Kingdom,55.8,23.64,100.0,69.88,https://world.openfoodfacts.org/product/5056357909065/galaxy-vegan-orange-mars
UK_4009900538947,4009900538947,Mars,starburst fruit chews,Candies,United Kingdom,63.82,38.18,100.0,73.63,https://world.openfoodfacts.org/product/4009900538947/starburst-fruit-chews-mars
UK_5000159521406,5000159521406,Mars,Mars Bar,,United Kingdom,80.65,72.73,100.0,71.44,https://world.openfoodfacts.org/product/5000159521406/mars-bar
UK_50159956,50159956,Mars,tracker peanut &caramel,Bars,United Kingdom,54.09,47.27,,70.0,https://world.openfoodfacts.org/product/50159956/tracker-peanut-caramel-mars
UK_5060402907944,5060402907944,Mars,White Truffles,Chocolate truffles,United Kingdom,55.88,23.64,100.0,70.32,https://world.openfoodfacts.org/product/5060402907944/white-truffles-mars
UK_4009900538824,4009900538824,Mars,Starbursts,Candies,United Kingdom,61.95,38.18,100.0,64.28,https://world.openfoodfacts.org/product/4009900538824/starbursts-mars
UK_5000159461177,5000159461177,Mars,Milkyway,,United Kingdom,59.68,30.91,100.0,71.12,https://world.openfoodfacts.org/product/5000159461177/milkyway-mars
UK_5000159545341,5000159545341,Mars,Mars fun size,"Confectioneries, Bars",United Kingdom,41.36,29.09,,70.0,https://world.openfoodfacts.org/product/5000159545341/mars-fun-size
UK_5056357902271,5056357902271,Mars,Mars PROTEIN,,United Kingdom,54.09,47.27,,70.0,https://world.openfoodfacts.org/product/5056357902271/mars-protein
UK_4002359663239,4002359663239,Mars,Sun dried tomato & basil stir through,Sundried Tomatoes,United Kingdom,74.09,58.18,100.0,75.0,https://world.openfoodfacts.org/product/4002359663239/sun-dried-tomato-basil-stir-through-mars
UK_5000159510745,5000159510745,Mars,Smooth Milk,,United Kingdom,56.01,23.64,100.0,70.93,https://world.openfoodfacts.org/product/5000159510745/smooth-milk-mars
UK_5000159516556,5000159516556,Mars,Twix White Xtra,Candy chocolate bars,United Kingdom,37.55,23.64,,70.0,https://world.openfoodfacts.org/product/5000159516556/twix-white-xtra-mars
UK_4009900526814,4009900526814,Mars,Mini starbursts,Candies,United Kingdom,63.09,40.0,100.0,65.47,https://world.openfoodfacts.org/product/4009900526814/mini-starbursts-mars
UK_5000159565004,5000159565004,Mars,Mars =51 g 948kJ 25kcal 11% 100g: BU/442 koal Mary,,United Kingdom,80.82,72.73,100.0,72.26,https://world.openfoodfacts.org/product/5000159565004/mars-51-g-948kj-25kcal-11-100g-bu-442-koal-mary
UK_5056357911334,5056357911334,Mars,Mars Secret Centre Biscuits,,United Kingdom,41.36,29.09,,70.0,https://world.openfoodfacts.org/product/5056357911334/mars-secret-centre-biscuits
UK_4011100051300,4011100051300,Mars,Way Magic Stars Chocolate Bag,,United Kingdom,57.09,25.45,100.0,71.83,https://world.openfoodfacts.org/product/4011100051300/way-magic-stars-chocolate-bag-mars
UK_5000159481090,5000159481090,Mars,Mars,Candy chocolate bars,United Kingdom,41.36,29.09,,70.0,https://world.openfoodfacts.org/product/5000159481090/mars
UK_4710469842016,4710469842016,Mars,Whey Protein Drinks - Milk Tea Flavor,Protein powders,United Kingdom,66.81,65.45,,70.0,https://world.openfoodfacts.org/product/4710469842016/whey-protein-drinks-milk-tea-flavor-mars
UK_5900951260506,5900951260506,Mars,galaxy crispy bar,Chocolates,United Kingdom,37.55,23.64,,70.0,https://world.openfoodfacts.org/product/5900951260506/galaxy-crispy-bar-mars
UK_5060402903779,5060402903779,Mars,Mars drink,,United Kingdom,69.36,69.09,,70.0,https://world.openfoodfacts.org/product/5060402903779/mars-drink
UK_4009900527101,4009900527101,"Mars, Skittles",Skittles chewies no shell,Candies,United Kingdom,62.93,40.0,100.0,64.65,https://world.openfoodfacts.org/product/4009900527101/skittles-chewies-no-shell-mars
UK_4009900534994,4009900534994,Mars,Opal Fruits,Candies,United Kingdom,62.07,38.18,100.0,64.89,https://world.openfoodfacts.org/product/4009900534994/opal-fruits-mars
UK_5056357912539,5056357912539,Mars,HiProtein Raspberry Smash,,United Kingdom,69.95,50.91,100.0,72.46,https://world.openfoodfacts.org/product/5056357912539/hiprotein-raspberry-smash-mars
UK_5056357912997,5056357912997,Mars,Malteasers Ice Cream,,United Kingdom,50.27,41.82,,70.0,https://world.openfoodfacts.org/product/5056357912997/malteasers-ice-cream-mars
UK_5000159300766,5000159300766,Mars,Topic chocolate bars,Candy chocolate bars,United Kingdom,58.43,29.09,100.0,69.42,https://world.openfoodfacts.org/product/5000159300766/topic-chocolate-bars-mars
UK_5000159344371,5000159344371,"Mars, Snickers",SNICKERS  barres glacées,"Ice creams, Frozen bars",United Kingdom,64.09,38.18,100.0,75.0,https://world.openfoodfacts.org/product/5000159344371/snickers-barres-glacees-mars
UK_5000159483278,5000159483278,Mars,Twix White Extra,Confectioneries,United Kingdom,56.82,23.64,100.0,75.0,https://world.openfoodfacts.org/product/5000159483278/twix-white-extra-mars
UK_5000159509831,5000159509831,Mars,Mars Bites,"Bonbons, Candy chocolate bars",United Kingdom,42.86,29.09,,75.0,https://world.openfoodfacts.org/product/5000159509831/mars-bites
UK_50159284,50159284,Mars,TOPIC®,Candy chocolate bars,United Kingdom,58.64,29.09,100.0,70.47,https://world.openfoodfacts.org/product/50159284/topic-mars
UK_5060360501154,5060360501154,Mars,Mars Mix,"Confectioneries, Yogurts",United Kingdom,56.64,50.91,,70.0,https://world.openfoodfacts.org/product/5060360501154/mars-mix
UK_5060402901232,5060402901232,Mars,Mars Milk,"Flavoured milks, Sweetened beverages",United Kingdom,78.85,69.09,100.0,71.54,https://world.openfoodfacts.org/product/5060402901232/mars-milk
UK_5900951257049,5900951257049,"Mars, Mars Chocolat",Mars - Chocolat au lait,Caramel chocolate bars,United Kingdom,60.46,30.91,100.0,75.0,https://world.openfoodfacts.org/product/5900951257049/mars
UK_5000159501460,5000159501460,Mars,m,,United Kingdom,79.56,72.73,97.5,69.74,https://world.openfoodfacts.org/product/5000159501460/m-mars
UK_5060402905803,5060402905803,Mars,Cookie,,United Kingdom,71.91,72.73,,70.0,https://world.openfoodfacts.org/product/5060402905803/cookie-mars
UK_5000159526937,5000159526937,"Galaxy, Mars",galaxy easter egg,"Chocolates, Easter eggs, Chocolate eggs",United Kingdom,80.97,72.73,100.0,73.04,https://world.openfoodfacts.org/product/5000159526937/galaxy-easter-egg
UK_4009900526388,4009900526388,"Mars, Wrigley, Wrigley's",Extra Minis Spearmint Chewing Gum,Sugar-free chewing gum,United Kingdom,79.0,72.73,94.23,71.82,https://world.openfoodfacts.org/product/4009900526388/extra-minis-spearmint-chewing-gum-wrigley
UK_5060402903854,5060402903854,Mars,Milky way chocolate milkshake,Flavoured milks,United Kingdom,69.36,69.09,,70.0,https://world.openfoodfacts.org/product/5060402903854/milky-way-chocolate-milkshake-mars
UK_5000159410410,5000159410410,"Mars, Snickers",Assortiment de barres au chocolat au lait,,United Kingdom,43.91,32.73,,70.0,https://world.openfoodfacts.org/product/5000159410410/assortiment-de-barres-au-chocolat-au-lait-mars
UK_5000159503914,5000159503914,Mars,Revels,,United Kingdom,47.7,7.27,100.0,70.33,https://world.openfoodfacts.org/product/5000159503914/revels-mars
UK_5000159531887,5000159531887,Mars,Mars fingers,,United Kingdom,40.09,27.27,,70.0,https://world.openfoodfacts.org/product/5000159531887/mars-fingers
UK_5060402903953,5060402903953,"Mars, Snickers",Snickers ice cream,Ice creams and sorbets,United Kingdom,56.64,50.91,,70.0,https://world.openfoodfacts.org/product/5060402903953/snickers-ice-cream
UK_5000159520195,5000159520195,Mars,Unknown Product,Bonbons,United Kingdom,79.75,72.73,97.73,70.32,https://world.openfoodfacts.org/product/5000159520195/mars
UK_5000159504645,5000159504645,Mars,Mars,,United Kingdom,41.36,29.09,,70.0,https://world.openfoodfacts.org/product/5000159504645/mars
UK_5000159530613,5000159530613,Mars,Glace,,United Kingdom,66.81,65.45,,70.0,https://world.openfoodfacts.org/product/5000159530613/glace-mars
UK_5056357903629,5056357903629,Mars,Mars Spread,,United Kingdom,38.81,25.45,,70.0,https://world.openfoodfacts.org/product/5056357903629/mars-spread
UK_5000159475082,5000159475082,Mars,MARS,,United Kingdom,42.64,30.91,,70.0,https://world.openfoodfacts.org/product/5000159475082/mars
UK_5060402909207,5060402909207,Mars,Mars Whey Protein Powder,Protein powders,United Kingdom,77.0,80.0,,70.0,https://world.openfoodfacts.org/product/5060402909207/mars-whey-protein-powder
UK_5000159531207,5000159531207,Mars,Mars candy bar,,United Kingdom,41.36,29.09,,70.0,https://world.openfoodfacts.org/product/5000159531207/mars-candy-bar
UK_5000159541473,5000159541473,Mars,Barre glacée Mars,"Frozen foods, nl:IJs/Diepvriesdesserten",United Kingdom,53.05,43.64,,75.0,https://world.openfoodfacts.org/product/5000159541473/ice-cream-mars
UK_4009900538602,4009900538602,Mars,skittles squishy cloudz,Candies,United Kingdom,67.95,47.27,100.0,71.56,https://world.openfoodfacts.org/product/4009900538602/skittles-squishy-cloudz-mars
UK_75315757,75315757,"Mars, WRIGLEYS",chewing gum,,United Kingdom,68.09,67.27,,70.0,https://world.openfoodfacts.org/product/75315757/chewing-gum-mars
UK_5000159537964,5000159537964,"Maltesers, Mars",Maltesers Buttons Orange,Milk chocolate candies,United Kingdom,55.83,23.64,100.0,70.03,https://world.openfoodfacts.org/product/5000159537964/maltesers-buttons-orange
UK_4009900522694,4009900522694,Mars,Skittles,Candies,United Kingdom,55.36,49.09,,70.0,https://world.openfoodfacts.org/product/4009900522694/skittles-mars
UK_5056357908686,5056357908686,Mars,Iced coffee,,United Kingdom,71.91,72.73,,70.0,https://world.openfoodfacts.org/product/5056357908686/iced-coffee-mars
UK_5056357907801,5056357907801,Mars,Mar icecream,,United Kingdom,52.81,45.45,,70.0,https://world.openfoodfacts.org/product/5056357907801/mar-icecream-mars
UK_5056357906842,5056357906842,Mars,Protein mars,,United Kingdom,57.91,52.73,,70.0,https://world.openfoodfacts.org/product/5056357906842/protein-mars
UK_5000159551618,5000159551618,Mars,Mars duo,Confectioneries,United Kingdom,43.91,32.73,,70.0,https://world.openfoodfacts.org/product/5000159551618/mars-duo
UK_5056357909409,5056357909409,Mars,Milk Drink,Flavoured milks,United Kingdom,81.37,72.73,100.0,75.0,https://world.openfoodfacts.org/product/5056357909409/milk-drink-mars
UK_6294001815266,6294001815266,Mars,Galaxy SMOOTH DARK,Dark chocolates,United Kingdom,62.29,36.36,100.0,70.53,https://world.openfoodfacts.org/product/6294001815266/galaxy-smooth-dark-mars
UK_5000159561204,5000159561204,Mars,Minis mars Twix,"Caramel chocolate bars, Chocolate confectionery with dairy filling",United Kingdom,42.86,29.09,,75.0,https://world.openfoodfacts.org/product/5000159561204/minis-twix-mars
UK_0040000402657,0040000402657,"Mars, Mars Chocolat",M&M'S Pretzel,Bonbons,United Kingdom,75.6,72.73,80.77,75.0,https://world.openfoodfacts.org/product/0040000402657/m-m-s-pretzel-mars
UK_5000159557658,5000159557658,"Mars, Twix",Twix,"Chocolate candies, Bars, Biscuit with a milk chocolate bar covering",United Kingdom,39.05,23.64,,75.0,https://world.openfoodfacts.org/product/5000159557658/twix-10-pack-mars
UK_1056337905579,1056337905579,Mars,Mars Fruit And Nut,,United Kingdom,55.36,49.09,,70.0,https://world.openfoodfacts.org/product/1056337905579/mars-fruit-and-nut
UK_0040000473671,0040000473671,"Mars, Mars Chocolat",M &M'S Mint - M &M'S à La Menthe Et Chocolat Noir,Bonbons,United Kingdom,63.03,52.73,72.22,75.0,https://world.openfoodfacts.org/product/0040000473671/m-m-s-mint-m-m-s-a-la-menthe-et-chocolat-noir-mars
UK_5000159529044,5000159529044,Mars,TWIX SALTED CARAMEL,,United Kingdom,40.09,27.27,,70.0,https://world.openfoodfacts.org/product/5000159529044/twix-salted-caramel-mars
UK_5056357910498,5056357910498,Mars,Iced coffee mocha latte,,United Kingdom,71.91,72.73,,70.0,https://world.openfoodfacts.org/product/5056357910498/iced-coffee-mocha-latte-mars
UK_6294001830887,6294001830887,Mars,Snickers minis bars,,United Kingdom,40.09,27.27,,70.0,https://world.openfoodfacts.org/product/6294001830887/snickers-minis-bars-mars
UK_0040000544517,0040000544517,Mars,M&m's mini's,,United Kingdom,43.91,32.73,,70.0,https://world.openfoodfacts.org/product/0040000544517/m-m-s-mini-s-mars
UK_5056357999639,5056357999639,Mars,Protein Cookie,Biscuits,United Kingdom,54.09,47.27,,70.0,https://world.openfoodfacts.org/product/5056357999639/protein-cookie-mars
UK_5000159563574,5000159563574,Mars,Mars,"Chocolate candies, Bars",United Kingdom,60.45,56.36,,70.0,https://world.openfoodfacts.org/product/5000159563574/mars
UK_5020411121151,5020411121151,"Nutella, Ferrero",Nutella,Cocoa and hazelnuts spreads,United Kingdom,54.96,25.45,100.0,61.18,https://world.openfoodfacts.org/product/5020411121151/nutella-ferrero
UK_80177128,80177128,"Nutella, Ferrero",Nutella Hazelnut Spread With Cocoa,Cocoa and hazelnuts spreads,United Kingdom,59.76,30.91,100.0,71.5,https://world.openfoodfacts.org/product/80177128/nutella-hazelnut-spread-with-cocoa-ferrero
UK_5020411121281,5020411121281,Ferrero,Kinder Surprise,"Chocolate covered bars with milk and cereals, Milk chocolate bar, Milk chocolate molds",United Kingdom,55.24,21.82,100.0,71.64,https://world.openfoodfacts.org/product/5020411121281/kinder-surprise-ferrero
UK_8000500397459,8000500397459,Ferrero,Nutella,Cocoa and hazelnuts spreads,United Kingdom,55.58,25.45,100.0,64.25,https://world.openfoodfacts.org/product/8000500397459/nutella-ferrero
UK_8000500330067,8000500330067,"Tic Tac, Ferrero",tictac X-Fresh Strong Mint,Dragées,United Kingdom,77.19,67.27,100.0,67.77,https://world.openfoodfacts.org/product/8000500330067/tictac-x-fresh-strong-mint-ferrero
UK_5020411117413,5020411117413,Ferrero,Golden Easter,,United Kingdom,40.09,27.27,,70.0,https://world.openfoodfacts.org/product/5020411117413/golden-easter-ferrero
UK_8000500096017,8000500096017,Ferrero,kinder,,United Kingdom,55.54,21.82,100.0,73.16,https://world.openfoodfacts.org/product/8000500096017/kinder-ferrero
UK_80906438,80906438,Ferrero,Tic Tac Fruit Adventure,Confectioneries,United Kingdom,54.09,47.27,,70.0,https://world.openfoodfacts.org/product/80906438/tic-tac-fruit-adventure-ferrero
UK_2000000028573,2000000028573,"Kinder, Ferrero",Happy Hippo Cacao,"Confectioneries, Biscuits",United Kingdom,55.91,21.82,100.0,75.0,https://world.openfoodfacts.org/product/2000000028573/happy-hippo-cacao-kinder
UK_3017620401473,3017620401473,"Nutella, Ferrero",Pâte à tartiner aux noisettes et au cacao,Cocoa and hazelnuts spreads,United Kingdom,57.72,25.45,100.0,75.0,https://world.openfoodfacts.org/product/3017620401473/pate-a-tartiner-aux-noisettes-et-au-cacao-ferrero
UK_5020411117604,5020411117604,"Kinder, Ferrero",Mini Eggs,Milk chocolates,United Kingdom,36.27,21.82,,70.0,https://world.openfoodfacts.org/product/5020411117604/mini-eggs-kinder
UK_8000500144862,8000500144862,"Tic Tac, Ferrero",Bonbons tic tac goûts duo de fraises,Candies,United Kingdom,66.94,45.45,100.0,71.08,https://world.openfoodfacts.org/product/8000500144862/bonbons-tic-tac-gouts-duo-de-fraises-ferrero
UK_8000500167656,8000500167656,"Kinder, Ferrero",Kinder Country,Chocolate candies,United Kingdom,69.36,69.09,,70.0,https://world.openfoodfacts.org/product/8000500167656/kinder-chocolate-with-cereals
UK_8000500168554,8000500168554,"Ferrero, Grand ferrero rocher",Grand ferrero rocher moulage chocolat au lait avec eclats de noisettes 125 gr,Bonbons,United Kingdom,58.64,27.27,100.0,75.0,https://world.openfoodfacts.org/product/8000500168554/grand-ferrero-rocher
UK_8000500209806,8000500209806,"Kinder, Ferrero",Chocolate with cereals,"Chocolates, Candy chocolate bars",United Kingdom,54.49,23.64,100.0,63.35,https://world.openfoodfacts.org/product/8000500209806/chocolate-with-cereals-kinder
UK_80951216,80951216,Ferrero,Tic Tac Intense Mint,Candies,United Kingdom,67.62,47.27,100.0,69.94,https://world.openfoodfacts.org/product/80951216/tic-tac-intense-mint-ferrero
UK_42218678,42218678,"Kinder, Ferrero",kinder,,United Kingdom,80.47,72.73,100.0,70.54,https://world.openfoodfacts.org/product/42218678/kinder
UK_03677302,03677302,Ferrero,Nutella,,United Kingdom,26.09,7.27,,70.0,https://world.openfoodfacts.org/product/03677302/nutella-ferrero
UK_5060360506128,5060360506128,Danone,Activia Strawberry Yogurt,"Fruit bifidus yogurts, Strawberry yogurts",United Kingdom,79.54,69.09,100.0,75.0,https://world.openfoodfacts.org/product/5060360506128/activia-strawberry-yogurt-danone
UK_5060058330868,5060058330868,Danone,Actimel Immune Support,Yogurt drinks,United Kingdom,80.23,72.73,100.0,69.31,https://world.openfoodfacts.org/product/5060058330868/actimel-immune-support-danone
UK_5060360506166,5060360506166,Danone,Activia Rhubarb Yogurt,"Fruit bifidus yogurts, Rhubarb yogurts",United Kingdom,79.54,69.09,100.0,75.0,https://world.openfoodfacts.org/product/5060360506166/activia-rhubarb-yogurt-danone
UK_5060360508757,5060360508757,Danone,Fat Free Icelandic Style Strained Yoghurt,"Cow milk yogurts, Greek-style yogurts",United Kingdom,79.77,81.82,,75.0,https://world.openfoodfacts.org/product/5060360508757/fat-free-icelandic-style-strained-yoghurt-danone
UK_5411188082583,5411188082583,"alpro, Danone",Strawberry banana peach pear,"Fruit soy yogurts, Soy desserts",United Kingdom,83.18,76.36,100.0,75.0,https://world.openfoodfacts.org/product/5411188082583/strawberry-banana-peach-pear-danone
UK_5060360507873,5060360507873,Danone,Activia Gut Health,"Yogurts, Bifidus yogurts, Legit",United Kingdom,73.41,72.73,,75.0,https://world.openfoodfacts.org/product/5060360507873/activia-gut-health-danone
UK_5060360507590,5060360507590,"Danone, Danone GetPRO",GePPro 18g Chocolate Hazelnut Flavour Pudding,"Puddings, Yogurts, Chocolate desserts, Protein pudding",United Kingdom,85.16,81.82,100.0,71.27,https://world.openfoodfacts.org/product/5060360507590/geppro-18g-chocolate-hazelnut-flavour-pudding-danone
UK_5060058331735,5060058331735,Danone,Actimel Immune Support,"Yogurt drinks, Milk drinks fermented with L casei",United Kingdom,80.87,72.73,100.0,72.5,https://world.openfoodfacts.org/product/5060058331735/actimel-immune-support-danone
UK_5060360506180,5060360506180,Danone,Activia Cherry Fat Free Yogurt,"Fruit yogurts, Bifidus yogurts",United Kingdom,81.37,72.73,100.0,75.0,https://world.openfoodfacts.org/product/5060360506180/activia-cherry-fat-free-yogurt-danone
UK_5060360506203,5060360506203,Danone,Activia Peach Yogurt,Fruit bifidus yogurts,United Kingdom,81.37,72.73,100.0,75.0,https://world.openfoodfacts.org/product/5060360506203/activia-peach-yogurt-danone
UK_5060360501758,5060360501758,Danone,Light & Free delicious Strawberry Greek Style Yoghurt,"Fruit yogurts, Greek-style yogurts",United Kingdom,82.28,74.55,100.0,75.0,https://world.openfoodfacts.org/product/5060360501758/light-free-delicious-strawberry-greek-style-yoghurt-danone
UK_5060360500362,5060360500362,Danone,Chilled Yogurts and Desserts,Fermented milk drinks,United Kingdom,79.84,70.91,100.0,71.93,https://world.openfoodfacts.org/product/5060360500362/chilled-yogurts-and-desserts-danone
UK_5060360506302,5060360506302,Danone,Activia Blueberry Fusion,Fruit yogurts,United Kingdom,78.63,67.27,100.0,75.0,https://world.openfoodfacts.org/product/5060360506302/activia-blueberry-fusion-danone
UK_5016769993724,5016769993724,"Danone, Actimel",Multifruit x 8,Yogurt drinks,United Kingdom,79.92,70.91,100.0,72.31,https://world.openfoodfacts.org/product/5016769993724/multifruit-x-8-danone
UK_5060360501819,5060360501819,Danone,Free Peach Passion Fruit 0% Fat & 0% Added Sugar Yogurt 4 x,"Low-fat yogurts, Pear yogurts",United Kingdom,82.47,74.55,100.0,75.96,https://world.openfoodfacts.org/product/5060360501819/light-and-free-yoghurt-danone
UK_5060058333166,5060058333166,Danone,Actimel 0%,"Yogurt drinks, Milk drinks fermented with L casei, fermented-milk-drinks-with-sugar",United Kingdom,82.28,74.55,100.0,75.0,https://world.openfoodfacts.org/product/5060058333166/actimel-yogurt-drink-danone
UK_5060058333128,5060058333128,Danone,Actimel Immune Support,Yogurt drinks,United Kingdom,82.28,74.55,100.0,75.0,https://world.openfoodfacts.org/product/5060058333128/actimel-immune-support-danone
UK_5410146407024,5410146407024,Danone,Actimel Strawberry,"Yogurt drinks, Strawberry yogurts, Sweetened beverages",United Kingdom,80.15,72.73,100.0,68.94,https://world.openfoodfacts.org/product/5410146407024/actimel-strawberry-danone
UK_5060360508771,5060360508771,Danone,Icelandic Style Strained Yoghurt,"Yogurts, Icelandic Style Yoghurt",United Kingdom,79.77,81.82,,75.0,https://world.openfoodfacts.org/product/5060360508771/icelandic-style-strained-yoghurt-danone
UK_5060360507736,5060360507736,"Danone, Danone GetPRO",GetPro Banana Yoghurt,Flavoured yogurt drinks,United Kingdom,85.19,81.82,100.0,71.41,https://world.openfoodfacts.org/product/5060360507736/getpro-banana-yoghurt-danone
UK_5060058332152,5060058332152,Danone,Actimel strawberry 0% added sugar 0% fat,"Artificially sweetened beverages, Strawberry yogurt drinks",United Kingdom,82.28,74.55,100.0,75.0,https://world.openfoodfacts.org/product/5060058332152/actimel-strawberry-0-added-sugar-0-fat-danone
UK_5060058334057,5060058334057,Danone,Actimel Blueberry,Yogurt drinks,United Kingdom,71.16,70.91,,71.74,https://world.openfoodfacts.org/product/5060058334057/actimel-blueberry-danone
UK_5060360507750,5060360507750,Danone,GetPRO,Yogurts,United Kingdom,86.64,81.82,100.0,78.66,https://world.openfoodfacts.org/product/5060360507750/getpro-danone
UK_5060360508573,5060360508573,"Danone, Danone GetPRO",GetPRO Blueberry Yoghurt,Fruit yogurts,United Kingdom,84.85,81.82,100.0,69.72,https://world.openfoodfacts.org/product/5060360508573/getpro-blueberry-yoghurt-danone
UK_5060360508672,5060360508672,Danone,Skyr 0% Fat,Plain skyrs,United Kingdom,79.77,81.82,,75.0,https://world.openfoodfacts.org/product/5060360508672/skyr-0-fat-danone
UK_5060360508719,5060360508719,Danone,"Skyr Icelandic Style Yogurt 0% Fat, Strawberry",Yogurts,United Kingdom,75.73,78.18,,70.0,https://world.openfoodfacts.org/product/5060360508719/skyr-icelandic-style-yogurt-0-fat-strawberry-danone
UK_5060360501772,5060360501772,Danone,Light & Free Greek Style Yogurt Raspberry Razzle,Fruit yogurts,United Kingdom,83.18,76.36,100.0,75.0,https://world.openfoodfacts.org/product/5060360501772/light-free-greek-style-yogurt-raspberry-razzle-danone
UK_3057640535468,3057640535468,"Danone, Volvic, Volvic Touch of Fruit",Volvic touch of fruit,"Artificially sweetened beverages, Drinking water",United Kingdom,81.94,72.73,100.0,77.89,https://world.openfoodfacts.org/product/3057640535468/touch-of-fruit-mango-passion-sugar-free-volvic
UK_3057640492983,3057640492983,"Danone, Volvic, Volvic Touch of Fruit",Watermelon water,Flavored waters,United Kingdom,81.37,72.73,100.0,75.0,https://world.openfoodfacts.org/product/3057640492983/touch-of-fruit-watermelon-water-sugar-free-volvic
UK_3057640569043,3057640569043,"Danone, Volvic",Touch of Peach & Raspberry Sugar Free,"Artificially sweetened beverages, Flavored waters",United Kingdom,81.37,72.73,100.0,75.0,https://world.openfoodfacts.org/product/3057640569043/touch-of-peach-raspberry-sugar-free-volvic
UK_5060360506289,5060360506289,"Activia, Danone",Gut Health Strawberry,"Fruit bifidus yogurts, Strawberry yogurts",United Kingdom,81.37,72.73,100.0,75.0,https://world.openfoodfacts.org/product/5060360506289/gut-health-strawberry-activia
UK_5060058338888,5060058338888,Danone,Oykos Peach Luxury Greek Style Yogurt,Greek-style yogurts,United Kingdom,76.11,61.82,100.0,75.98,https://world.openfoodfacts.org/product/5060058338888/oykos-peach-luxury-greek-style-yogurt-danone
UK_5060360502410,5060360502410,Danone,Oykos Raspberry Greek Style Yogurt,Greek-style yogurts,United Kingdom,75.91,61.82,100.0,75.0,https://world.openfoodfacts.org/product/5060360502410/oykos-raspberry-greek-style-yogurt-danone
UK_3057640600128,3057640600128,"Danone, Volvic",Touch of Cherry Sugar Free,"Artificially sweetened beverages, Flavored waters",United Kingdom,81.37,72.73,100.0,75.0,https://world.openfoodfacts.org/product/3057640600128/touch-of-cherry-sugar-free-danone
UK_4064390508733,4064390508733,Danone,Fat Free Skyr,,United Kingdom,78.27,81.82,,70.0,https://world.openfoodfacts.org/product/4064390508733/fat-free-skyr-danone
UK_5060360509235,5060360509235,Danone,Activia Mango Kefir,Kefir,United Kingdom,78.71,69.09,100.0,70.81,https://world.openfoodfacts.org/product/5060360509235/activia-mango-kefir-danone
UK_5060360508832,5060360508832,Danone,Actimel,,United Kingdom,71.91,72.73,,70.0,https://world.openfoodfacts.org/product/5060360508832/actimel-danone
UK_5060360509051,5060360509051,Danone,Activia,Fruit yogurts,United Kingdom,73.41,72.73,,75.0,https://world.openfoodfacts.org/product/5060360509051/activia-danone
UK_5060360507637,5060360507637,Danone,Protein pudding,,United Kingdom,75.73,78.18,,70.0,https://world.openfoodfacts.org/product/5060360507637/protein-pudding-danone
UK_5060360505503,5060360505503,Danone,Actinel immune system,Yogurts,United Kingdom,81.37,72.73,100.0,75.0,https://world.openfoodfacts.org/product/5060360505503/actinel-immune-system-danone
UK_5900643015568,5900643015568,Danone,Danone biszkoptowy,,United Kingdom,64.27,61.82,,70.0,https://world.openfoodfacts.org/product/5900643015568/danone-biszkoptowy
UK_5060360507835,5060360507835,Danone,Unknown Product,Yogurts,United Kingdom,78.27,81.82,,70.0,https://world.openfoodfacts.org/product/5060360507835/danone
UK_5060360509112,5060360509112,Danone,Activia Yogurt with Mango,Yogurts,United Kingdom,79.54,69.09,100.0,75.0,https://world.openfoodfacts.org/product/5060360509112/activia-yogurt-with-mango-danone
UK_5060360505466,5060360505466,Danone,Actimel 100% Dairy Free Mango,"Yogurt drinks, Fermented plant-milk drinks",United Kingdom,75.82,74.55,,78.78,https://world.openfoodfacts.org/product/5060360505466/actimel-100-dairy-free-mango-danone
UK_5060360507651,5060360507651,Danone,GetPRO Chocolate Flavour,"Flavoured milks, Lactose free",United Kingdom,75.73,78.18,,70.0,https://world.openfoodfacts.org/product/5060360507651/getpro-chocolate-flavour-danone
UK_59052227,59052227,Danone,Danio smak waniliowy,Fermented dairy desserts,United Kingdom,79.54,69.09,100.0,75.0,https://world.openfoodfacts.org/product/59052227/danio-smak-waniliowy-danone
UK_5060360505480,5060360505480,"Danone, Actimel",Dairy free,Fermented plant-milk drinks,United Kingdom,83.7,74.55,100.0,82.11,https://world.openfoodfacts.org/product/5060360505480/dairy-free-actimel
UK_5060360507712,5060360507712,Danone,Protein mouse chocolate and Caramel - GetPro - GetPro,,United Kingdom,73.19,74.55,,70.0,https://world.openfoodfacts.org/product/5060360507712/protein-mouse-chocolate-and-caramel-getpro-getpro-danone
UK_5060360503363,5060360503363,"Activia, Danone",Activia fraise,,United Kingdom,69.36,69.09,,70.0,https://world.openfoodfacts.org/product/5060360503363/activia-fraise-danone
UK_5060058337003,5060058337003,Danone,Actimel immune system,,United Kingdom,41.36,29.09,,70.0,https://world.openfoodfacts.org/product/5060058337003/actimel-immune-system-danone
UK_5060360503509,5060360503509,Danone,Activia,Bifidus yogurts,United Kingdom,69.36,69.09,,70.0,https://world.openfoodfacts.org/product/5060360503509/activia-danone
UK_5060360507149,5060360507149,"Danone, Actimel",Actimel dairy free,,United Kingdom,73.19,74.55,,70.0,https://world.openfoodfacts.org/product/5060360507149/actimel-dairy-free-danone
UK_5060360503387,5060360503387,"Activia, Danone",rhubarb yogurt,"Bifidus yogurts, Rhubarb yogurts",United Kingdom,79.54,69.09,100.0,75.0,https://world.openfoodfacts.org/product/5060360503387/rhubarb-yogurt-danone
UK_5060360505138,5060360505138,Danone,Simply fruit,"Fruit yogurts, Variety packs",United Kingdom,71.91,72.73,,70.0,https://world.openfoodfacts.org/product/5060360505138/simply-fruit-danone
UK_5060360505015,5060360505015,Danone,Danone,,United Kingdom,71.91,72.73,,70.0,https://world.openfoodfacts.org/product/5060360505015/danone
UK_5060360505114,5060360505114,Danone,Danone simply fruit strawberry,Strawberry yogurts,United Kingdom,71.91,72.73,,70.0,https://world.openfoodfacts.org/product/5060360505114/danone-simply-fruit-strawberry
UK_5900643048405,5900643048405,Danone,Serek homogenizowany,,United Kingdom,69.36,69.09,,70.0,https://world.openfoodfacts.org/product/5900643048405/serek-homogenizowany-danone
UK_5060360506364,5060360506364,"Activia, Danone",Gut Health Yoghurt,"Fruit yogurts, Fruit bifidus yogurts",United Kingdom,69.36,69.09,,70.0,https://world.openfoodfacts.org/product/5060360506364/gut-health-yoghurt-danone
UK_3033491117084,3033491117084,"Activia, Danone",Activia 0% Fat Peach Yogurt,"Bifidus yogurts, Peach yogurts",United Kingdom,82.28,74.55,100.0,75.0,https://world.openfoodfacts.org/product/3033491117084/activia-0-fat-peach-yogurt
UK_5060360500164,5060360500164,"Activia, Danone",Activia Intensely Creamy Bursting Blueberry,Fruit bifidus yogurts,United Kingdom,79.54,69.09,100.0,75.0,https://world.openfoodfacts.org/product/5060360500164/activia-intensely-creamy-bursting-blueberry
UK_5060360501598,5060360501598,"Danone, Actimel",Actimel Kids,Milk drinks fermented with L casei,United Kingdom,81.37,72.73,100.0,75.0,https://world.openfoodfacts.org/product/5060360501598/actimel-kids-danone
UK_5060360501857,5060360501857,"Danone, Light & Free",Light &free,Fruit yogurts,United Kingdom,82.28,74.55,100.0,75.0,https://world.openfoodfacts.org/product/5060360501857/light-free
UK_5060360503240,5060360503240,"Activia, Danone",Activia Cherry,"Bifidus yogurts, Cherry yogurts",United Kingdom,81.37,72.73,100.0,75.0,https://world.openfoodfacts.org/product/5060360503240/activia-cherry-danone
UK_5060360503462,5060360503462,"Activia, Danone",Activia Blueberry,"Bifidus yogurts, Blueberry yogurts",United Kingdom,69.36,69.09,,70.0,https://world.openfoodfacts.org/product/5060360503462/activia-blueberry-danone
UK_5060360505091,5060360505091,Danone,Peach and ginger yoghurt,,United Kingdom,71.91,72.73,,70.0,https://world.openfoodfacts.org/product/5060360505091/peach-and-ginger-yoghurt-danone
UK_5060360506067,5060360506067,Danone,Raspberry yogurt,Yogurts with a fruit layer,United Kingdom,73.41,72.73,,75.0,https://world.openfoodfacts.org/product/5060360506067/raspberry-yogurt-danone
UK_5060360506692,5060360506692,Danone,Vanilla & Salted Caramel Flavour,,United Kingdom,78.27,81.82,,70.0,https://world.openfoodfacts.org/product/5060360506692/vanilla-salted-caramel-flavour-danone
UK_5941209009508,5941209009508,Danone,casa buna smantana 12% 370 g,Sour creams,United Kingdom,63.0,60.0,,70.0,https://world.openfoodfacts.org/product/5941209009508/casa-buna-smantana-12-370-g-danone
UK_5941209021548,5941209021548,Danone,smantana cremoasa danone,,United Kingdom,59.18,54.55,,70.0,https://world.openfoodfacts.org/product/5941209021548/smantana-cremoasa-danone
UK_5900643047651,5900643047651,Danone,Unknown Product,Yogurts,United Kingdom,70.64,70.91,,70.0,https://world.openfoodfacts.org/product/5900643047651/danone
UK_5900643048528,5900643048528,Danone,Danio serek waniliowy,,United Kingdom,72.14,70.91,,75.0,https://world.openfoodfacts.org/product/5900643048528/danio-serek-waniliowy-danone
UK_5060360507323,5060360507323,Danone,Activists Gut Health,Bifidus yogurts,United Kingdom,71.91,72.73,,70.0,https://world.openfoodfacts.org/product/5060360507323/activists-gut-health-danone
UK_3033491377006,3033491377006,"Danone, Danette, Danette creme dessert","Danette Chocolat, vanille & caramel","Refrigerated creamy puddings, Dairy chocolate desserts, Refrigerated chocolate creamy puddings, fr:Desserts lactés à la vanille",United Kingdom,78.63,67.27,100.0,75.0,https://world.openfoodfacts.org/product/3033491377006/danette-chocolat-vanille-caramel-danone
UK_5060360507675,5060360507675,Danone,Getpro Vanilla Protein drink,Milkshakes,United Kingdom,84.09,78.18,100.0,75.0,https://world.openfoodfacts.org/product/5060360507675/getpro-vanilla-protein-drink-danone
UK_3057640229138,3057640229138,"Danone, Volvic",Eau Volvic,"Unsweetened beverages, Natural mineral waters",United Kingdom,73.41,72.73,,75.0,https://world.openfoodfacts.org/product/3057640229138/eau-volvic-danone
UK_5060058331346,5060058331346,"Activia, Danone",Activia rhubarbe,"Fruit yogurts, Bifidus yogurts",United Kingdom,78.63,67.27,100.0,75.0,https://world.openfoodfacts.org/product/5060058331346/activia-rhubarbe-danone
UK_5060058333180,5060058333180,Danone,activa,,United Kingdom,69.36,69.09,,70.0,https://world.openfoodfacts.org/product/5060058333180/activa-danone
UK_5060058335528,5060058335528,"Activia, Danone",Rasberry yogurt,"Bifidus yogurts, Raspberry yogurts",United Kingdom,81.37,72.73,100.0,75.0,https://world.openfoodfacts.org/product/5060058335528/rasberry-yogurt-danone
UK_5060058332725,5060058332725,"Activia, Danone",Cereals 4 x (500g),"Yogurts with cereals, Bifidus yogurts",United Kingdom,78.63,67.27,100.0,75.0,https://world.openfoodfacts.org/product/5060058332725/cereals-4-x-500g-danone
UK_5060058331988,5060058331988,"Activia, Danone",Activia Prune,"Bifidus yogurts, Prune yogurts",United Kingdom,78.63,67.27,100.0,75.0,https://world.openfoodfacts.org/product/5060058331988/activia-prune-danone
UK_5060058339359,5060058339359,Danone,Danio Cherry,Yogurts high in protein on a fruit layer,United Kingdom,80.46,70.91,100.0,75.0,https://world.openfoodfacts.org/product/5060058339359/danio-cherry-danone
UK_5060058339373,5060058339373,Danone,Danio Raspberry,Yogurts high in protein on a fruit layer,United Kingdom,81.37,72.73,100.0,75.0,https://world.openfoodfacts.org/product/5060058339373/danio-raspberry-danone
UK_5060058339397,5060058339397,Danone,Danio Blueberry,Yogurts high in protein on a fruit layer,United Kingdom,82.28,74.55,100.0,75.0,https://world.openfoodfacts.org/product/5060058339397/danio-blueberry-danone
UK_5060360500768,5060360500768,Danone,Danio Cherry,Yogurts high in protein on a fruit layer,United Kingdom,82.59,74.55,100.0,76.56,https://world.openfoodfacts.org/product/5060360500768/danio-cherry-danone
UK_5060360500508,5060360500508,"Activia, Danone",Activia Blueberry & Acai,"Yogurts, Fruit bifidus yogurts",United Kingdom,68.09,67.27,,70.0,https://world.openfoodfacts.org/product/5060360500508/activia-blueberry-acai-danone
UK_5060360502571,5060360502571,"Danone, Light & Free",SKYR - Light & Free - blueberry blast,"Skyrs, Cream cheeses",United Kingdom,78.27,81.82,,70.0,https://world.openfoodfacts.org/product/5060360502571/skyr-light-free-blueberry-blast-danone
UK_3033491426179,3033491426179,Danone,Taillefine aux fruits 0% mat. Grasses,Low-fat yogurts,United Kingdom,82.52,74.55,100.0,76.2,https://world.openfoodfacts.org/product/3033491426179/taillefine-aux-fruits-0-mat-grasses-danone
UK_5060360502984,5060360502984,"Activia, Danone",Low fat yoghurt & cereal flakes,,United Kingdom,71.91,72.73,,70.0,https://world.openfoodfacts.org/product/5060360502984/low-fat-yoghurt-cereal-flakes-activia
UK_5060360502113,5060360502113,"Danone, Light & Free",Coconut Yoghurt 4X115G,Yogurts,United Kingdom,74.45,76.36,,70.0,https://world.openfoodfacts.org/product/5060360502113/coconut-yoghurt-4x115g-danone
UK_5060360504087,5060360504087,Danone,Fruit and veg shot,,United Kingdom,71.91,72.73,,70.0,https://world.openfoodfacts.org/product/5060360504087/fruit-and-veg-shot-danone
UK_5060360504100,5060360504100,Danone,Culture shot,,United Kingdom,71.91,72.73,,70.0,https://world.openfoodfacts.org/product/5060360504100/culture-shot-danone
UK_5060360504605,5060360504605,Danone,Kids,,United Kingdom,71.91,72.73,,70.0,https://world.openfoodfacts.org/product/5060360504605/kids-danone
UK_5060360504209,5060360504209,Danone,Activia probiotics,,United Kingdom,73.19,74.55,,70.0,https://world.openfoodfacts.org/product/5060360504209/activia-probiotics-danone
UK_5060360505039,5060360505039,Danone,Danone Natural yogurt,,United Kingdom,71.91,72.73,,70.0,https://world.openfoodfacts.org/product/5060360505039/danone-natural-yogurt
UK_5060360505152,5060360505152,Danone,Danone simply fruit & veg,,United Kingdom,71.91,72.73,,70.0,https://world.openfoodfacts.org/product/5060360505152/danone-simply-fruit-veg
UK_5060360505053,5060360505053,Danone,Simply Fruits & Veg,,United Kingdom,71.91,72.73,,70.0,https://world.openfoodfacts.org/product/5060360505053/simply-fruits-veg-danone
UK_20279264,20279264,"Danone, Ernte, Lidl, Norma",Schlachtkraut Debrecziner Art,,United Kingdom,37.55,23.64,,70.0,https://world.openfoodfacts.org/product/20279264/schlachtkraut-debrecziner-art-danone
UK_5449000109613,5449000109613,Sprite,Sprite Zero,Diet sodas,United Kingdom,81.37,72.73,100.0,75.0,https://world.openfoodfacts.org/product/5449000109613/sprite-zero
UK_5000112684650,5000112684650,Sprite,Sprite Zero,Sodas,United Kingdom,81.37,72.73,100.0,75.0,https://world.openfoodfacts.org/product/5000112684650/sprite-zero
UK_5000112575071,5000112575071,Sprite,Sprite,Sweetened beverages,United Kingdom,81.37,72.73,100.0,75.0,https://world.openfoodfacts.org/product/5000112575071/sprite
UK_5000112673999,5000112673999,Sprite,Sprite Lemon-Lime,,United Kingdom,71.91,72.73,,70.0,https://world.openfoodfacts.org/product/5000112673999/sprite-lemon-lime
UK_5449000116093,5449000116093,Sprite,Sprite Zero,,United Kingdom,71.91,72.73,,70.0,https://world.openfoodfacts.org/product/5449000116093/sprite-zero
UK_5449000132505,5449000132505,"Coca-Cola, Sprite",Sprite,"Sodas, Sweetened beverages",United Kingdom,81.37,72.73,100.0,75.0,https://world.openfoodfacts.org/product/5449000132505/sprite-1-75-coca-cola
UK_5000112629118,5000112629118,Sprite,sprite,,United Kingdom,71.91,72.73,,70.0,https://world.openfoodfacts.org/product/5000112629118/sprite
UK_5049000286064,5049000286064,Sprite,Limonade,,United Kingdom,70.64,70.91,,70.0,https://world.openfoodfacts.org/product/5049000286064/limonade-sprite
UK_41207109,41207109,Sprite,Sprite,,United Kingdom,81.37,72.73,100.0,75.0,https://world.openfoodfacts.org/product/41207109/sprite
UK_5000112658149,5000112658149,Sprite,Sprite Lemon-Lime 500ml,,United Kingdom,78.27,81.82,,70.0,https://world.openfoodfacts.org/product/5000112658149/sprite-lemon-lime-500ml
UK_5000112658156,5000112658156,Sprite,Sprite,,United Kingdom,71.91,72.73,,70.0,https://world.openfoodfacts.org/product/5000112658156/sprite
UK_5449000346469,5449000346469,Sprite,Chill Zero Sugar Mint,,United Kingdom,71.91,72.73,,70.0,https://world.openfoodfacts.org/product/5449000346469/chill-zero-sugar-mint-sprite
UK_5449000346513,5449000346513,Sprite,Sprite Zero Sugar Mint Chill,,United Kingdom,71.91,72.73,,70.0,https://world.openfoodfacts.org/product/5449000346513/sprite-zero-sugar-mint-chill
UK_5449000042101,5449000042101,Fanta,Fanta fruit twist,"Sodas, Sweetened beverages",United Kingdom,73.41,72.73,,75.0,https://world.openfoodfacts.org/product/5449000042101/fanta-fruit-twist
UK_5449000011527,5449000011527,"Fanta, Coca-Cola, The Coca-Cola Company","fanta Orange 0,33","Artificially sweetened beverages, Orange soft drinks",United Kingdom,81.37,72.73,100.0,75.0,https://world.openfoodfacts.org/product/5449000011527/fanta-orange-0-33
UK_40822938,40822938,Fanta,"Fanta 0,5","Artificially sweetened beverages, Orange soft drinks, Sweetened beverages",United Kingdom,81.37,72.73,100.0,75.0,https://world.openfoodfacts.org/product/40822938/fanta-orange
UK_54491397,54491397,Fanta,Fanta zero sugar orange,"Artificially sweetened beverages, Orange soft drinks, Or",United Kingdom,70.12,72.73,62.5,75.0,https://world.openfoodfacts.org/product/54491397/fanta-zero-sugar-orange
UK_5449000004840,5449000004840,"Fanta, Coca-Cola",Fanta Naranja,"Artificially sweetened beverages, Orange soft drinks, Carbonated fruit soft drink with less than 10% of fruit juice, Sweetened beverages, fr:Boisson gazeuse aux fruits avec moins de 20 % de jus non sucrée avec édulcorants",United Kingdom,81.37,72.73,100.0,75.0,https://world.openfoodfacts.org/product/5449000004840/fanta-orange
UK_5449000006004,5449000006004,"Fanta, Coca-Cola, The Coca-Cola Company",Fanta Limón,"Fruits and vegetables based foods, Artificially sweetened beverages, Lemon soft drinks, Sweetened beverages",United Kingdom,81.37,72.73,100.0,75.0,https://world.openfoodfacts.org/product/5449000006004/fanta-limon
UK_54493957,54493957,Fanta,Fanta Fruit Twist 500 Ml,"Artificially sweetened beverages, Fruit sodas, Sweetened beverages",United Kingdom,81.78,72.73,100.0,77.07,https://world.openfoodfacts.org/product/54493957/fanta-fruit-twist-500-ml
UK_5449000006011,5449000006011,"Fanta, Coca-Cola",Fanta Lemon 2ltr,"Lemon soft drinks, Sweetened beverages",United Kingdom,81.37,72.73,100.0,75.0,https://world.openfoodfacts.org/product/5449000006011/fanta-lemon-2ltr
UK_5449000120984,5449000120984,"Fanta, Coca-Cola",Fanta Orange Zero,"Artificially sweetened beverages, Orange soft drinks, Sweetened beverages",United Kingdom,81.52,72.73,100.0,75.76,https://world.openfoodfacts.org/product/5449000120984/fanta-orange-zero
UK_54492578,54492578,Fanta,Fanta Orange Mini Can,"Artificially sweetened beverages, Orange soft drinks, Sweetened beverages",United Kingdom,81.37,72.73,100.0,75.0,https://world.openfoodfacts.org/product/54492578/fanta-orange-mini-can
UK_5449000089359,5449000089359,Fanta,Pineapple And Grapefruit Soda,Artificially sweetened beverages,United Kingdom,80.68,70.91,100.0,76.11,https://world.openfoodfacts.org/product/5449000089359/pineapple-and-grapefruit-soda-fanta
UK_5449000335319,5449000335319,Fanta,Tutti Frutti: Zero Sugar,,United Kingdom,81.37,72.73,100.0,75.0,https://world.openfoodfacts.org/product/5449000335319/tutti-frutti-zero-sugar-fanta
UK_5449000042156,5449000042156,Fanta,Fanta Fruit Twist 2ltr,"Artificially sweetened beverages, Fruit sodas, Sweetened beverages",United Kingdom,81.85,72.73,100.0,77.45,https://world.openfoodfacts.org/product/5449000042156/fanta-fruit-twist-2ltr
UK_42358367,42358367,Fanta,FANT fruitwist 40,Sweetened beverages,United Kingdom,81.87,72.73,100.0,77.52,https://world.openfoodfacts.org/product/42358367/fant-fruitwist-40-fanta
UK_5000112673630,5000112673630,Fanta,Apple Zero Sugar,,United Kingdom,71.91,72.73,,70.0,https://world.openfoodfacts.org/product/5000112673630/fanta-apple-zero-sugar
UK_5449000149015,5449000149015,Fanta,Lemon,,United Kingdom,70.64,70.91,,70.0,https://world.openfoodfacts.org/product/5449000149015/lemon-fanta
UK_5000112684537,5000112684537,Fanta,Orange,,United Kingdom,70.64,70.91,,70.0,https://world.openfoodfacts.org/product/5000112684537/orange-fanta
UK_27563571,27563571,Fanta,Fruity & tangy pineapple juice,Juice,United Kingdom,70.86,69.09,,75.0,https://world.openfoodfacts.org/product/27563571/fruity-tangy-pineapple-juice-fanta
UK_5449000090485,5449000090485,Fanta,Fanta zero pineapple & grapefruit,Carbonated drinks,United Kingdom,81.72,72.73,100.0,76.77,https://world.openfoodfacts.org/product/5449000090485/fanta-zero-pineapple-grapefruit
UK_21107443,21107443,"Aldi, Asda, Fanta",Fanta Lemon,Sodas,United Kingdom,73.41,72.73,,75.0,https://world.openfoodfacts.org/product/21107443/fanta-lemon-aldi
UK_5449000284228,5449000284228,Fanta,Fanta,,United Kingdom,68.09,67.27,,70.0,https://world.openfoodfacts.org/product/5449000284228/fanta
UK_5000112673944,5000112673944,Fanta,Pineapple & Grapefruit,"Artificially sweetened beverages, Fruit sodas, Carbonated fruit soft drink, Sweetened beverages",United Kingdom,80.81,70.91,100.0,76.77,https://world.openfoodfacts.org/product/5000112673944/pineapple-grapefruit-fanta
UK_5000112677324,5000112677324,Fanta,Raspberry Zero Sugar,Carbonated fruit soft drink,United Kingdom,81.66,72.73,100.0,76.46,https://world.openfoodfacts.org/product/5000112677324/raspberry-zero-sugar-fanta
UK_5449000341846,5449000341846,Fanta,Fanta Forest Berries Flavour,"Artificially sweetened beverages, Sodas",United Kingdom,81.64,72.73,100.0,76.39,https://world.openfoodfacts.org/product/5449000341846/fanta-forest-berries-flavour
UK_54492493,54492493,Fanta,Fanta lemon 500ml,"Artificially sweetened beverages, Lemon soft drinks, Sweetened beverages",United Kingdom,81.37,72.73,100.0,75.0,https://world.openfoodfacts.org/product/54492493/fanta-lemon-500ml
UK_5000112662009,5000112662009,Fanta,Fanta,"Sodas, Sweetened beverages",United Kingdom,71.91,72.73,,70.0,https://world.openfoodfacts.org/product/5000112662009/fanta
UK_5000112661965,5000112661965,Fanta,red fanta,Sodas,United Kingdom,71.91,72.73,,70.0,https://world.openfoodfacts.org/product/5000112661965/red-fanta
UK_5449000009524,5449000009524,Fanta,What the fanta,Sodas,United Kingdom,71.91,72.73,,70.0,https://world.openfoodfacts.org/product/5449000009524/what-the-fanta
UK_5449000295804,5449000295804,Fanta,Fanta,Artificially sweetened beverages,United Kingdom,80.29,72.73,96.43,75.0,https://world.openfoodfacts.org/product/5449000295804/fanta
UK_5000112661958,5000112661958,Fanta,Fanta fruit twist,,United Kingdom,73.19,74.55,,70.0,https://world.openfoodfacts.org/product/5000112661958/fanta-fruit-twist
UK_5000112662238,5000112662238,Fanta,Fanta Pineapple & Grapefruit,,United Kingdom,70.64,70.91,,70.0,https://world.openfoodfacts.org/product/5000112662238/fanta-pineapple-grapefruit
UK_5449000119056,5449000119056,Fanta,Fanta Shokata,"Fruit sodas, Sweetened beverages",United Kingdom,79.54,69.09,100.0,75.0,https://world.openfoodfacts.org/product/5449000119056/fanta-shokata
UK_5000112628944,5000112628944,Fanta,Fanta Fruit Twist,,United Kingdom,70.64,70.91,,70.0,https://world.openfoodfacts.org/product/5000112628944/fanta-fruit-twist
UK_5000112546521,5000112546521,Fanta,Fanta fruit twist,,United Kingdom,70.64,70.91,,70.0,https://world.openfoodfacts.org/product/5000112546521/fanta-fruit-twist
UK_5449000138316,5449000138316,Fanta,#WhatTheFanta,,United Kingdom,81.57,72.73,100.0,76.02,https://world.openfoodfacts.org/product/5449000138316/whatthefanta-fanta
UK_5000112546507,5000112546507,Fanta,Fanta,,United Kingdom,70.64,70.91,,70.0,https://world.openfoodfacts.org/product/5000112546507/fanta
UK_5449000218162,5449000218162,Fanta,Bílé hrozno,"Fruit-based beverages, Artificially sweetened beverages, Sodas",United Kingdom,75.96,70.91,85.0,75.0,https://world.openfoodfacts.org/product/5449000218162/fanta-white-grape
UK_5449000045317,5449000045317,Fanta,Fanta,,United Kingdom,70.64,70.91,,70.0,https://world.openfoodfacts.org/product/5449000045317/fanta
UK_5449000307859,5449000307859,Fanta,Fanta,Diet sodas,United Kingdom,71.91,72.73,,70.0,https://world.openfoodfacts.org/product/5449000307859/fanta
UK_5449000036766,5449000036766,Fanta,Watermelon Fanta Zero,,United Kingdom,71.91,72.73,,70.0,https://world.openfoodfacts.org/product/5449000036766/watermelon-fanta-zero
UK_5000112662672,5000112662672,Fanta,Lemon,,United Kingdom,71.91,72.73,,70.0,https://world.openfoodfacts.org/product/5000112662672/lemon-fanta
UK_5449000330932,5449000330932,Fanta,Afterlife (Apple Zero Sugar),,United Kingdom,80.39,72.73,95.83,76.39,https://world.openfoodfacts.org/product/5449000330932/afterlife-apple-zero-sugar-fanta
UK_5449000215789,5449000215789,Fanta,Fanta Orange,"Artificially sweetened beverages, Carbonated fruit soft drink, Orange soft drinks, Sweetened beverages",United Kingdom,81.74,72.73,100.0,76.89,https://world.openfoodfacts.org/product/5449000215789/fanta-orange
UK_5449000096968,5449000096968,Fanta,Apple & Sour Cherry,"Artificially sweetened beverages, Fruit sodas, Sweetened beverages",United Kingdom,70.64,70.91,,70.0,https://world.openfoodfacts.org/product/5449000096968/apple-sour-cherry-fanta
UK_5000112631593,5000112631593,Fanta,Fanta fruit twist,,United Kingdom,70.64,70.91,,70.0,https://world.openfoodfacts.org/product/5000112631593/fanta-fruit-twist
UK_5449000265197,5449000265197,"Fanta, Coco Coka",Fanta,,United Kingdom,71.91,72.73,,70.0,https://world.openfoodfacts.org/product/5449000265197/fanta
UK_5000112639605,5000112639605,Fanta,Fanta Grape,"Fruit-based beverages, Sodas",United Kingdom,71.91,72.73,,70.0,https://world.openfoodfacts.org/product/5000112639605/fanta-grape
UK_4062400027908,4062400027908,"Fanta, Sierra",Fanta Lemon,,United Kingdom,71.91,72.73,,70.0,https://world.openfoodfacts.org/product/4062400027908/fanta-lemon-sierra
UK_5000112644869,5000112644869,Fanta,Fanta Orange 500ml,Orange soft drinks,United Kingdom,70.64,70.91,,70.0,https://world.openfoodfacts.org/product/5000112644869/fanta-orange-500ml
UK_5000112599718,5000112599718,Fanta,Fruit twist,,United Kingdom,70.64,70.91,,70.0,https://world.openfoodfacts.org/product/5000112599718/fruit-twist-fanta
UK_5000112599466,5000112599466,Fanta,Fanta,,United Kingdom,70.64,70.91,,70.0,https://world.openfoodfacts.org/product/5000112599466/fanta
UK_5449000285737,5449000285737,Fanta,fanta raspberry,,United Kingdom,71.91,72.73,,70.0,https://world.openfoodfacts.org/product/5449000285737/fanta-raspberry
UK_5449000230553,5449000230553,Fanta,Fanta exotic,,United Kingdom,71.91,72.73,,70.0,https://world.openfoodfacts.org/product/5449000230553/fanta-exotic
UK_5000112650037,5000112650037,Fanta,Fanta zero sugar,,United Kingdom,71.91,72.73,,70.0,https://world.openfoodfacts.org/product/5000112650037/fanta-zero-sugar
UK_5000112649918,5000112649918,"Fanta, Coca-Cola",Fanta fruit ywisy,Sweetened beverages,United Kingdom,70.64,70.91,,70.0,https://world.openfoodfacts.org/product/5000112649918/fanta-fruit-ywisy
UK_5000112644876,5000112644876,Fanta,Fanta Grape,,United Kingdom,71.91,72.73,,70.0,https://world.openfoodfacts.org/product/5000112644876/fanta-grape
UK_5000112649901,5000112649901,Fanta,fanta grape,Sodas,United Kingdom,71.91,72.73,,70.0,https://world.openfoodfacts.org/product/5000112649901/fanta-grape
UK_0048256215106,0048256215106,Fanta,fanta fruit twist,,United Kingdom,71.91,72.73,,70.0,https://world.openfoodfacts.org/product/0048256215106/fanta-fruit-twist
UK_36009053,36009053,Fanta,Fanta,Beverages,United Kingdom,70.64,70.91,,70.0,https://world.openfoodfacts.org/product/36009053/fanta
UK_5449000309433,5449000309433,Fanta,Fanta,Beverages,United Kingdom,71.91,72.73,,70.0,https://world.openfoodfacts.org/product/5449000309433/fanta
UK_5449000309426,5449000309426,Fanta,Fanta Strawberry & Kiwi,Sodas,United Kingdom,71.91,72.73,,70.0,https://world.openfoodfacts.org/product/5449000309426/fanta-strawberry-kiwi
UK_5000112552119,5000112552119,Fanta,Fanta orange,"Artificially sweetened beverages, Orange soft drinks, Sweetened beverages",United Kingdom,81.82,72.73,100.0,77.27,https://world.openfoodfacts.org/product/5000112552119/fanta-orange
UK_5449000309563,5449000309563,Fanta,Guess the flavour,,United Kingdom,71.91,72.73,,70.0,https://world.openfoodfacts.org/product/5449000309563/guess-the-flavour-fanta
UK_5449000308122,5449000308122,Fanta,What the Fanta,,United Kingdom,71.91,72.73,,70.0,https://world.openfoodfacts.org/product/5449000308122/what-the-fanta
UK_5000112552133,5000112552133,Fanta,Fanta twiat,,United Kingdom,70.64,70.91,,70.0,https://world.openfoodfacts.org/product/5000112552133/fanta-twiat
UK_5449000285799,5449000285799,Fanta,Fanta raspberry,,United Kingdom,71.91,72.73,,70.0,https://world.openfoodfacts.org/product/5449000285799/fanta-raspberry
UK_5000112650723,5000112650723,Fanta,Fanta Orange,"Fruit sodas, Sweetened beverages",United Kingdom,70.64,70.91,,70.0,https://world.openfoodfacts.org/product/5000112650723/fanta-orange
UK_5449000308146,5449000308146,Fanta,Fanta Cherry,,United Kingdom,71.91,72.73,,70.0,https://world.openfoodfacts.org/product/5449000308146/fanta-cherry
UK_5449000156990,5449000156990,Fanta,Fanta,,United Kingdom,71.91,72.73,,70.0,https://world.openfoodfacts.org/product/5449000156990/fanta
UK_5449000106889,5449000106889,Fanta,Fanta Pineapple & Grapefruit 2ltr,Fruit sodas,United Kingdom,70.64,70.91,,70.0,https://world.openfoodfacts.org/product/5449000106889/fanta-pineapple-grapefruit-2ltr
UK_5000112519877,5000112519877,Fanta,Fanta Raspberry zero sugar,,United Kingdom,71.91,72.73,,70.0,https://world.openfoodfacts.org/product/5000112519877/fanta-raspberry-zero-sugar
UK_5942321000213,5942321000213,"Fanta, Coca Cola",Fanta Madness 2 l,"Sodas, Sweetened beverages",United Kingdom,80.46,70.91,100.0,75.0,https://world.openfoodfacts.org/product/5942321000213/fanta-madness-2-l
UK_5449000029423,5449000029423,Fanta,Fanta Orange 8pk,"Carbonated fruit soft drink, Orange soft drinks",United Kingdom,81.65,72.73,100.0,76.44,https://world.openfoodfacts.org/product/5449000029423/fanta-orange-8pk
UK_5000112661996,5000112661996,Fanta,Fanta,Sweetened beverages,United Kingdom,71.91,72.73,,70.0,https://world.openfoodfacts.org/product/5000112661996/fanta
UK_5449000011312,5449000011312,Fanta,Fanta orange,,United Kingdom,70.64,70.91,,70.0,https://world.openfoodfacts.org/product/5449000011312/fanta-orange
UK_5000112631586,5000112631586,Fanta,Fanta Orange,Orange soft drinks,United Kingdom,70.64,70.91,,70.0,https://world.openfoodfacts.org/product/5000112631586/fanta-orange
UK_5000112649932,5000112649932,Fanta,Fanta Orange,"Artificially sweetened beverages, Fruit sodas, Sweetened beverages",United Kingdom,80.83,70.91,100.0,76.89,https://world.openfoodfacts.org/product/5000112649932/fanta-orange
UK_5000112658071,5000112658071,Fanta,Fanta,Sodas,United Kingdom,71.91,72.73,,70.0,https://world.openfoodfacts.org/product/5000112658071/fanta
UK_54012226,54012226,Fanta,Fanta raspberry zero sugar,,United Kingdom,71.91,72.73,,70.0,https://world.openfoodfacts.org/product/54012226/fanta-raspberry-zero-sugar
UK_5449000330949,5449000330949,Fanta,Afterlife,,United Kingdom,71.91,72.73,,70.0,https://world.openfoodfacts.org/product/5449000330949/afterlife-fanta
UK_5000112642711,5000112642711,Fanta,Fanta zero sugar raspberry taste,,United Kingdom,68.09,67.27,,70.0,https://world.openfoodfacts.org/product/5000112642711/fanta-zero-sugar-raspberry-taste
UK_5000112673739,5000112673739,Fanta,Apple lychee zero,Beverages,United Kingdom,78.87,72.73,91.67,75.0,https://world.openfoodfacts.org/product/5000112673739/apple-lychee-zero-fanta
UK_5000112676143,5000112676143,Fanta,Exotic,Sodas,United Kingdom,70.64,70.91,,70.0,https://world.openfoodfacts.org/product/5000112676143/exotic-fanta
UK_6954767493473,6954767493473,Fanta,Fanta Pineapple,,United Kingdom,70.64,70.91,,70.0,https://world.openfoodfacts.org/product/6954767493473/fanta-pineapple
UK_5449000029249,5449000029249,Fanta,Orange Zero,,United Kingdom,71.91,72.73,,70.0,https://world.openfoodfacts.org/product/5449000029249/orange-zero-fanta
UK_5000112673968,5000112673968,Fanta,Orange Zero Sugar,,United Kingdom,71.91,72.73,,70.0,https://world.openfoodfacts.org/product/5000112673968/orange-zero-sugar-fanta
UK_5000112673845,5000112673845,Fanta,Fruit Twist,,United Kingdom,71.91,72.73,,70.0,https://world.openfoodfacts.org/product/5000112673845/fruit-twist-fanta
UK_5000112673975,5000112673975,Fanta,Fruit Twist,,United Kingdom,71.91,72.73,,70.0,https://world.openfoodfacts.org/product/5000112673975/fruit-twist-fanta
UK_5449000333766,5449000333766,Fanta,Fanta Zero Rapsberry,,United Kingdom,71.91,72.73,,70.0,https://world.openfoodfacts.org/product/5449000333766/fanta-zero-rapsberry
UK_5000112684520,5000112684520,Fanta,fanta orange,,United Kingdom,73.41,72.73,,75.0,https://world.openfoodfacts.org/product/5000112684520/fanta-orange
UK_5000112684780,5000112684780,Fanta,Fanta fruit twist,"Artificially sweetened beverages, Fruit sodas, Sweetened beverages",United Kingdom,82.63,72.73,100.0,81.35,https://world.openfoodfacts.org/product/5000112684780/fanta-fruit-twist
UK_5449000343734,5449000343734,Fanta,Forest Berries Flavour Drink Zero Sugar,,United Kingdom,71.91,72.73,,70.0,https://world.openfoodfacts.org/product/5449000343734/forest-berries-flavour-drink-zero-sugar-fanta
UK_5000112687965,5000112687965,Fanta,Fanta lemon,,United Kingdom,71.91,72.73,,70.0,https://world.openfoodfacts.org/product/5000112687965/fanta-lemon
UK_5000112685404,5000112685404,Fanta,Fanta Lemon,,United Kingdom,81.37,72.73,100.0,75.0,https://world.openfoodfacts.org/product/5000112685404/fanta-lemon
UK_5000112685411,5000112685411,Fanta,lemon,,United Kingdom,81.37,72.73,100.0,75.0,https://world.openfoodfacts.org/product/5000112685411/lemon-fanta
UK_5449000348494,5449000348494,Fanta,Fanta Mango Flavour,Sodas with exotic fruits,United Kingdom,81.37,72.73,100.0,75.0,https://world.openfoodfacts.org/product/5449000348494/fanta-mango-flavour
